person_id,person_name,wikidata_qid,wikidata_label,match_status,occupation_group,occupation_labels,occupation_ids,source_url,confidence,notes
hf-famous-0001-a-a-gill,A. A. Gill,Q4647471,A. A. Gill,exact_en_label_match,writer_media,journalist;writer,Q1930187;Q36180,https://www.wikidata.org/wiki/Q4647471,medium,Exact English label match against Wikidata human items; verify ambiguous names before final product display.
hf-famous-0002-a-j-antoon,A. J. Antoon,Q4647882,A. J. Antoon,exact_en_label_match,entertainer,theatre director,Q3387717,https://www.wikidata.org/wiki/Q4647882,medium,Exact English label match against Wikidata human items; verify ambiguous names before final product display.
hf-famous-0003-a-j-cronin,A. J. Cronin,Q179059,A. J. Cronin,exact_en_label_match,entertainer,author;autobiographer;essayist;novelist;physician;physician writer;playwright;prose writer;screenwriter;surgeon,Q11774202;Q12144794;Q18814623;Q214917;Q28389;Q39631;Q482980;Q551835;Q6625963;Q774306,https://www.wikidata.org/wiki/Q179059,medium,Exact English label match against Wikidata human items; verify ambiguous names before final product display.
hf-famous-0004-a-j-foyt,A. J. Foyt,Q173228,A. J. Foyt,exact_en_label_match,sports,Formula One driver;NASCAR team owner;racing automobile driver,Q10349745;Q10841764;Q17614049,https://www.wikidata.org/wiki/Q173228,medium,Exact English label match against Wikidata human items; verify ambiguous names before final product display.
hf-famous-0005-a-spencer-paterson,A. Spencer Paterson,,,no_exact_en_label_match,wikidata_not_found,,,https://www.wikidata.org/,low,No exact English-label Wikidata human match in batch query.
hf-famous-0006-aaron-eckhart,Aaron Eckhart,Q192643,Aaron Eckhart,exact_en_label_match,entertainer,actor;film actor;film producer;television actor,Q10798782;Q10800557;Q3282637;Q33999,https://www.wikidata.org/wiki/Q192643,medium,Exact English label match against Wikidata human items; verify ambiguous names before final product display.
hf-famous-0007-aaron-pryor,Aaron Pryor,Q1385420,Aaron Pryor,exact_en_label_match,sports,boxer,Q11338576,https://www.wikidata.org/wiki/Q1385420,medium,Exact English label match against Wikidata human items; verify ambiguous names before final product display.
hf-famous-0008-aaron-spelling,Aaron Spelling,Q295080,Aaron Spelling,exact_en_label_match,entertainer,actor;director;executive producer;film producer;screenwriter;television producer,Q1053574;Q28389;Q3282637;Q33999;Q3455803;Q578109,https://www.wikidata.org/wiki/Q295080,medium,Exact English label match against Wikidata human items; verify ambiguous names before final product display.
hf-famous-0009-aaron-stanford,Aaron Stanford,Q302786,Aaron Stanford,exact_en_label_match,entertainer,actor;film actor;film producer;television actor,Q10798782;Q10800557;Q3282637;Q33999,https://www.wikidata.org/wiki/Q302786,medium,Exact English label match against Wikidata human items; verify ambiguous names before final product display.
hf-famous-0010-aart-van-der-leeuw,Aart Van der Leeuw,Q524770,Aart van der Leeuw,search_birth_date_match,writer_media,poet;writer,Q36180;Q49757,https://www.wikidata.org/wiki/Q524770,high,Wikidata search result accepted only because birth year or birth date matched the seed row.
hf-famous-0011-abb-fou-r,Abbé Fouéré,Q2824845,Adolphe Julien Fouéré,search_birth_date_match,arts,Catholic priest;sculptor,Q1281618;Q250867,https://www.wikidata.org/wiki/Q2824845,high,Wikidata search result accepted only because birth year or birth date matched the seed row.
hf-famous-0012-abb-pierre,Abbé Pierre,Q306933,Abbé Pierre,exact_en_label_match,politics,Catholic military chaplain;Catholic priest;French resistance fighter;politician,Q105228881;Q23833535;Q250867;Q82955,https://www.wikidata.org/wiki/Q306933,medium,Exact English label match against Wikidata human items; verify ambiguous names before final product display.
hf-famous-0013-abd-al-malik,Abd Al Malik,Q2420980,Abd al Malik,search_birth_date_match,entertainer,film director;poet;rapper;recording artist;singer-songwriter;writer,Q2252262;Q2526255;Q36180;Q488205;Q49757;Q55960555,https://www.wikidata.org/wiki/Q2420980,high,Wikidata search result accepted only because birth year or birth date matched the seed row.
hf-famous-0014-abdecamai-moussali,Abdecamai Moussali,,,no_exact_en_label_match,wikidata_not_found,,,https://www.wikidata.org/,low,No exact English-label Wikidata human match in batch query.
hf-famous-0015-abdon-alinovi,Abdon Alinovi,Q3603368,Abdon Alinovi,exact_en_label_match,politics,politician,Q82955,https://www.wikidata.org/wiki/Q3603368,medium,Exact English label match against Wikidata human items; verify ambiguous names before final product display.
hf-famous-0016-abdulrahman-al,Abdulrahman al,,,no_exact_en_label_match,wikidata_not_found,,,https://www.wikidata.org/,low,No exact English-label Wikidata human match in batch query.
hf-famous-0017-abel-bonnard,Abel Bonnard,Q318391,Abel Bonnard,exact_en_label_match,politics,diarist;novelist;poet;politician;writer,Q18939491;Q36180;Q49757;Q6625963;Q82955,https://www.wikidata.org/wiki/Q318391,medium,Exact English label match against Wikidata human items; verify ambiguous names before final product display.
hf-famous-0018-abel-chennouf,Abel Chennouf,Q124871426,Abel Chennouf,exact_en_label_match,public_figure_other,soldier,Q4991371,https://www.wikidata.org/wiki/Q124871426,medium,Exact English label match against Wikidata human items; verify ambiguous names before final product display.
hf-famous-0019-abel-gance,Abel Gance,Q313572,Abel Gance,exact_en_label_match,entertainer,film actor;film director;film editor;film producer;screenwriter,Q10800557;Q2526255;Q28389;Q3282637;Q7042855,https://www.wikidata.org/wiki/Q313572,medium,Exact English label match against Wikidata human items; verify ambiguous names before final product display.
hf-famous-0020-abigail-brittany-hensel,Abigail & Brittany Hensel,,,no_exact_en_label_match,wikidata_not_found,,,https://www.wikidata.org/,low,No exact English-label Wikidata human match in batch query.
hf-famous-0021-abigail-folger,Abigail Folger,Q321114,Abigail Folger,exact_en_label_match,business,entrepreneur;social worker;socialite,Q131524;Q512314;Q7019111,https://www.wikidata.org/wiki/Q321114,medium,Exact English label match against Wikidata human items; verify ambiguous names before final product display.
hf-famous-0022-abigail-gustafson,Abigail Gustafson,,,no_exact_en_label_match,wikidata_not_found,,,https://www.wikidata.org/,low,No exact English-label Wikidata human match in batch query.
hf-famous-0023-abigail-johnson,Abigail Johnson,Q321125,Abigail Johnson,exact_en_label_match,business,basketball player;business executive;businessperson;chief executive officer;researcher,Q1650915;Q2961975;Q3665646;Q43845;Q484876,https://www.wikidata.org/wiki/Q321125,medium,Exact English label match against Wikidata human items; verify ambiguous names before final product display.
hf-famous-0024-abigail-voska,Abigail Voska,,,no_exact_en_label_match,wikidata_not_found,,,https://www.wikidata.org/,low,No exact English-label Wikidata human match in batch query.
hf-famous-0025-abijah-cheever,Abijah Cheever,Q16199829,Abijah Cheever,exact_en_label_match,politics,politician;surgeon,Q774306;Q82955,https://www.wikidata.org/wiki/Q16199829,medium,Exact English label match against Wikidata human items; verify ambiguous names before final product display.
hf-famous-0026-abimael-guzman,Abimael Guzman,Q321322,Abimael Guzmán,search_birth_date_match,science_academia,philosopher;terrorist;university teacher,Q12414919;Q1622272;Q4964182,https://www.wikidata.org/wiki/Q321322,high,Wikidata search result accepted only because birth year or birth date matched the seed row.
hf-famous-0027-abner-biberman,Abner Biberman,Q129386,Abner Biberman,exact_en_label_match,entertainer,film actor;film director;screenwriter;television director,Q10800557;Q2059704;Q2526255;Q28389,https://www.wikidata.org/wiki/Q129386,medium,Exact English label match against Wikidata human items; verify ambiguous names before final product display.
hf-famous-0028-abraham-j-dreiseszun,Abraham J. Dreiseszun,,,no_exact_en_label_match,wikidata_not_found,,,https://www.wikidata.org/,low,No exact English-label Wikidata human match in batch query.
hf-famous-0029-abraham-kasparian,Abraham Kasparian,Q65049839,Abraham Kasparian,exact_en_label_match,politics,politician,Q82955,https://www.wikidata.org/wiki/Q65049839,medium,Exact English label match against Wikidata human items; verify ambiguous names before final product display.
hf-famous-0030-accardo-salvatore,Accardo Salvatore,,,no_exact_en_label_match,wikidata_not_found,,,https://www.wikidata.org/,low,No exact English-label Wikidata human match in batch query.
hf-famous-0031-achille-compagnoni,Achille Compagnoni,Q386889,Achille Compagnoni,exact_en_label_match,sports,biathlete;explorer;mountaineer;ski mountaineer,Q11900058;Q16029547;Q19801627;Q9149093,https://www.wikidata.org/wiki/Q386889,medium,Exact English label match against Wikidata human items; verify ambiguous names before final product display.
hf-famous-0032-achille-michallon,Achille Michallon,Q944962,Achille Etna Michallon,search_birth_date_match,arts,painter,Q1028181,https://www.wikidata.org/wiki/Q944962,high,Wikidata search result accepted only because birth year or birth date matched the seed row.
hf-famous-0033-achille-occhetto,Achille Occhetto,Q340239,Achille Occhetto,exact_en_label_match,politics,politician,Q82955,https://www.wikidata.org/wiki/Q340239,medium,Exact English label match against Wikidata human items; verify ambiguous names before final product display.
hf-famous-0034-achille-paysant,Achille Paysant,Q2823090,Achille Paysant,exact_en_label_match,writer_media,poet,Q49757,https://www.wikidata.org/wiki/Q2823090,medium,Exact English label match against Wikidata human items; verify ambiguous names before final product display.
hf-famous-0035-achille-silvestrini,Achille Silvestrini,Q340251,Achille Silvestrini,exact_en_label_match,politics,Catholic priest;Catholic theologian;archbishop;diplomat;theologian,Q1234713;Q193391;Q250867;Q49476;Q98833890,https://www.wikidata.org/wiki/Q340251,medium,Exact English label match against Wikidata human items; verify ambiguous names before final product display.
hf-famous-0036-achille-van-acker,Achille Van Acker,Q14997,Achille Van Acker,exact_en_label_match,politics,politician,Q82955,https://www.wikidata.org/wiki/Q14997,medium,Exact English label match against Wikidata human items; verify ambiguous names before final product display.
hf-famous-0037-ada-negri,Ada Negri,Q346250,Ada Negri,exact_en_label_match,writer_media,essayist;literary scholar;painter;poet;writer,Q1028181;Q11774202;Q36180;Q49757;Q6673651,https://www.wikidata.org/wiki/Q346250,medium,Exact English label match against Wikidata human items; verify ambiguous names before final product display.
hf-famous-0038-adam-goldberg,Adam Goldberg,Q281964,Adam Goldberg,exact_en_label_match,entertainer,American football player;actor;composer;director;film actor;film director;film editor;film producer;musician;researcher;screenwriter;television actor;voice actor,Q10798782;Q10800557;Q1650915;Q19204627;Q2405480;Q2526255;Q28389;Q3282637;Q33999;Q3455803;Q36834;Q639669;Q7042855,https://www.wikidata.org/wiki/Q281964,medium,Exact English label match against Wikidata human items; verify ambiguous names before final product display.
hf-famous-0039-adam-heinrich-m-ller,Adam Heinrich Müller,Q63176,Adam Müller,search_birth_date_match,politics,economist;literary critic;opinion journalist;philosopher;politician;writer,Q188094;Q36180;Q4263842;Q4964182;Q6051619;Q82955,https://www.wikidata.org/wiki/Q63176,high,Wikidata search result accepted only because birth year or birth date matched the seed row.
hf-famous-0040-adam-paterson-ingram,Adam Paterson Ingram,Q350602,Adam Ingram,search_birth_date_match,politics,politician;trade unionist,Q15627169;Q82955,https://www.wikidata.org/wiki/Q350602,high,Wikidata search result accepted only because birth year or birth date matched the seed row.
hf-famous-0041-adam-petty,Adam Petty,Q350619,Adam Petty,exact_en_label_match,sports,motorcycle racer;racing automobile driver,Q10349745;Q3014296,https://www.wikidata.org/wiki/Q350619,medium,Exact English label match against Wikidata human items; verify ambiguous names before final product display.
hf-famous-0042-adam-timmerman,Adam Timmerman,Q4679902,Adam Timmerman,exact_en_label_match,sports,American football player,Q19204627,https://www.wikidata.org/wiki/Q4679902,medium,Exact English label match against Wikidata human items; verify ambiguous names before final product display.
hf-famous-0043-adele-bloemendaal,Adele Bloemendaal,Q2528769,Adèle Bloemendaal,search_birth_date_match,entertainer,cabaret performer;film actor;singer;television actor,Q10798782;Q10800557;Q15214752;Q177220,https://www.wikidata.org/wiki/Q2528769,high,Wikidata search result accepted only because birth year or birth date matched the seed row.
hf-famous-0044-adele-gerhard,Adele Gerhard,Q354430,Adele Gerhard,exact_en_label_match,writer_media,writer,Q36180,https://www.wikidata.org/wiki/Q354430,medium,Exact English label match against Wikidata human items; verify ambiguous names before final product display.
hf-famous-0045-adeline-blondieau,Adeline Blondieau,Q2824208,Adeline Blondieau,exact_en_label_match,entertainer,actor;screenwriter;writer,Q28389;Q33999;Q36180,https://www.wikidata.org/wiki/Q2824208,medium,Exact English label match against Wikidata human items; verify ambiguous names before final product display.
hf-famous-0046-adelio-ferrero,Adelio Ferrero,Q56433816,Adelio Ferrero,exact_en_label_match,entertainer,film critic,Q4220892,https://www.wikidata.org/wiki/Q56433816,medium,Exact English label match against Wikidata human items; verify ambiguous names before final product display.
hf-famous-0047-adger-w-cowans,Adger W. Cowans,Q26695649,Adger W. Cowans,exact_en_label_match,arts,painter;photographer,Q1028181;Q33231,https://www.wikidata.org/wiki/Q26695649,medium,Exact English label match against Wikidata human items; verify ambiguous names before final product display.
hf-famous-0048-adlai-e-iii-stevenson,Adlai E. III Stevenson,,,no_exact_en_label_match,wikidata_not_found,,,https://www.wikidata.org/,low,No exact English-label Wikidata human match in batch query.
hf-famous-0049-adolf-bastian,Adolf Bastian,Q58793,Adolf Bastian,exact_en_label_match,writer_media,anthropologist;explorer;psychologist;university teacher;writer,Q11900058;Q1622272;Q212980;Q36180;Q4773904,https://www.wikidata.org/wiki/Q58793,medium,Exact English label match against Wikidata human items; verify ambiguous names before final product display.
hf-famous-0050-adolf-butenandt,Adolf Butenandt,Q5327,Adolf Butenandt,exact_en_label_match,politics,biochemist;chemist;politician;university teacher,Q1622272;Q2919046;Q593644;Q82955,https://www.wikidata.org/wiki/Q5327,medium,Exact English label match against Wikidata human items; verify ambiguous names before final product display.
hf-famous-0051-adolf-eichmann,Adolf Eichmann,Q28085,Adolf Eichmann,exact_en_label_match,public_figure_other,Holocaust perpetrator,Q134499738,https://www.wikidata.org/wiki/Q28085,medium,Exact English label match against Wikidata human items; verify ambiguous names before final product display.
hf-famous-0052-adolf-galland,Adolf Galland,Q57166,Adolf Galland,exact_en_label_match,public_figure_other,aircraft pilot;military personnel,Q2095549;Q47064,https://www.wikidata.org/wiki/Q57166,medium,Exact English label match against Wikidata human items; verify ambiguous names before final product display.
hf-famous-0053-adolf-heusinger,Adolf Heusinger,Q60337,Adolf Heusinger,exact_en_label_match,public_figure_other,adviser;career soldier;military officer,Q189290;Q2994387;Q829064,https://www.wikidata.org/wiki/Q60337,medium,Exact English label match against Wikidata human items; verify ambiguous names before final product display.
hf-famous-0054-adolf-hitler,Adolf Hitler,Q352,Adolf Hitler,exact_en_label_match,politics,Holocaust perpetrator;politician,Q134499738;Q82955,https://www.wikidata.org/wiki/Q352,medium,Exact English label match against Wikidata human items; verify ambiguous names before final product display.
hf-famous-0055-adolf-hugo-dietzel,Adolf Hugo Dietzel,,,no_exact_en_label_match,wikidata_not_found,,,https://www.wikidata.org/,low,No exact English-label Wikidata human match in batch query.
hf-famous-0056-adolf-reichwein,Adolf Reichwein,Q78422,Adolf Reichwein,exact_en_label_match,public_figure_other,economist;pedagogue;resistance fighter;secondary school teacher;university teacher,Q1231865;Q1397808;Q1622272;Q188094;Q5758653,https://www.wikidata.org/wiki/Q78422,medium,Exact English label match against Wikidata human items; verify ambiguous names before final product display.
hf-famous-0057-adolfh-freiherr-knigge,Adolfh Freiherr Knigge,,,no_exact_en_label_match,wikidata_not_found,,,https://www.wikidata.org/,low,No exact English-label Wikidata human match in batch query.
hf-famous-0058-adolfo-bardini,Adolfo Bardini,,,no_exact_en_label_match,wikidata_not_found,,,https://www.wikidata.org/,low,No exact English-label Wikidata human match in batch query.
hf-famous-0059-adolfo-celi,Adolfo Celi,Q365044,Adolfo Celi,exact_en_label_match,entertainer,actor;film actor;film director;film producer;stage actor;television actor,Q10798782;Q10800557;Q2259451;Q2526255;Q3282637;Q33999,https://www.wikidata.org/wiki/Q365044,medium,Exact English label match against Wikidata human items; verify ambiguous names before final product display.
hf-famous-0060-adolf-von-baeyer,Adolf von Baeyer,Q57078,Adolf von Baeyer,exact_en_label_match,public_figure_other,chemist;university teacher,Q1622272;Q593644,https://www.wikidata.org/wiki/Q57078,medium,Exact English label match against Wikidata human items; verify ambiguous names before final product display.
hf-famous-0061-adolf-von-hildebrand,Adolf von Hildebrand,Q364808,Adolf von Hildebrand,exact_en_label_match,arts,architect;sculptor;university teacher,Q1281618;Q1622272;Q42973,https://www.wikidata.org/wiki/Q364808,medium,Exact English label match against Wikidata human items; verify ambiguous names before final product display.
hf-famous-0062-adolph-kiefer,Adolph Kiefer,Q365414,Adolph Kiefer,exact_en_label_match,business,businessperson;inventor;swimmer,Q10843402;Q205375;Q43845,https://www.wikidata.org/wiki/Q365414,medium,Exact English label match against Wikidata human items; verify ambiguous names before final product display.
hf-famous-0063-adolph-kolping,Adolph Kolping,Q60619,Adolph Kolping,exact_en_label_match,politics,Catholic priest;social activist;theologian,Q1234713;Q250867;Q8359428,https://www.wikidata.org/wiki/Q60619,medium,Exact English label match against Wikidata human items; verify ambiguous names before final product display.
hf-famous-0064-adolph-wagner,Adolph Wagner,Q58845,Adolph Wagner,exact_en_label_match,politics,author;economist;editor;politician;statistician;university teacher,Q1607826;Q1622272;Q188094;Q2732142;Q482980;Q82955,https://www.wikidata.org/wiki/Q58845,medium,Exact English label match against Wikidata human items; verify ambiguous names before final product display.
hf-famous-0065-adolphe-charles-adam,Adolphe Charles Adam,Q189544,Adolphe Adam,search_birth_date_match,entertainer,composer;critic;music critic;music educator;pianist,Q1350157;Q16145150;Q36834;Q486748;Q6430706,https://www.wikidata.org/wiki/Q189544,high,Wikidata search result accepted only because birth year or birth date matched the seed row.
hf-famous-0066-adolphe-dugl-r,Adolphe Dugléré,Q2824816,Adolphe Dugléré,exact_en_label_match,public_figure_other,chef;cook,Q156839;Q3499072,https://www.wikidata.org/wiki/Q2824816,medium,Exact English label match against Wikidata human items; verify ambiguous names before final product display.
hf-famous-0067-adolphe-francois-appia,Adolphe Francois Appia,Q124077,Adolphe Appia,search_birth_date_match,writer_media,architect;theatre designer;writer,Q11613590;Q36180;Q42973,https://www.wikidata.org/wiki/Q124077,high,Wikidata search result accepted only because birth year or birth date matched the seed row.
hf-famous-0068-adolphe-jaureguy,Adolphe Jaureguy,Q2824849,Adolphe Jauréguy,search_birth_date_match,sports,rugby union player,Q14089670,https://www.wikidata.org/wiki/Q2824849,high,Wikidata search result accepted only because birth year or birth date matched the seed row.
hf-famous-0069-adolphe-monticelli,Adolphe Monticelli,Q1152965,Adolphe Joseph Thomas Monticelli,search_birth_date_match,arts,painter,Q1028181,https://www.wikidata.org/wiki/Q1152965,high,Wikidata search result accepted only because birth year or birth date matched the seed row.
hf-famous-0070-adolphe-niel,Adolphe Niel,Q115701,Adolphe Niel,exact_en_label_match,politics,military engineer;military personnel;politician,Q151197;Q47064;Q82955,https://www.wikidata.org/wiki/Q115701,medium,Exact English label match against Wikidata human items; verify ambiguous names before final product display.
hf-famous-0071-adolphe-sax,Adolphe Sax,Q181995,Adolphe Sax,exact_en_label_match,entertainer,inventor;music educator;musical instrument maker;musician;university teacher,Q16145150;Q1622272;Q1955150;Q205375;Q639669,https://www.wikidata.org/wiki/Q181995,medium,Exact English label match against Wikidata human items; verify ambiguous names before final product display.
hf-famous-0072-adolphe-thiers,Adolphe Thiers,Q5738,Adolphe Thiers,exact_en_label_match,sports,architect;historian;journalist;lawyer;politician;sport cyclist;writer,Q1930187;Q201788;Q2309784;Q36180;Q40348;Q42973;Q82955,https://www.wikidata.org/wiki/Q5738,medium,Exact English label match against Wikidata human items; verify ambiguous names before final product display.
hf-famous-0073-adolphe-willette,Adolphe Willette,Q365874,Adolphe Willette,search_birth_date_match,writer_media,caricaturist;designer;draftsperson;graphic artist;illustrator;lithographer;painter;writer,Q1028181;Q15296811;Q16947657;Q1925963;Q36180;Q3658608;Q5322166;Q644687,https://www.wikidata.org/wiki/Q365874,high,Wikidata search result accepted only because birth year or birth date matched the seed row.
hf-famous-0074-adolphe-yvon,Adolphe Yvon,Q365891,Adolphe Yvon,exact_en_label_match,arts,drawing teacher;painter;portraitist;professeur des universités,Q1028181;Q10429561;Q21178131;Q28004591,https://www.wikidata.org/wiki/Q365891,medium,Exact English label match against Wikidata human items; verify ambiguous names before final product display.
hf-famous-0075-adolphr-thedore-brongniart,Adolphr Thedore Brongniart,,,no_exact_en_label_match,wikidata_not_found,,,https://www.wikidata.org/,low,No exact English-label Wikidata human match in batch query.
hf-famous-0076-adolphus-busch,Adolphus Busch,Q214501,Adolphus Busch I,search_birth_date_match,business,entrepreneur,Q131524,https://www.wikidata.org/wiki/Q214501,high,Wikidata search result accepted only because birth year or birth date matched the seed row.
hf-famous-0077-adone-stellin,Adone Stellin,Q2824948,Adone Stellin,exact_en_label_match,sports,association football player,Q937857,https://www.wikidata.org/wiki/Q2824948,medium,Exact English label match against Wikidata human items; verify ambiguous names before final product display.
hf-famous-0078-adopted-illegally-maria,Adopted illegally: Maria,,,no_exact_en_label_match,wikidata_not_found,,,https://www.wikidata.org/,low,No exact English-label Wikidata human match in batch query.
hf-famous-0079-adrian-pasdar,Adrian Pasdar,Q311303,Adrian Pasdar,exact_en_label_match,entertainer,actor;composer;film actor;film director;television actor;voice actor,Q10798782;Q10800557;Q2405480;Q2526255;Q33999;Q36834,https://www.wikidata.org/wiki/Q311303,medium,Exact English label match against Wikidata human items; verify ambiguous names before final product display.
hf-famous-0080-adriana-asti,Adriana Asti,Q374855,Adriana Asti,exact_en_label_match,entertainer,actor;film actor;stage actor,Q10800557;Q2259451;Q33999,https://www.wikidata.org/wiki/Q374855,medium,Exact English label match against Wikidata human items; verify ambiguous names before final product display.
hf-famous-0081-adriana-benetti,Adriana Benetti,Q3605648,Adriana Benetti,exact_en_label_match,entertainer,actor;teacher,Q33999;Q37226,https://www.wikidata.org/wiki/Q3605648,medium,Exact English label match against Wikidata human items; verify ambiguous names before final product display.
hf-famous-0082-adriana-lima,Adriana Lima,Q151866,Adriana Lima,exact_en_label_match,entertainer,model,Q4610556,https://www.wikidata.org/wiki/Q151866,medium,Exact English label match against Wikidata human items; verify ambiguous names before final product display.
hf-famous-0083-adriano-bassetto,Adriano Bassetto,Q1318350,Adriano Bassetto,exact_en_label_match,sports,association football coach;association football player,Q628099;Q937857,https://www.wikidata.org/wiki/Q1318350,medium,Exact English label match against Wikidata human items; verify ambiguous names before final product display.
hf-famous-0084-adriano-buzzati,Adriano Buzzati,Q3605708,Adriano Buzzati-Traverso,search_birth_date_match,public_figure_other,botanist;geneticist;university teacher,Q1622272;Q2374149;Q3126128,https://www.wikidata.org/wiki/Q3605708,high,Wikidata search result accepted only because birth year or birth date matched the seed row.
hf-famous-0085-adriano-celentano,Adriano Celentano,Q199943,Adriano Celentano,exact_en_label_match,entertainer,actor;comedian;composer;director;film actor;film director;film editor;film producer;film score composer;guitarist;manufacturer;presenter;public figure;recording artist;screenwriter;singer;singer-songwriter;television presenter,Q10800557;Q13235160;Q13590141;Q1415090;Q177220;Q245068;Q2526255;Q28389;Q3282637;Q33999;Q3455803;Q36834;Q488205;Q55960555;Q662729;Q7042855;Q855091;Q947873,https://www.wikidata.org/wiki/Q199943,medium,Exact English label match against Wikidata human items; verify ambiguous names before final product display.
hf-famous-0086-adriano-giannini,Adriano Giannini,Q1077542,Adriano Giannini,exact_en_label_match,entertainer,actor;dub actor;film actor;television actor,Q10798782;Q10800557;Q11481802;Q33999,https://www.wikidata.org/wiki/Q1077542,medium,Exact English label match against Wikidata human items; verify ambiguous names before final product display.
hf-famous-0087-adriano-olivetti,Adriano Olivetti,Q2755047,Adriano Olivetti,exact_en_label_match,business,architect;businessperson;engineer;entrepreneur;politician,Q131524;Q42973;Q43845;Q81096;Q82955,https://www.wikidata.org/wiki/Q2755047,medium,Exact English label match against Wikidata human items; verify ambiguous names before final product display.
hf-famous-0088-adriano-peixoto,Adriano Peixoto,,,no_exact_en_label_match,wikidata_not_found,,,https://www.wikidata.org/,low,No exact English-label Wikidata human match in batch query.
hf-famous-0089-adriano-sofri,Adriano Sofri,Q376016,Adriano Sofri,exact_en_label_match,politics,journalist;political activist;politician;writer,Q11499147;Q1930187;Q36180;Q82955,https://www.wikidata.org/wiki/Q376016,medium,Exact English label match against Wikidata human items; verify ambiguous names before final product display.
hf-famous-0090-adrianus-roland-holst,Adrianus Roland Holst,Q2272398,Adriaan Roland Holst,search_birth_date_match,writer_media,poet;writer,Q36180;Q49757,https://www.wikidata.org/wiki/Q2272398,high,Wikidata search result accepted only because birth year or birth date matched the seed row.
hf-famous-0091-adrien-anneet,Adrien Anneet,Q376726,Adrien Anneet,exact_en_label_match,sports,boxer,Q11338576,https://www.wikidata.org/wiki/Q376726,medium,Exact English label match against Wikidata human items; verify ambiguous names before final product display.
hf-famous-0092-adrien-bertrand,Adrien Bertrand,Q2825131,Adrien Bertrand,exact_en_label_match,writer_media,journalist;literary critic;novelist;poet;writer,Q1930187;Q36180;Q4263842;Q49757;Q6625963,https://www.wikidata.org/wiki/Q2825131,medium,Exact English label match against Wikidata human items; verify ambiguous names before final product display.
hf-famous-0093-adrien-duvillard,Adrien Duvillard,Q355710,Adrien Duvillard,exact_en_label_match,sports,alpine skier,Q4144610,https://www.wikidata.org/wiki/Q355710,medium,Exact English label match against Wikidata human items; verify ambiguous names before final product display.
hf-famous-0094-adrien-fainsilber,Adrien Fainsilber,Q377030,Adrien Fainsilber,exact_en_label_match,arts,architect;university teacher;urban planner,Q131062;Q1622272;Q42973,https://www.wikidata.org/wiki/Q377030,medium,Exact English label match against Wikidata human items; verify ambiguous names before final product display.
hf-famous-0095-adrien-morillas,Adrien Morillas,Q4685650,Adrien Morillas,exact_en_label_match,sports,motorcycle racer,Q3014296,https://www.wikidata.org/wiki/Q4685650,medium,Exact English label match against Wikidata human items; verify ambiguous names before final product display.
hf-famous-0096-adrien-de-gerlache,Adrien de Gerlache,Q336591,Adrien de Gerlache,exact_en_label_match,politics,diplomat;explorer;naval officer,Q10669499;Q11900058;Q193391,https://www.wikidata.org/wiki/Q336591,medium,Exact English label match against Wikidata human items; verify ambiguous names before final product display.
hf-famous-0097-adrienne-frantz,Adrienne Frantz,Q253334,Adrienne Frantz,exact_en_label_match,entertainer,actor;film actor;singer;songwriter;television actor,Q10798782;Q10800557;Q177220;Q33999;Q753110,https://www.wikidata.org/wiki/Q253334,medium,Exact English label match against Wikidata human items; verify ambiguous names before final product display.
hf-famous-0098-adrienne-rich,Adrienne Rich,Q270705,Adrienne Rich,exact_en_label_match,politics,essayist;peace activist;poet;women's rights activist;writer,Q11774202;Q16323111;Q28692502;Q36180;Q49757,https://www.wikidata.org/wiki/Q270705,medium,Exact English label match against Wikidata human items; verify ambiguous names before final product display.
hf-famous-0099-adua-pavarotti,Adua Pavarotti,,,no_exact_en_label_match,wikidata_not_found,,,https://www.wikidata.org/,low,No exact English-label Wikidata human match in batch query.
hf-famous-0100-ad-le-exarchopoulos,Adèle Exarchopoulos,Q2825427,Adèle Exarchopoulos,exact_en_label_match,entertainer,actor;film actor;model,Q10800557;Q33999;Q4610556,https://www.wikidata.org/wiki/Q2825427,medium,Exact English label match against Wikidata human items; verify ambiguous names before final product display.
hf-famous-0101-afro,Afro,Q47465052,Afro,exact_en_label_match,public_figure_other,mangaka,Q191633,https://www.wikidata.org/wiki/Q47465052,medium,Exact English label match against Wikidata human items; verify ambiguous names before final product display.
hf-famous-0102-aga-muhlach,Aga Muhlach,Q1869913,Aga Muhlach,exact_en_label_match,entertainer,actor;comedian;model;politician;television actor,Q10798782;Q245068;Q33999;Q4610556;Q82955,https://www.wikidata.org/wiki/Q1869913,medium,Exact English label match against Wikidata human items; verify ambiguous names before final product display.
hf-famous-0103-agatha-christie,Agatha Christie,Q35064,Agatha Christie,exact_en_label_match,writer_media,crime fiction writer;novelist;writer,Q10297252;Q36180;Q6625963,https://www.wikidata.org/wiki/Q35064,medium,Exact English label match against Wikidata human items; verify ambiguous names before final product display.
hf-famous-0104-agenore-incrocci,Agenore Incrocci,Q392644,Agenore Incrocci,exact_en_label_match,entertainer,film actor;film director;film screenwriter;journalist;screenwriter,Q10800557;Q1930187;Q2526255;Q28389;Q69423232,https://www.wikidata.org/wiki/Q392644,medium,Exact English label match against Wikidata human items; verify ambiguous names before final product display.
hf-famous-0105-agnes-anne-abbot,Agnes Anne Abbot,Q52156915,Agnes Anne Abbot,exact_en_label_match,arts,artist,Q483501,https://www.wikidata.org/wiki/Q52156915,medium,Exact English label match against Wikidata human items; verify ambiguous names before final product display.
hf-famous-0106-agnes-rankin,Agnes Rankin,Q101110594,Agnes Rankin,exact_en_label_match,wikidata_no_occupation,,,https://www.wikidata.org/wiki/Q101110594,medium,Exact English label match against Wikidata human items; verify ambiguous names before final product display.
hf-famous-0107-agn-s-b,Agnès B.,Q2827013,Agnès Troublé,search_birth_year_match,entertainer,art collector;fashion designer;film director;film producer;personal stylist,Q10732476;Q2526255;Q3282637;Q3501317;Q3610436,https://www.wikidata.org/wiki/Q2827013,medium,Wikidata search result accepted only because birth year or birth date matched the seed row.
hf-famous-0108-agn-s-capri,Agnès Capri,Q2826975,Agnès Capri,exact_en_label_match,entertainer,actor;film actor;singer,Q10800557;Q177220;Q33999,https://www.wikidata.org/wiki/Q2826975,medium,Exact English label match against Wikidata human items; verify ambiguous names before final product display.
hf-famous-0109-agn-s-jaoui,Agnès Jaoui,Q240521,Agnès Jaoui,exact_en_label_match,entertainer,director;film actor;film director;screenwriter;singer;stage actor;writer,Q10800557;Q177220;Q2259451;Q2526255;Q28389;Q3455803;Q36180,https://www.wikidata.org/wiki/Q240521,medium,Exact English label match against Wikidata human items; verify ambiguous names before final product display.
hf-famous-0110-agn-s-letestu,Agnès Letestu,Q395118,Agnès Letestu,exact_en_label_match,entertainer,ballet dancer;choreographer,Q2490358;Q805221,https://www.wikidata.org/wiki/Q395118,medium,Exact English label match against Wikidata human items; verify ambiguous names before final product display.
hf-famous-0111-agn-s-marin,Agnès Marin,Q64682486,Agnès Marin,exact_en_label_match,public_figure_other,schoolchild,Q48942,https://www.wikidata.org/wiki/Q64682486,medium,Exact English label match against Wikidata human items; verify ambiguous names before final product display.
hf-famous-0112-agn-s-soral,Agnès Soral,Q395124,Agnès Soral,exact_en_label_match,entertainer,actor;film actor;film director;stage actor,Q10800557;Q2259451;Q2526255;Q33999,https://www.wikidata.org/wiki/Q395124,medium,Exact English label match against Wikidata human items; verify ambiguous names before final product display.
hf-famous-0113-agn-s-varda,Agnès Varda,Q229990,Agnès Varda,exact_en_label_match,entertainer,documentarian;film director;photographer;plastic artist;screenwriter,Q11814411;Q2526255;Q28389;Q33231;Q98552221,https://www.wikidata.org/wiki/Q229990,medium,Exact English label match against Wikidata human items; verify ambiguous names before final product display.
hf-famous-0114-agop-haira,Agop Haira,,,no_exact_en_label_match,wikidata_not_found,,,https://www.wikidata.org/,low,No exact English-label Wikidata human match in batch query.
hf-famous-0115-agostina-belli,Agostina Belli,Q395511,Agostina Belli,exact_en_label_match,entertainer,film actor,Q10800557,https://www.wikidata.org/wiki/Q395511,medium,Exact English label match against Wikidata human items; verify ambiguous names before final product display.
hf-famous-0116-agostino-abbagnale,Agostino Abbagnale,Q395556,Agostino Abbagnale,exact_en_label_match,public_figure_other,rower,Q13382576,https://www.wikidata.org/wiki/Q395556,medium,Exact English label match against Wikidata human items; verify ambiguous names before final product display.
hf-famous-0117-agostino-cacciavillan,Agostino Cacciavillan,Q127937,Agostino Cacciavillan,exact_en_label_match,politics,Catholic priest;diplomat,Q193391;Q250867,https://www.wikidata.org/wiki/Q127937,medium,Exact English label match against Wikidata human items; verify ambiguous names before final product display.
hf-famous-0118-agostino-richelmy,Agostino Richelmy,Q3606815,Agostino Richelmy,exact_en_label_match,entertainer,Catholic bishop;Catholic priest;poet;screenwriter,Q250867;Q28389;Q49757;Q611644,https://www.wikidata.org/wiki/Q3606815,medium,Exact English label match against Wikidata human items; verify ambiguous names before final product display.
hf-famous-0119-aguigui-mouna,Aguigui Mouna,Q2827334,Aguigui Mouna,exact_en_label_match,science_academia,environmentalist;philosopher;tramp,Q1965933;Q3578589;Q4964182,https://www.wikidata.org/wiki/Q2827334,medium,Exact English label match against Wikidata human items; verify ambiguous names before final product display.
hf-famous-0120-aida-amoretti,Aida Amoretti,,,no_exact_en_label_match,wikidata_not_found,,,https://www.wikidata.org/,low,No exact English-label Wikidata human match in batch query.
hf-famous-0121-aidan-daley-mitchell,Aidan Daley Mitchell,Q403885,Aidan Mitchell,search_birth_date_match,entertainer,film actor;stage actor;television actor,Q10798782;Q10800557;Q2259451,https://www.wikidata.org/wiki/Q403885,high,Wikidata search result accepted only because birth year or birth date matched the seed row.
hf-famous-0122-aidan-solomon,Aidan Solomon,,,no_exact_en_label_match,wikidata_not_found,,,https://www.wikidata.org/,low,No exact English-label Wikidata human match in batch query.
hf-famous-0123-aileen-mcgillivary,Aileen McGillivary,,,no_exact_en_label_match,wikidata_not_found,,,https://www.wikidata.org/,low,No exact English-label Wikidata human match in batch query.
hf-famous-0124-aimable,Aimable,Q2827988,Aimable,exact_en_label_match,entertainer,musician,Q639669,https://www.wikidata.org/wiki/Q2827988,medium,Exact English label match against Wikidata human items; verify ambiguous names before final product display.
hf-famous-0125-aime-auguste-cotton,Aime Auguste Cotton,Q405699,Aimé Cotton,search_birth_date_match,public_figure_other,Esperantist;French resistance fighter;physicist;university teacher,Q1622272;Q169470;Q23833535;Q860918,https://www.wikidata.org/wiki/Q405699,high,Wikidata search result accepted only because birth year or birth date matched the seed row.
hf-famous-0126-aime-etienne-jacquet,Aime Etienne Jacquet,,,no_exact_en_label_match,wikidata_not_found,,,https://www.wikidata.org/,low,No exact English-label Wikidata human match in batch query.
hf-famous-0127-aime-felix-pyat,Aime Felix Pyat,,,no_exact_en_label_match,wikidata_not_found,,,https://www.wikidata.org/,low,No exact English-label Wikidata human match in batch query.
hf-famous-0128-aime-girard,Aime Girard,,,no_exact_en_label_match,wikidata_not_found,,,https://www.wikidata.org/,low,No exact English-label Wikidata human match in batch query.
hf-famous-0129-aime-jules-romand,Aime Jules Romand,,,no_exact_en_label_match,wikidata_not_found,,,https://www.wikidata.org/,low,No exact English-label Wikidata human match in batch query.
hf-famous-0130-aim-clariond,Aimé Clariond,Q2828049,Aimé Clariond,exact_en_label_match,entertainer,film actor;stage actor,Q10800557;Q2259451,https://www.wikidata.org/wiki/Q2828049,medium,Exact English label match against Wikidata human items; verify ambiguous names before final product display.
hf-famous-0131-aim-c-saire,Aimé Césaire,Q223955,Aimé Césaire,exact_en_label_match,writer_media,poet,Q49757,https://www.wikidata.org/wiki/Q223955,medium,Exact English label match against Wikidata human items; verify ambiguous names before final product display.
hf-famous-0132-aim-escudi,Aimé Escudié,,,no_exact_en_label_match,wikidata_not_found,,,https://www.wikidata.org/,low,No exact English-label Wikidata human match in batch query.
hf-famous-0133-aim-maillart,Aimé Maillart,Q405748,Aimé Maillart,exact_en_label_match,entertainer,composer,Q36834,https://www.wikidata.org/wiki/Q405748,medium,Exact English label match against Wikidata human items; verify ambiguous names before final product display.
hf-famous-0134-aim-raffaeli,Aimé Raffaeli,,,no_exact_en_label_match,wikidata_not_found,,,https://www.wikidata.org/,low,No exact English-label Wikidata human match in batch query.
hf-famous-0135-aine-rosny,Aine Rosny,,,no_exact_en_label_match,wikidata_not_found,,,https://www.wikidata.org/,low,No exact English-label Wikidata human match in batch query.
hf-famous-0136-aissa-wayne-gionis,Aissa Wayne Gionis,,,no_exact_en_label_match,wikidata_not_found,,,https://www.wikidata.org/,low,No exact English-label Wikidata human match in batch query.
hf-famous-0137-al-aber,Al Aber,Q4703438,Al Aber,exact_en_label_match,sports,baseball player,Q10871364,https://www.wikidata.org/wiki/Q4703438,medium,Exact English label match against Wikidata human items; verify ambiguous names before final product display.
hf-famous-0138-al-bano,Al Bano,,,no_exact_en_label_match,wikidata_not_found,,,https://www.wikidata.org/,low,No exact English-label Wikidata human match in batch query.
hf-famous-0139-al-berto,Al Berto,Q2831828,Al Berto,exact_en_label_match,writer_media,painter;poet;writer,Q1028181;Q36180;Q49757,https://www.wikidata.org/wiki/Q2831828,medium,Exact English label match against Wikidata human items; verify ambiguous names before final product display.
hf-famous-0140-al-blanchard,Al Blanchard,Q2829305,Al Blanchard,exact_en_label_match,sports,ice hockey player,Q11774891,https://www.wikidata.org/wiki/Q2829305,medium,Exact English label match against Wikidata human items; verify ambiguous names before final product display.
hf-famous-0141-al-blozis,Al Blozis,Q2622826,Al Blozis,exact_en_label_match,sports,American football player;athletics competitor,Q11513337;Q19204627,https://www.wikidata.org/wiki/Q2622826,medium,Exact English label match against Wikidata human items; verify ambiguous names before final product display.
hf-famous-0142-al-checchi,Al Checchi,Q4703666,Al Checchi,exact_en_label_match,business,businessperson;politician,Q43845;Q82955,https://www.wikidata.org/wiki/Q4703666,medium,Exact English label match against Wikidata human items; verify ambiguous names before final product display.
hf-famous-0143-al-di-meola,Al Di Meola,Q165634,Al Di Meola,exact_en_label_match,entertainer,composer;guitarist;jazz guitarist;jazz musician;recording artist,Q15981151;Q36834;Q55960555;Q6168364;Q855091,https://www.wikidata.org/wiki/Q165634,medium,Exact English label match against Wikidata human items; verify ambiguous names before final product display.
hf-famous-0144-al-fairweather,Al Fairweather,Q2636073,Al Fairweather,exact_en_label_match,entertainer,jazz musician,Q15981151,https://www.wikidata.org/wiki/Q2636073,medium,Exact English label match against Wikidata human items; verify ambiguous names before final product display.
hf-famous-0145-al-fann,Al Fann,Q23001832,Al Fann,exact_en_label_match,entertainer,actor,Q33999,https://www.wikidata.org/wiki/Q23001832,medium,Exact English label match against Wikidata human items; verify ambiguous names before final product display.
hf-famous-0146-al-geiberger,Al Geiberger,Q3427214,Al Geiberger,exact_en_label_match,public_figure_other,golfer,Q11303721,https://www.wikidata.org/wiki/Q3427214,medium,Exact English label match against Wikidata human items; verify ambiguous names before final product display.
hf-famous-0147-al-gore,Al Gore,Q19673,Al Gore,exact_en_label_match,business,blogger;businessperson;climate activist;environmentalist;financier;journalist;orator;politician;writer,Q12859263;Q1930187;Q1979607;Q3578589;Q36180;Q43845;Q61048378;Q8246794;Q82955,https://www.wikidata.org/wiki/Q19673,medium,Exact English label match against Wikidata human items; verify ambiguous names before final product display.
hf-famous-0148-al-jardine,Al Jardine,Q453314,Al Jardine,exact_en_label_match,entertainer,dentist;guitarist;musician;pianist;record producer;singer;singer-songwriter,Q177220;Q183945;Q27349;Q486748;Q488205;Q639669;Q855091,https://www.wikidata.org/wiki/Q453314,medium,Exact English label match against Wikidata human items; verify ambiguous names before final product display.
hf-famous-0149-al-jarreau,Al Jarreau,Q174547,Al Jarreau,exact_en_label_match,entertainer,jazz musician;percussionist;singer;singer-songwriter;social worker,Q15981151;Q177220;Q4351403;Q488205;Q7019111,https://www.wikidata.org/wiki/Q174547,medium,Exact English label match against Wikidata human items; verify ambiguous names before final product display.
hf-famous-0150-al-lakeman,Al Lakeman,Q4704269,Al Lakeman,exact_en_label_match,sports,baseball player,Q10871364,https://www.wikidata.org/wiki/Q4704269,medium,Exact English label match against Wikidata human items; verify ambiguous names before final product display.
hf-famous-0151-al-nelson,Al Nelson,Q4704536,Al Nelson,exact_en_label_match,sports,American football player;audio engineer,Q128124;Q19204627,https://www.wikidata.org/wiki/Q4704536,medium,Exact English label match against Wikidata human items; verify ambiguous names before final product display.
hf-famous-0152-al-oliver,Al Oliver,Q2829385,Al Oliver,exact_en_label_match,sports,baseball player,Q10871364,https://www.wikidata.org/wiki/Q2829385,medium,Exact English label match against Wikidata human items; verify ambiguous names before final product display.
hf-famous-0153-al-pacino,Al Pacino,Q41163,Al Pacino,exact_en_label_match,entertainer,actor;director;film actor;film director;film producer;film screenwriter;producer;screenwriter;stage actor;television actor;writer,Q10798782;Q10800557;Q2259451;Q2526255;Q28389;Q3282637;Q33999;Q3455803;Q36180;Q47541952;Q69423232,https://www.wikidata.org/wiki/Q41163,medium,Exact English label match against Wikidata human items; verify ambiguous names before final product display.
hf-famous-0154-al-parker,Al Parker,Q1286616,Al Parker,exact_en_label_match,entertainer,actor;artist;film actor;film director;film producer;illustrator;pornographic actor;tennis player,Q10800557;Q10833314;Q2526255;Q3282637;Q33999;Q483501;Q488111;Q644687,https://www.wikidata.org/wiki/Q1286616,medium,Exact English label match against Wikidata human items; verify ambiguous names before final product display.
hf-famous-0155-al-unser,Al Unser,Q368039,Al Unser,exact_en_label_match,sports,baseball player;racing automobile driver,Q10349745;Q10871364,https://www.wikidata.org/wiki/Q368039,medium,Exact English label match against Wikidata human items; verify ambiguous names before final product display.
hf-famous-0156-al-widmar,Al Widmar,Q4704966,Al Widmar,exact_en_label_match,sports,baseball player,Q10871364,https://www.wikidata.org/wiki/Q4704966,medium,Exact English label match against Wikidata human items; verify ambiguous names before final product display.
hf-famous-0157-alain,Alain,Q275003,Alain,exact_en_label_match,entertainer,Catholic bishop;Catholic priest;journalist;model;philosopher;teacher;writer,Q1930187;Q250867;Q36180;Q37226;Q4610556;Q4964182;Q611644,https://www.wikidata.org/wiki/Q275003,medium,Exact English label match against Wikidata human items; verify ambiguous names before final product display.
hf-famous-0158-alain,Alain,Q275003,Alain,exact_en_label_match,entertainer,Catholic bishop;Catholic priest;journalist;model;philosopher;teacher;writer,Q1930187;Q250867;Q36180;Q37226;Q4610556;Q4964182;Q611644,https://www.wikidata.org/wiki/Q275003,medium,Exact English label match against Wikidata human items; verify ambiguous names before final product display.
hf-famous-0159-alain,Alain,Q275003,Alain,exact_en_label_match,entertainer,Catholic bishop;Catholic priest;journalist;model;philosopher;teacher;writer,Q1930187;Q250867;Q36180;Q37226;Q4610556;Q4964182;Q611644,https://www.wikidata.org/wiki/Q275003,medium,Exact English label match against Wikidata human items; verify ambiguous names before final product display.
hf-famous-0160-alain,Alain,Q275003,Alain,exact_en_label_match,entertainer,Catholic bishop;Catholic priest;journalist;model;philosopher;teacher;writer,Q1930187;Q250867;Q36180;Q37226;Q4610556;Q4964182;Q611644,https://www.wikidata.org/wiki/Q275003,medium,Exact English label match against Wikidata human items; verify ambiguous names before final product display.
hf-famous-0161-alain-bailhache,Alain Bailhache,Q24931136,Alain Bailhache,exact_en_label_match,arts,illustrator;painter,Q1028181;Q644687,https://www.wikidata.org/wiki/Q24931136,medium,Exact English label match against Wikidata human items; verify ambiguous names before final product display.
hf-famous-0162-alain-baran,Alain Baran,,,no_exact_en_label_match,wikidata_not_found,,,https://www.wikidata.org/,low,No exact English-label Wikidata human match in batch query.
hf-famous-0163-alain-bashung,Alain Bashung,Q380045,Alain Bashung,exact_en_label_match,entertainer,actor;singer-songwriter,Q33999;Q488205,https://www.wikidata.org/wiki/Q380045,medium,Exact English label match against Wikidata human items; verify ambiguous names before final product display.
hf-famous-0164-alain-bernard,Alain Bernard,Q297477,Alain Bernard,exact_en_label_match,entertainer,Q97768140;anciens cadres;association football player;ballet master;choreographer;composer;dancer;farm operator;film producer;make-up artist;pensioner;politician;researcher;sport cyclist;swimmer;visual artist,Q10843402;Q1650915;Q1749879;Q2309784;Q2490358;Q3062119;Q3282637;Q3391743;Q36834;Q5716684;Q805253;Q82955;Q935666;Q937857;Q97768140;Q97768274,https://www.wikidata.org/wiki/Q297477,medium,Exact English label match against Wikidata human items; verify ambiguous names before final product display.
hf-famous-0165-alain-besancon,Alain Besancon,,,no_exact_en_label_match,wikidata_not_found,,,https://www.wikidata.org/,low,No exact English-label Wikidata human match in batch query.
hf-famous-0166-alain-binard,Alain Binard,,,no_exact_en_label_match,wikidata_not_found,,,https://www.wikidata.org/,low,No exact English-label Wikidata human match in batch query.
hf-famous-0167-alain-blondel,Alain Blondel,Q722855,Alain Blondel,exact_en_label_match,entertainer,art collector;art dealer;athletics competitor;film director;gallerist;illustrator;researcher,Q10732476;Q11513337;Q1650915;Q173950;Q20771242;Q2526255;Q644687,https://www.wikidata.org/wiki/Q722855,medium,Exact English label match against Wikidata human items; verify ambiguous names before final product display.
hf-famous-0168-alain-bougrain,Alain Bougrain,,,no_exact_en_label_match,wikidata_not_found,,,https://www.wikidata.org/,low,No exact English-label Wikidata human match in batch query.
hf-famous-0169-alain-boullet,Alain Boullet,Q2829608,Alain Boullet,exact_en_label_match,arts,painter,Q1028181,https://www.wikidata.org/wiki/Q2829608,medium,Exact English label match against Wikidata human items; verify ambiguous names before final product display.
hf-famous-0170-alain-b-jart,Alain Béjart,Q95317705,Alain Béjart,exact_en_label_match,arts,photographer,Q33231,https://www.wikidata.org/wiki/Q95317705,medium,Exact English label match against Wikidata human items; verify ambiguous names before final product display.
hf-famous-0171-alain-carpentier,Alain Carpentier,Q1524056,Alain Carpentier,exact_en_label_match,politics,cardiac surgeon;cardiologist;physician;politician;surgeon;technicians;university teacher,Q1622272;Q19842026;Q3264451;Q39631;Q774306;Q82955;Q97767929,https://www.wikidata.org/wiki/Q1524056,medium,Exact English label match against Wikidata human items; verify ambiguous names before final product display.
hf-famous-0172-alain-chabat,Alain Chabat,Q448021,Alain Chabat,exact_en_label_match,entertainer,actor;film actor;film director;film producer;radio personality;screenwriter;television actor;television presenter;voice actor,Q10798782;Q10800557;Q2405480;Q2526255;Q2722764;Q28389;Q3282637;Q33999;Q947873,https://www.wikidata.org/wiki/Q448021,medium,Exact English label match against Wikidata human items; verify ambiguous names before final product display.
hf-famous-0173-alain-chamfort,Alain Chamfort,Q2829653,Alain Chamfort,exact_en_label_match,entertainer,actor;pianist;recording artist;singer;songwriter,Q177220;Q33999;Q486748;Q55960555;Q753110,https://www.wikidata.org/wiki/Q2829653,medium,Exact English label match against Wikidata human items; verify ambiguous names before final product display.
hf-famous-0174-alain-chapel,Alain Chapel,Q2829655,Alain Chapel,exact_en_label_match,science_academia,chef;researcher,Q1650915;Q3499072,https://www.wikidata.org/wiki/Q2829655,medium,Exact English label match against Wikidata human items; verify ambiguous names before final product display.
hf-famous-0175-alain-corneau,Alain Corneau,Q312280,Alain Corneau,exact_en_label_match,entertainer,actor;director;film actor;film director;film producer;screenwriter,Q10800557;Q2526255;Q28389;Q3282637;Q33999;Q3455803,https://www.wikidata.org/wiki/Q312280,medium,Exact English label match against Wikidata human items; verify ambiguous names before final product display.
hf-famous-0176-alain-cuny,Alain Cuny,Q334506,Alain Cuny,exact_en_label_match,entertainer,actor;director;film actor;film director;screenwriter,Q10800557;Q2526255;Q28389;Q33999;Q3455803,https://www.wikidata.org/wiki/Q334506,medium,Exact English label match against Wikidata human items; verify ambiguous names before final product display.
hf-famous-0177-alain-decaux,Alain Decaux,Q1235728,Alain Decaux,exact_en_label_match,public_figure_other,historian,Q201788,https://www.wikidata.org/wiki/Q1235728,medium,Exact English label match against Wikidata human items; verify ambiguous names before final product display.
hf-famous-0178-alain-delon,Alain Delon,Q106529,Alain Delon,exact_en_label_match,entertainer,actor;director;film actor;film director;film producer;producer;screenwriter;singer;stage actor;television actor;writer,Q10798782;Q10800557;Q177220;Q2259451;Q2526255;Q28389;Q3282637;Q33999;Q3455803;Q36180;Q47541952,https://www.wikidata.org/wiki/Q106529,medium,Exact English label match against Wikidata human items; verify ambiguous names before final product display.
hf-famous-0179-alain-ducasse,Alain Ducasse,Q187901,Alain Ducasse,exact_en_label_match,business,chef;entrepreneur;pensioner;politician;writer,Q131524;Q1749879;Q3499072;Q36180;Q82955,https://www.wikidata.org/wiki/Q187901,medium,Exact English label match against Wikidata human items; verify ambiguous names before final product display.
hf-famous-0180-alain-escada,Alain Escada,Q2829782,Alain Escada,exact_en_label_match,politics,bookseller;political activist,Q11499147;Q998550,https://www.wikidata.org/wiki/Q2829782,medium,Exact English label match against Wikidata human items; verify ambiguous names before final product display.
hf-famous-0181-alain-feutrier,Alain Feutrier,Q4705653,Alain Feutrier,exact_en_label_match,sports,alpine skier,Q4144610,https://www.wikidata.org/wiki/Q4705653,medium,Exact English label match against Wikidata human items; verify ambiguous names before final product display.
hf-famous-0182-alain-feydeau,Alain Feydeau,Q2829804,Alain Feydeau,exact_en_label_match,entertainer,actor,Q33999,https://www.wikidata.org/wiki/Q2829804,medium,Exact English label match against Wikidata human items; verify ambiguous names before final product display.
hf-famous-0183-alain-finkielkraut,Alain Finkielkraut,Q380443,Alain Finkielkraut,exact_en_label_match,entertainer,critic;non-fiction writer;opinion journalist;philosopher;radio personality;radio producer;writer,Q15980158;Q2722764;Q3406651;Q36180;Q4964182;Q6051619;Q6430706,https://www.wikidata.org/wiki/Q380443,medium,Exact English label match against Wikidata human items; verify ambiguous names before final product display.
hf-famous-0184-alain-fran-ois-savary,Alain François Savary,,,no_exact_en_label_match,wikidata_not_found,,,https://www.wikidata.org/,low,No exact English-label Wikidata human match in batch query.
hf-famous-0185-alain-garcia,Alain Garcia,Q135511283,Alain Garcia,exact_en_label_match,wikidata_no_occupation,,,https://www.wikidata.org/wiki/Q135511283,medium,Exact English label match against Wikidata human items; verify ambiguous names before final product display.
hf-famous-0186-alain-geismar,Alain Geismar,Q2829842,Alain Geismar,exact_en_label_match,politics,physicist;politician,Q169470;Q82955,https://www.wikidata.org/wiki/Q2829842,medium,Exact English label match against Wikidata human items; verify ambiguous names before final product display.
hf-famous-0187-alain-giletti,Alain Giletti,Q1565168,Alain Giletti,exact_en_label_match,sports,figure skater;figure skating coach,Q13219587;Q57199189,https://www.wikidata.org/wiki/Q1565168,medium,Exact English label match against Wikidata human items; verify ambiguous names before final product display.
hf-famous-0188-alain-gillot,Alain Gillot,Q16262991,Alain Gillot,exact_en_label_match,entertainer,architect;politician;screenwriter,Q28389;Q42973;Q82955,https://www.wikidata.org/wiki/Q16262991,medium,Exact English label match against Wikidata human items; verify ambiguous names before final product display.
hf-famous-0189-alain-girard,Alain Girard,Q23010280,Alain Girard,exact_en_label_match,science_academia,art historian;curator;demographer;musicologist;professeur des universités;researcher;sociologist,Q12360779;Q14915627;Q1650915;Q1792450;Q2306091;Q28004591;Q674426,https://www.wikidata.org/wiki/Q23010280,medium,Exact English label match against Wikidata human items; verify ambiguous names before final product display.
hf-famous-0190-alain-giresse,Alain Giresse,Q312170,Alain Giresse,exact_en_label_match,sports,association football coach;association football player,Q628099;Q937857,https://www.wikidata.org/wiki/Q312170,medium,Exact English label match against Wikidata human items; verify ambiguous names before final product display.
hf-famous-0191-alain-goffin,Alain Goffin,Q2636423,Alain Goffin,exact_en_label_match,writer_media,cartoonist;comics artist;comics writer;illustrator,Q1114448;Q11892507;Q644687;Q715301,https://www.wikidata.org/wiki/Q2636423,medium,Exact English label match against Wikidata human items; verify ambiguous names before final product display.
hf-famous-0192-alain-had-s,Alain Hadès,,,no_exact_en_label_match,wikidata_not_found,,,https://www.wikidata.org/,low,No exact English-label Wikidata human match in batch query.
hf-famous-0193-alain-jean-assailly,Alain Jean Assailly,,,no_exact_en_label_match,wikidata_not_found,,,https://www.wikidata.org/,low,No exact English-label Wikidata human match in batch query.
hf-famous-0194-alain-jessua,Alain Jessua,Q476825,Alain Jessua,exact_en_label_match,entertainer,director;film director;film producer;film score composer;screenwriter;writer,Q1415090;Q2526255;Q28389;Q3282637;Q3455803;Q36180,https://www.wikidata.org/wiki/Q476825,medium,Exact English label match against Wikidata human items; verify ambiguous names before final product display.
hf-famous-0195-alain-jupp,Alain Juppé,Q215569,Alain Juppé,exact_en_label_match,politics,diplomat;politician,Q193391;Q82955,https://www.wikidata.org/wiki/Q215569,medium,Exact English label match against Wikidata human items; verify ambiguous names before final product display.
hf-famous-0196-alain-lancelot,Alain Lancelot,Q2829970,Alain Lancelot,exact_en_label_match,entertainer,development professional;political scientist;radio personality;sophrologist;television presenter;university teacher,Q1238570;Q1622272;Q2238884;Q2722764;Q30113326;Q947873,https://www.wikidata.org/wiki/Q2829970,medium,Exact English label match against Wikidata human items; verify ambiguous names before final product display.
hf-famous-0197-alain-lecointe,Alain Lecointe,Q55623491,Alain Lecointe,exact_en_label_match,entertainer,"anciens artisans, commerçants, chefs d'entreprise;botanist;bryologist;composer;liberal profession;music arranger;musician;politician",Q13391392;Q16334507;Q1643514;Q2374149;Q36834;Q639669;Q82955;Q97768045,https://www.wikidata.org/wiki/Q55623491,medium,Exact English label match against Wikidata human items; verify ambiguous names before final product display.
hf-famous-0198-alain-lemyse,Alain Lemyse,,,no_exact_en_label_match,wikidata_not_found,,,https://www.wikidata.org/,low,No exact English-label Wikidata human match in batch query.
hf-famous-0199-alain-lipietz,Alain Lipietz,Q662743,Alain Lipietz,exact_en_label_match,politics,civil engineer;economist;engineer;politician,Q13582652;Q188094;Q81096;Q82955,https://www.wikidata.org/wiki/Q662743,medium,Exact English label match against Wikidata human items; verify ambiguous names before final product display.
hf-famous-0200-alain-penaud,Alain Penaud,Q924317,Alain Penaud,exact_en_label_match,sports,rugby union player,Q14089670,https://www.wikidata.org/wiki/Q924317,medium,Exact English label match against Wikidata human items; verify ambiguous names before final product display.
hf-famous-0201-alain-peyrefitte,Alain Peyrefitte,Q929334,Alain Peyrefitte,exact_en_label_match,politics,diplomat;minister;philosopher;politician;writer,Q193391;Q36180;Q4964182;Q82955;Q83307,https://www.wikidata.org/wiki/Q929334,medium,Exact English label match against Wikidata human items; verify ambiguous names before final product display.
hf-famous-0202-alain-poher,Alain Poher,Q12950,Alain Poher,exact_en_label_match,politics,French resistance fighter;politician;statesperson,Q23833535;Q372436;Q82955,https://www.wikidata.org/wiki/Q12950,medium,Exact English label match against Wikidata human items; verify ambiguous names before final product display.
hf-famous-0203-alain-poir,Alain Poiré,Q981229,Alain Poiré,exact_en_label_match,entertainer,film producer;producer;screenwriter,Q28389;Q3282637;Q47541952,https://www.wikidata.org/wiki/Q981229,medium,Exact English label match against Wikidata human items; verify ambiguous names before final product display.
hf-famous-0204-alain-prost,Alain Prost,Q10494,Alain Prost,exact_en_label_match,sports,Formula One driver;leader of organization;racing automobile driver,Q10349745;Q10841764;Q25713832,https://www.wikidata.org/wiki/Q10494,medium,Exact English label match against Wikidata human items; verify ambiguous names before final product display.
hf-famous-0205-alain-resnais,Alain Resnais,Q218022,Alain Resnais,exact_en_label_match,entertainer,actor;cinematographer;director;film director;film editor;film producer;screenwriter,Q222344;Q2526255;Q28389;Q3282637;Q33999;Q3455803;Q7042855,https://www.wikidata.org/wiki/Q218022,medium,Exact English label match against Wikidata human items; verify ambiguous names before final product display.
hf-famous-0206-alain-rey,Alain Rey,Q921774,Alain Rey,exact_en_label_match,sports,anciens cadres;biathlete;lexicographer;linguist;pensioner;politician;secondary school teacher;ski mountaineer,Q14467526;Q14972848;Q16029547;Q1749879;Q19801627;Q5758653;Q82955;Q97768274,https://www.wikidata.org/wiki/Q921774,medium,Exact English label match against Wikidata human items; verify ambiguous names before final product display.
hf-famous-0207-alain-robbe,Alain Robbe,,,no_exact_en_label_match,wikidata_not_found,,,https://www.wikidata.org/,low,No exact English-label Wikidata human match in batch query.
hf-famous-0208-alain-robert,Alain Robert,Q312489,Alain Robert,exact_en_label_match,politics,"Class A official;Q97768060;anciens artisans, commerçants, chefs d'entreprise;anciens cadres;pensioner;politician;researcher;rock climber;stunt performer;translator",Q1650915;Q1749879;Q333634;Q3951423;Q465501;Q63755375;Q82955;Q97768045;Q97768060;Q97768274,https://www.wikidata.org/wiki/Q312489,medium,Exact English label match against Wikidata human items; verify ambiguous names before final product display.
hf-famous-0209-alain-senderens,Alain Senderens,Q2776768,Alain Senderens,exact_en_label_match,public_figure_other,chef,Q3499072,https://www.wikidata.org/wiki/Q2776768,medium,Exact English label match against Wikidata human items; verify ambiguous names before final product display.
hf-famous-0210-alain-souchon,Alain Souchon,Q53453,Alain Souchon,exact_en_label_match,entertainer,film actor;recording artist;singer;singer-songwriter;songwriter,Q10800557;Q177220;Q488205;Q55960555;Q753110,https://www.wikidata.org/wiki/Q53453,medium,Exact English label match against Wikidata human items; verify ambiguous names before final product display.
hf-famous-0211-alain-toutain,Alain Toutain,,,no_exact_en_label_match,wikidata_not_found,,,https://www.wikidata.org/,low,No exact English-label Wikidata human match in batch query.
hf-famous-0212-alain-trautman,Alain Trautman,,,no_exact_en_label_match,wikidata_not_found,,,https://www.wikidata.org/,low,No exact English-label Wikidata human match in batch query.
hf-famous-0213-alain-vareille,Alain Vareille,,,no_exact_en_label_match,wikidata_not_found,,,https://www.wikidata.org/,low,No exact English-label Wikidata human match in batch query.
hf-famous-0214-alaina-reed-hall,Alaina Reed Hall,Q434111,Alaina Reed Hall,exact_en_label_match,entertainer,actor;film actor;stage actor;television actor;voice actor,Q10798782;Q10800557;Q2259451;Q2405480;Q33999,https://www.wikidata.org/wiki/Q434111,medium,Exact English label match against Wikidata human items; verify ambiguous names before final product display.
hf-famous-0215-alain-de-boissieu,Alain de Boissieu,Q369948,Alain de Boissieu,exact_en_label_match,public_figure_other,French resistance fighter;military officer,Q189290;Q23833535,https://www.wikidata.org/wiki/Q369948,medium,Exact English label match against Wikidata human items; verify ambiguous names before final product display.
hf-famous-0216-alan-arkin,Alan Arkin,Q108283,Alan Arkin,exact_en_label_match,entertainer,actor;character actor;children's writer;director;film actor;film director;film producer;musician;science fiction writer;screenwriter;singer;stage actor;television actor;television director;theatre director;writer,Q10798782;Q10800557;Q177220;Q18844224;Q2059704;Q2259451;Q2526255;Q28389;Q3282637;Q3387717;Q33999;Q3455803;Q36180;Q4853732;Q639669;Q948329,https://www.wikidata.org/wiki/Q108283,medium,Exact English label match against Wikidata human items; verify ambiguous names before final product display.
hf-famous-0217-alan-bean,Alan Bean,Q310924,Alan Bean,exact_en_label_match,arts,aircraft pilot;astronaut;military flight engineer;military officer;painter;test pilot,Q1028181;Q10497074;Q11631;Q189290;Q2095549;Q730242,https://www.wikidata.org/wiki/Q310924,medium,Exact English label match against Wikidata human items; verify ambiguous names before final product display.
hf-famous-0218-alan-bilzerian,Alan Bilzerian,,,no_exact_en_label_match,wikidata_not_found,,,https://www.wikidata.org/,low,No exact English-label Wikidata human match in batch query.
hf-famous-0219-alan-cranston,Alan Cranston,Q1994957,Alan Cranston,exact_en_label_match,politics,athletics competitor;journalist;politician,Q11513337;Q1930187;Q82955,https://www.wikidata.org/wiki/Q1994957,medium,Exact English label match against Wikidata human items; verify ambiguous names before final product display.
hf-famous-0220-alan-cumming,Alan Cumming,Q316629,Alan Cumming,exact_en_label_match,entertainer,LGBTQ rights activist;actor;athletics competitor;character actor;comedian;composer;film actor;film director;film producer;screenwriter;stage actor;television actor;translator;voice actor,Q10798782;Q10800557;Q11513337;Q19509201;Q2259451;Q2405480;Q245068;Q2526255;Q28389;Q3282637;Q333634;Q33999;Q36834;Q948329,https://www.wikidata.org/wiki/Q316629,medium,Exact English label match against Wikidata human items; verify ambiguous names before final product display.
hf-famous-0221-alan-d-ameche,Alan D. Ameche,,,no_exact_en_label_match,wikidata_not_found,,,https://www.wikidata.org/,low,No exact English-label Wikidata human match in batch query.
hf-famous-0222-alan-dershowitz,Alan Dershowitz,Q183058,Alan Dershowitz,exact_en_label_match,entertainer,art collector;lawyer;screenwriter;university teacher,Q10732476;Q1622272;Q28389;Q40348,https://www.wikidata.org/wiki/Q183058,medium,Exact English label match against Wikidata human items; verify ambiguous names before final product display.
hf-famous-0223-alan-francis-brooke,Alan Francis Brooke,,,no_exact_en_label_match,wikidata_not_found,,,https://www.wikidata.org/,low,No exact English-label Wikidata human match in batch query.
hf-famous-0224-alan-gorrie,Alan Gorrie,Q2636704,Alan Gorrie,exact_en_label_match,entertainer,guitarist;singer,Q177220;Q855091,https://www.wikidata.org/wiki/Q2636704,medium,Exact English label match against Wikidata human items; verify ambiguous names before final product display.
hf-famous-0225-alan-harvey-guth,Alan Harvey Guth,,,no_exact_en_label_match,wikidata_not_found,,,https://www.wikidata.org/,low,No exact English-label Wikidata human match in batch query.
hf-famous-0226-alan-kay,Alan Kay,Q92742,Alan Kay,exact_en_label_match,entertainer,association football coach;association football player;computer scientist;jazz guitarist;jazz musician;judge;lawyer;programmer;university teacher,Q15981151;Q1622272;Q16533;Q40348;Q5482740;Q6168364;Q628099;Q82594;Q937857,https://www.wikidata.org/wiki/Q92742,medium,Exact English label match against Wikidata human items; verify ambiguous names before final product display.
hf-famous-0227-alan-ladd-jr,Alan Ladd Jr.,Q366876,Alan Ladd Jr.,exact_en_label_match,entertainer,executive producer;film producer,Q1053574;Q3282637,https://www.wikidata.org/wiki/Q366876,medium,Exact English label match against Wikidata human items; verify ambiguous names before final product display.
hf-famous-0228-alan-longmuir,Alan Longmuir,Q2636764,Alan Longmuir,exact_en_label_match,entertainer,actor;entertainer;musician;songwriter,Q138858;Q33999;Q639669;Q753110,https://www.wikidata.org/wiki/Q2636764,medium,Exact English label match against Wikidata human items; verify ambiguous names before final product display.
hf-famous-0229-alan-macnaughtan,Alan MacNaughtan,Q4707209,Alan MacNaughtan,exact_en_label_match,entertainer,actor;film actor;television actor,Q10798782;Q10800557;Q33999,https://www.wikidata.org/wiki/Q4707209,medium,Exact English label match against Wikidata human items; verify ambiguous names before final product display.
hf-famous-0230-alan-mcgee,Alan McGee,Q1076831,Alan McGee,exact_en_label_match,entertainer,disc jockey;guitarist;record producer;talent agent;talent manager,Q130857;Q1320883;Q1344174;Q183945;Q855091,https://www.wikidata.org/wiki/Q1076831,medium,Exact English label match against Wikidata human items; verify ambiguous names before final product display.
hf-famous-0231-alan-n-trefler,Alan N. Trefler,,,no_exact_en_label_match,wikidata_not_found,,,https://www.wikidata.org/,low,No exact English-label Wikidata human match in batch query.
hf-famous-0232-alan-page,Alan Page,Q3607766,Alan Page,exact_en_label_match,entertainer,American football player;field hockey player;judge;lawyer;politician;radio personality;screenwriter;television presenter,Q10843263;Q16533;Q19204627;Q2722764;Q28389;Q40348;Q82955;Q947873,https://www.wikidata.org/wiki/Q3607766,medium,Exact English label match against Wikidata human items; verify ambiguous names before final product display.
hf-famous-0233-alan-richard-mackin,Alan Richard Mackin,,,no_exact_en_label_match,wikidata_not_found,,,https://www.wikidata.org/,low,No exact English-label Wikidata human match in batch query.
hf-famous-0234-alan-robertson-gemmell,Alan Robertson Gemmell,,,no_exact_en_label_match,wikidata_not_found,,,https://www.wikidata.org/,low,No exact English-label Wikidata human match in batch query.
hf-famous-0235-alan-stivell,Alan Stivell,Q10681,Alan Stivell,exact_en_label_match,entertainer,activist;composer;conductor;harpist;multi-instrumentalist;music arranger;musician;record producer;recording artist;singer;singer-songwriter;songwriter,Q1327329;Q15253558;Q158852;Q1643514;Q177220;Q183945;Q3127709;Q36834;Q488205;Q55960555;Q639669;Q753110,https://www.wikidata.org/wiki/Q10681,medium,Exact English label match against Wikidata human items; verify ambiguous names before final product display.
hf-famous-0236-alan-strachan,Alan Strachan,Q98210713,Alan Strachan,exact_en_label_match,entertainer,biographer;broadcaster;film editor;theatre director;writer,Q135301631;Q3387717;Q36180;Q7042855;Q864380,https://www.wikidata.org/wiki/Q98210713,medium,Exact English label match against Wikidata human items; verify ambiguous names before final product display.
hf-famous-0237-alan-wilson,Alan Wilson,Q719520,Alan Wilson,exact_en_label_match,entertainer,Anglican priest;Australian rules football player;architect;badminton player;biomechanist;composer;cricketer;criminal;engineer;geographer;guitarist;historian;judge;lawyer;mathematician;photographer;politician;researcher;rugby league player;sculptor;singer;singer-songwriter;theologian;university teacher;visual artist;voice actor,Q103961554;Q12299841;Q1234713;Q1281618;Q13141064;Q13414980;Q14373094;Q1622272;Q1650915;Q16533;Q170790;Q177220;Q201788;Q2159907;Q2405480;Q33231;Q3391743;Q3409375;Q36834;Q40348;Q42973;Q488205;Q81096;Q82955;Q855091;Q901402,https://www.wikidata.org/wiki/Q719520,medium,Exact English label match against Wikidata human items; verify ambiguous names before final product display.
hf-famous-0238-alana-ladd,Alana Ladd,Q3607785,Alana Ladd,exact_en_label_match,entertainer,actor,Q33999,https://www.wikidata.org/wiki/Q3607785,medium,Exact English label match against Wikidata human items; verify ambiguous names before final product display.
hf-famous-0239-alastair-george-sharp,Alastair George Sharp,,,no_exact_en_label_match,wikidata_not_found,,,https://www.wikidata.org/,low,No exact English-label Wikidata human match in batch query.
hf-famous-0240-alastair-sim,Alastair Sim,Q968586,Alastair Sim,exact_en_label_match,entertainer,film actor;stage actor;television actor,Q10798782;Q10800557;Q2259451,https://www.wikidata.org/wiki/Q968586,medium,Exact English label match against Wikidata human items; verify ambiguous names before final product display.
hf-famous-0241-alba-parietta,Alba Parietta,,,no_exact_en_label_match,wikidata_not_found,,,https://www.wikidata.org/,low,No exact English-label Wikidata human match in batch query.
hf-famous-0242-alba-rigazzi,Alba Rigazzi,Q3607837,Alba Rigazzi,exact_en_label_match,entertainer,actor;model,Q33999;Q4610556,https://www.wikidata.org/wiki/Q3607837,medium,Exact English label match against Wikidata human items; verify ambiguous names before final product display.
hf-famous-0243-alban-moga,Alban Moga,Q2830774,Alban Moga,exact_en_label_match,sports,rugby union player,Q14089670,https://www.wikidata.org/wiki/Q2830774,medium,Exact English label match against Wikidata human items; verify ambiguous names before final product display.
hf-famous-0244-alban-pr-aubert,Alban Préaubert,Q1387907,Alban Préaubert,exact_en_label_match,public_figure_other,figure skater,Q13219587,https://www.wikidata.org/wiki/Q1387907,medium,Exact English label match against Wikidata human items; verify ambiguous names before final product display.
hf-famous-0245-albercht-kr-gel,Albercht Krügel,,,no_exact_en_label_match,wikidata_not_found,,,https://www.wikidata.org/,low,No exact English-label Wikidata human match in batch query.
hf-famous-0246-alberic-magnard,Alberic Magnard,,,no_exact_en_label_match,wikidata_not_found,,,https://www.wikidata.org/,low,No exact English-label Wikidata human match in batch query.
hf-famous-0247-alberic-o-kelly-de-galway,Alberic O'Kelly De Galway,,,no_exact_en_label_match,wikidata_not_found,,,https://www.wikidata.org/,low,No exact English-label Wikidata human match in batch query.
hf-famous-0248-alberico-evani,Alberico Evani,Q458474,Alberico Evani,exact_en_label_match,sports,association football coach;association football player,Q628099;Q937857,https://www.wikidata.org/wiki/Q458474,medium,Exact English label match against Wikidata human items; verify ambiguous names before final product display.
hf-famous-0249-albert-anastasia,Albert Anastasia,Q706235,Albert Anastasia,exact_en_label_match,public_figure_other,crime boss;criminal;gangster,Q2159907;Q46961;Q4947495,https://www.wikidata.org/wiki/Q706235,medium,Exact English label match against Wikidata human items; verify ambiguous names before final product display.
hf-famous-0250-albert-ayler,Albert Ayler,Q457125,Albert Ayler,exact_en_label_match,entertainer,composer;jazz musician;recording artist;saxophonist,Q12800682;Q15981151;Q36834;Q55960555,https://www.wikidata.org/wiki/Q457125,medium,Exact English label match against Wikidata human items; verify ambiguous names before final product display.
hf-famous-0251-albert-bassermann,Albert Bassermann,Q64150,Albert Bassermann,exact_en_label_match,entertainer,actor;film actor;stage actor,Q10800557;Q2259451;Q33999,https://www.wikidata.org/wiki/Q64150,medium,Exact English label match against Wikidata human items; verify ambiguous names before final product display.
hf-famous-0252-albert-batteux,Albert Batteux,Q2143268,Albert Batteux,exact_en_label_match,sports,association football coach;association football player,Q628099;Q937857,https://www.wikidata.org/wiki/Q2143268,medium,Exact English label match against Wikidata human items; verify ambiguous names before final product display.
hf-famous-0253-albert-brooks,Albert Brooks,Q356303,Albert Brooks,exact_en_label_match,entertainer,actor;comedian;director;film actor;film director;screenwriter;voice actor;writer,Q10800557;Q2405480;Q245068;Q2526255;Q28389;Q33999;Q3455803;Q36180,https://www.wikidata.org/wiki/Q356303,medium,Exact English label match against Wikidata human items; verify ambiguous names before final product display.
hf-famous-0254-albert-calmette,Albert Calmette,Q437983,Albert Calmette,exact_en_label_match,science_academia,bacteriologist;botanist;immunologist;physician;virologist,Q12119633;Q15634281;Q15816836;Q2374149;Q39631,https://www.wikidata.org/wiki/Q437983,medium,Exact English label match against Wikidata human items; verify ambiguous names before final product display.
hf-famous-0255-albert-camus,Albert Camus,Q34670,Albert Camus,exact_en_label_match,sports,French resistance fighter;association football player;essayist;journalist;novelist;opinion journalist;philosopher;playwright;poet;writer,Q11774202;Q1930187;Q214917;Q23833535;Q36180;Q4964182;Q49757;Q6051619;Q6625963;Q937857,https://www.wikidata.org/wiki/Q34670,medium,Exact English label match against Wikidata human items; verify ambiguous names before final product display.
hf-famous-0256-albert-collins,Albert Collins,Q741119,Albert Collins,exact_en_label_match,entertainer,association football player;blues musician;guitarist;painter;politician;recording artist;singer;songwriter,Q1028181;Q177220;Q42303786;Q55960555;Q753110;Q82955;Q855091;Q937857,https://www.wikidata.org/wiki/Q741119,medium,Exact English label match against Wikidata human items; verify ambiguous names before final product display.
hf-famous-0257-albert-copp,Albert Coppé,Q2005122,Albert Coppé,exact_en_label_match,politics,economist;politician;university teacher,Q1622272;Q188094;Q82955,https://www.wikidata.org/wiki/Q2005122,medium,Exact English label match against Wikidata human items; verify ambiguous names before final product display.
hf-famous-0258-albert-decaris,Albert Decaris,Q552720,Albert Decaris,exact_en_label_match,arts,engraver;exlibrist;illustrator;painter;postage stamp designer;printmaker,Q1028181;Q107212688;Q11569986;Q2000124;Q329439;Q644687,https://www.wikidata.org/wiki/Q552720,medium,Exact English label match against Wikidata human items; verify ambiguous names before final product display.
hf-famous-0259-albert-decourtray,Albert Decourtray,Q631293,Albert Decourtray,exact_en_label_match,public_figure_other,Catholic bishop;Catholic priest;theologian,Q1234713;Q250867;Q611644,https://www.wikidata.org/wiki/Q631293,medium,Exact English label match against Wikidata human items; verify ambiguous names before final product display.
hf-famous-0260-albert-delegue,Albert Delegue,Q2831095,Albert Delegue,exact_en_label_match,entertainer,model,Q4610556,https://www.wikidata.org/wiki/Q2831095,medium,Exact English label match against Wikidata human items; verify ambiguous names before final product display.
hf-famous-0261-albert-dubreucq,Albert Dubreucq,Q2831129,Albert Dubreucq,exact_en_label_match,sports,association football coach;association football player,Q628099;Q937857,https://www.wikidata.org/wiki/Q2831129,medium,Exact English label match against Wikidata human items; verify ambiguous names before final product display.
hf-famous-0262-albert-dupontel,Albert Dupontel,Q124389,Albert Dupontel,exact_en_label_match,entertainer,actor;comedian;film actor;film director;screenwriter,Q10800557;Q245068;Q2526255;Q28389;Q33999,https://www.wikidata.org/wiki/Q124389,medium,Exact English label match against Wikidata human items; verify ambiguous names before final product display.
hf-famous-0263-albert-einstein,Albert Einstein,Q937,Albert Einstein,exact_en_label_match,writer_media,inventor;mathematician;pacifist;patent examiner;pedagogue;philosopher;philosopher of science;physicist;professor;science writer;scientist;theoretical physicist;university teacher;writer,Q121594;Q1231865;Q16003550;Q1622272;Q16389557;Q169470;Q170790;Q19350898;Q205375;Q2896489;Q36180;Q3745071;Q4964182;Q901,https://www.wikidata.org/wiki/Q937,medium,Exact English label match against Wikidata human items; verify ambiguous names before final product display.
hf-famous-0264-albert-frey,Albert Frey,Q123890,Albert Frey,exact_en_label_match,entertainer,architect;composer;military personnel;painter,Q1028181;Q36834;Q42973;Q47064,https://www.wikidata.org/wiki/Q123890,medium,Exact English label match against Wikidata human items; verify ambiguous names before final product display.
hf-famous-0265-albert-f-raud,Albert Féraud,Q730687,Albert Féraud,exact_en_label_match,arts,artist;sculptor,Q1281618;Q483501,https://www.wikidata.org/wiki/Q730687,medium,Exact English label match against Wikidata human items; verify ambiguous names before final product display.
hf-famous-0266-albert-gazier,Albert Gazier,Q2831194,Albert Gazier,exact_en_label_match,politics,French resistance fighter;politician;trade unionist,Q15627169;Q23833535;Q82955,https://www.wikidata.org/wiki/Q2831194,medium,Exact English label match against Wikidata human items; verify ambiguous names before final product display.
hf-famous-0267-albert-gleizes,Albert Gleizes,Q711903,Albert Gleizes,exact_en_label_match,writer_media,art critic;art theorist;draftsperson;illustrator;painter;philosopher;printmaker;watercolorist;writer,Q1028181;Q11569986;Q15296811;Q17391638;Q17505902;Q36180;Q4164507;Q4964182;Q644687,https://www.wikidata.org/wiki/Q711903,medium,Exact English label match against Wikidata human items; verify ambiguous names before final product display.
hf-famous-0268-albert-hassler,Albert Hassler,Q1337991,Albert Hassler,exact_en_label_match,sports,ice hockey player;speed skater,Q10866633;Q11774891,https://www.wikidata.org/wiki/Q1337991,medium,Exact English label match against Wikidata human items; verify ambiguous names before final product display.
hf-famous-0269-albert-hopf,Albert Hopf,Q1524527,Albert Hopf,exact_en_label_match,business,publisher;writer,Q2516866;Q36180,https://www.wikidata.org/wiki/Q1524527,medium,Exact English label match against Wikidata human items; verify ambiguous names before final product display.
hf-famous-0270-albert-jacquard,Albert Jacquard,Q2831279,Albert Jacquard,exact_en_label_match,science_academia,biologist;essayist;geneticist;philosopher,Q11774202;Q3126128;Q4964182;Q864503,https://www.wikidata.org/wiki/Q2831279,medium,Exact English label match against Wikidata human items; verify ambiguous names before final product display.
hf-famous-0271-albert-kahn,Albert Kahn,Q591909,Albert Kahn,exact_en_label_match,business,architect;banker,Q42973;Q806798,https://www.wikidata.org/wiki/Q591909,medium,Exact English label match against Wikidata human items; verify ambiguous names before final product display.
hf-famous-0272-albert-kesselring,Albert Kesselring,Q57134,Albert Kesselring,exact_en_label_match,public_figure_other,aircraft pilot;autobiographer;military personnel,Q18814623;Q2095549;Q47064,https://www.wikidata.org/wiki/Q57134,medium,Exact English label match against Wikidata human items; verify ambiguous names before final product display.
hf-famous-0273-albert-kluyver,Albert Kluyver,Q903240,Albert Kluyver,exact_en_label_match,public_figure_other,biochemist;botanist;microbiologist;university teacher,Q1622272;Q2374149;Q2919046;Q3779582,https://www.wikidata.org/wiki/Q903240,medium,Exact English label match against Wikidata human items; verify ambiguous names before final product display.
hf-famous-0274-albert-lamorisse,Albert Lamorisse,Q727562,Albert Lamorisse,exact_en_label_match,entertainer,board game designer;director;film director;film producer;screenwriter;writer,Q1544133;Q2526255;Q28389;Q3282637;Q3455803;Q36180,https://www.wikidata.org/wiki/Q727562,medium,Exact English label match against Wikidata human items; verify ambiguous names before final product display.
hf-famous-0275-albert-lauzero,Albert Lauzero,Q35844462,Albert Lauzero,exact_en_label_match,arts,painter;printmaker;watercolorist,Q1028181;Q11569986;Q17505902,https://www.wikidata.org/wiki/Q35844462,medium,Exact English label match against Wikidata human items; verify ambiguous names before final product display.
hf-famous-0276-albert-lebourg,Albert Lebourg,Q630973,Albert Lebourg,exact_en_label_match,arts,painter,Q1028181,https://www.wikidata.org/wiki/Q630973,medium,Exact English label match against Wikidata human items; verify ambiguous names before final product display.
hf-famous-0277-albert-lebrun,Albert Lebrun,,,no_exact_en_label_match,wikidata_not_found,,,https://www.wikidata.org/,low,No exact English-label Wikidata human match in batch query.
hf-famous-0278-albert-lempereur,Albert Lempereur,,,no_exact_en_label_match,wikidata_not_found,,,https://www.wikidata.org/,low,No exact English-label Wikidata human match in batch query.
hf-famous-0279-albert-londe,Albert Londe,Q1850723,Albert Londe,exact_en_label_match,arts,photographer;radiographer,Q2294052;Q33231,https://www.wikidata.org/wiki/Q1850723,medium,Exact English label match against Wikidata human items; verify ambiguous names before final product display.
hf-famous-0280-albert-lortzing,Albert Lortzing,Q154203,Albert Lortzing,exact_en_label_match,entertainer,actor;composer;conductor;librettist;opera singer;singer;stage actor;writer,Q158852;Q177220;Q2259451;Q2865819;Q33999;Q36180;Q36834;Q8178443,https://www.wikidata.org/wiki/Q154203,medium,Exact English label match against Wikidata human items; verify ambiguous names before final product display.
hf-famous-0281-albert-millet,Albert Millet,Q24050416,Albert Millet,exact_en_label_match,entertainer,composer;draftsperson;marksman;serial killer,Q15296811;Q3529376;Q36834;Q484188,https://www.wikidata.org/wiki/Q24050416,medium,Exact English label match against Wikidata human items; verify ambiguous names before final product display.
hf-famous-0282-albert-mockel,Albert Mockel,Q2831420,Albert Mockel,exact_en_label_match,writer_media,literary critic;poet;writer,Q36180;Q4263842;Q49757,https://www.wikidata.org/wiki/Q2831420,medium,Exact English label match against Wikidata human items; verify ambiguous names before final product display.
hf-famous-0283-albert-m-rat,Albert Mérat,Q2371393,Albert Mérat,exact_en_label_match,writer_media,poet;translator;writer,Q333634;Q36180;Q49757,https://www.wikidata.org/wiki/Q2371393,medium,Exact English label match against Wikidata human items; verify ambiguous names before final product display.
hf-famous-0284-albert-neuhuys,Albert Neuhuys,Q2500931,Albert Neuhuys,exact_en_label_match,arts,draftsperson;lithographer;painter;performance artist;visual artist;watercolorist,Q1028181;Q10774753;Q15296811;Q16947657;Q17505902;Q3391743,https://www.wikidata.org/wiki/Q2500931,medium,Exact English label match against Wikidata human items; verify ambiguous names before final product display.
hf-famous-0285-albert-palle,Albert Palle,Q2831446,Albert Palle,exact_en_label_match,writer_media,French resistance fighter;journalist,Q1930187;Q23833535,https://www.wikidata.org/wiki/Q2831446,medium,Exact English label match against Wikidata human items; verify ambiguous names before final product display.
hf-famous-0286-albert-robida,Albert Robida,Q946733,Albert Robida,exact_en_label_match,writer_media,caricaturist;children's writer;draftsperson;etcher;exlibrist;illustrator;journalist;lithographer;novelist;painter;science fiction writer;watercolorist;writer,Q1028181;Q107212688;Q10862983;Q15296811;Q16947657;Q17505902;Q18844224;Q1930187;Q36180;Q3658608;Q4853732;Q644687;Q6625963,https://www.wikidata.org/wiki/Q946733,medium,Exact English label match against Wikidata human items; verify ambiguous names before final product display.
hf-famous-0287-albert-rochas-d-aiglun,Albert Rochas D'Aiglun,,,no_exact_en_label_match,wikidata_not_found,,,https://www.wikidata.org/,low,No exact English-label Wikidata human match in batch query.
hf-famous-0288-albert-r-my,Albert Rémy,Q2831527,Albert Rémy,exact_en_label_match,entertainer,actor;film actor,Q10800557;Q33999,https://www.wikidata.org/wiki/Q2831527,medium,Exact English label match against Wikidata human items; verify ambiguous names before final product display.
hf-famous-0289-albert-sacco-jr,Albert Sacco Jr.,,,no_exact_en_label_match,wikidata_not_found,,,https://www.wikidata.org/,low,No exact English-label Wikidata human match in batch query.
hf-famous-0290-albert-schoendienst,Albert Schoendienst,,,no_exact_en_label_match,wikidata_not_found,,,https://www.wikidata.org/,low,No exact English-label Wikidata human match in batch query.
hf-famous-0291-albert-schweitzer,Albert Schweitzer,Q49325,Albert Schweitzer,exact_en_label_match,entertainer,composer;editorial cartoonist;missionary;music historian;musicologist;organist;philosopher;physician;physician writer;theologian;university teacher,Q1234713;Q14915627;Q1622272;Q20198542;Q219477;Q3024627;Q36834;Q39631;Q4964182;Q551835;Q765778,https://www.wikidata.org/wiki/Q49325,medium,Exact English label match against Wikidata human items; verify ambiguous names before final product display.
hf-famous-0292-albert-scott-crossfield,Albert Scott Crossfield,Q955842,Albert Scott Crossfield,exact_en_label_match,science_academia,aircraft pilot;astronaut;military flight engineer;military officer,Q10497074;Q11631;Q189290;Q2095549,https://www.wikidata.org/wiki/Q955842,medium,Exact English label match against Wikidata human items; verify ambiguous names before final product display.
hf-famous-0293-albert-simonin,Albert Simonin,Q533171,Albert Simonin,exact_en_label_match,entertainer,film actor;screenwriter;writer,Q10800557;Q28389;Q36180,https://www.wikidata.org/wiki/Q533171,medium,Exact English label match against Wikidata human items; verify ambiguous names before final product display.
hf-famous-0294-albert-sorel,Albert Sorel,Q1278915,Albert Sorel,exact_en_label_match,politics,diplomat;historian;writer,Q193391;Q201788;Q36180,https://www.wikidata.org/wiki/Q1278915,medium,Exact English label match against Wikidata human items; verify ambiguous names before final product display.
hf-famous-0295-albert-spaggiari,Albert Spaggiari,Q2036029,Albert Spaggiari,exact_en_label_match,writer_media,intelligence agent;military personnel;photographer;thief;writer,Q33231;Q3562775;Q36180;Q392651;Q47064,https://www.wikidata.org/wiki/Q2036029,medium,Exact English label match against Wikidata human items; verify ambiguous names before final product display.
hf-famous-0296-albert-speer,Albert Speer,Q60045,Albert Speer,exact_en_label_match,arts,Holocaust perpetrator;architect;university teacher;urban planner,Q131062;Q134499738;Q1622272;Q42973,https://www.wikidata.org/wiki/Q60045,medium,Exact English label match against Wikidata human items; verify ambiguous names before final product display.
hf-famous-0297-albert-uderzo,Albert Uderzo,Q206685,Albert Uderzo,exact_en_label_match,entertainer,colorist;comics artist;draftsperson;film director;illustrator;painter;screenwriter;visual artist,Q1028181;Q1111648;Q15296811;Q2526255;Q28389;Q3391743;Q644687;Q715301,https://www.wikidata.org/wiki/Q206685,medium,Exact English label match against Wikidata human items; verify ambiguous names before final product display.
hf-famous-0298-albert-voisin,Albert Voisin,,,no_exact_en_label_match,wikidata_not_found,,,https://www.wikidata.org/,low,No exact English-label Wikidata human match in batch query.
hf-famous-0299-albert-warren,Albert Warren,,,no_exact_en_label_match,wikidata_not_found,,,https://www.wikidata.org/,low,No exact English-label Wikidata human match in batch query.
hf-famous-0300-albert-yvel,Albert Yvel,Q2639088,Albert Yvel,exact_en_label_match,sports,boxer,Q11338576,https://www.wikidata.org/wiki/Q2639088,medium,Exact English label match against Wikidata human items; verify ambiguous names before final product display.
hf-famous-0301-albert-de-lapparent,Albert de Lapparent,Q2739611,Albert de Lapparent,exact_en_label_match,science_academia,geologist;mineralogist;mining engineer;university teacher,Q13416354;Q1622272;Q18524075;Q520549,https://www.wikidata.org/wiki/Q2739611,medium,Exact English label match against Wikidata human items; verify ambiguous names before final product display.
hf-famous-0302-alberto-angelini,Alberto Angelini,Q3608118,Alberto Angelini,exact_en_label_match,sports,psychoanalyst;psychologist;psychotherapist;university teacher;water polo player,Q1622272;Q17524364;Q1900167;Q212980;Q3410028,https://www.wikidata.org/wiki/Q3608118,medium,Exact English label match against Wikidata human items; verify ambiguous names before final product display.
hf-famous-0303-alberto-ascari,Alberto Ascari,Q2086,Alberto Ascari,exact_en_label_match,sports,Formula One driver;motorcycle racer,Q10841764;Q3014296,https://www.wikidata.org/wiki/Q2086,medium,Exact English label match against Wikidata human items; verify ambiguous names before final product display.
hf-famous-0304-alberto-bertuccelli,Alberto Bertuccelli,Q67988,Alberto Bertuccelli,exact_en_label_match,sports,association football player,Q937857,https://www.wikidata.org/wiki/Q67988,medium,Exact English label match against Wikidata human items; verify ambiguous names before final product display.
hf-famous-0305-alberto-bertuzzi,Alberto Bertuzzi,Q3608149,Alberto Bertuzzi,exact_en_label_match,politics,journalist;politician,Q1930187;Q82955,https://www.wikidata.org/wiki/Q3608149,medium,Exact English label match against Wikidata human items; verify ambiguous names before final product display.
hf-famous-0306-alberto-bevilacqua,Alberto Bevilacqua,Q1130258,Alberto Bevilacqua,exact_en_label_match,entertainer,director;film director;journalist;poet;screenwriter;writer,Q1930187;Q2526255;Q28389;Q3455803;Q36180;Q49757,https://www.wikidata.org/wiki/Q1130258,medium,Exact English label match against Wikidata human items; verify ambiguous names before final product display.
hf-famous-0307-alberto-bonucci,Alberto Bonucci,Q264986,Alberto Bonucci,exact_en_label_match,entertainer,film actor;film director;stage actor,Q10800557;Q2259451;Q2526255,https://www.wikidata.org/wiki/Q264986,medium,Exact English label match against Wikidata human items; verify ambiguous names before final product display.
hf-famous-0308-alberto-boschi,Alberto Boschi,Q99890421,Alberto Boschi,exact_en_label_match,sports,association football referee,Q859528,https://www.wikidata.org/wiki/Q99890421,medium,Exact English label match against Wikidata human items; verify ambiguous names before final product display.
hf-famous-0309-alberto-castagna,Alberto Castagna,Q3608212,Alberto Castagna,exact_en_label_match,entertainer,journalist;researcher;television presenter,Q1650915;Q1930187;Q947873,https://www.wikidata.org/wiki/Q3608212,medium,Exact English label match against Wikidata human items; verify ambiguous names before final product display.
hf-famous-0310-alberto-colussi,Alberto Colussi,,,no_exact_en_label_match,wikidata_not_found,,,https://www.wikidata.org/,low,No exact English-label Wikidata human match in batch query.
hf-famous-0311-alberto-contador,Alberto Contador,Q132738,Alberto Contador,exact_en_label_match,sports,sport cyclist,Q2309784,https://www.wikidata.org/wiki/Q132738,medium,Exact English label match against Wikidata human items; verify ambiguous names before final product display.
hf-famous-0312-alberto-cova,Alberto Cova,Q365152,Alberto Cova,exact_en_label_match,politics,athletics competitor;economic historian;long-distance runner;politician;university teacher,Q11513337;Q1622272;Q17488363;Q4439155;Q82955,https://www.wikidata.org/wiki/Q365152,medium,Exact English label match against Wikidata human items; verify ambiguous names before final product display.
hf-famous-0313-alberto-dall-ora,Alberto Dall'Ora,,,no_exact_en_label_match,wikidata_not_found,,,https://www.wikidata.org/,low,No exact English-label Wikidata human match in batch query.
hf-famous-0314-alberto-falck,Alberto Falck,Q19399804,Alberto Falck,exact_en_label_match,business,entrepreneur,Q131524,https://www.wikidata.org/wiki/Q19399804,medium,Exact English label match against Wikidata human items; verify ambiguous names before final product display.
hf-famous-0315-alberto-fujimori,Alberto Fujimori,Q133040,Alberto Fujimori,exact_en_label_match,entertainer,agricultural engineer;politician;television presenter;university teacher;writer,Q10272925;Q1622272;Q36180;Q82955;Q947873,https://www.wikidata.org/wiki/Q133040,medium,Exact English label match against Wikidata human items; verify ambiguous names before final product display.
hf-famous-0316-alberto-galassi,Alberto Galassi,Q3608311,Alberto Galassi,exact_en_label_match,sports,association football player,Q937857,https://www.wikidata.org/wiki/Q3608311,medium,Exact English label match against Wikidata human items; verify ambiguous names before final product display.
hf-famous-0317-alberto-giacometti,Alberto Giacometti,Q157194,Alberto Giacometti,exact_en_label_match,writer_media,baker;café owner;designer;draftsperson;illustrator;jewelry designer;lithographer;painter;sculptor;writer,Q1028181;Q1281618;Q15296811;Q160131;Q16947657;Q23924991;Q2519376;Q36180;Q5322166;Q644687,https://www.wikidata.org/wiki/Q157194,medium,Exact English label match against Wikidata human items; verify ambiguous names before final product display.
hf-famous-0318-alberto-gimignani,Alberto Gimignani,Q3608328,Alberto Gimignani,exact_en_label_match,entertainer,actor,Q33999,https://www.wikidata.org/wiki/Q3608328,medium,Exact English label match against Wikidata human items; verify ambiguous names before final product display.
hf-famous-0319-alberto-jardim,Alberto Jardim,,,no_exact_en_label_match,wikidata_not_found,,,https://www.wikidata.org/,low,No exact English-label Wikidata human match in batch query.
hf-famous-0320-alberto-lattuada,Alberto Lattuada,Q59204,Alberto Lattuada,exact_en_label_match,entertainer,actor;draftsperson;film director;film producer;photographer;poet;screenwriter;writer,Q15296811;Q2526255;Q28389;Q3282637;Q33231;Q33999;Q36180;Q49757,https://www.wikidata.org/wiki/Q59204,medium,Exact English label match against Wikidata human items; verify ambiguous names before final product display.
hf-famous-0321-alberto-lionello,Alberto Lionello,Q3209226,Alberto Lionello,exact_en_label_match,entertainer,actor;singer;stage actor;television presenter,Q177220;Q2259451;Q33999;Q947873,https://www.wikidata.org/wiki/Q3209226,medium,Exact English label match against Wikidata human items; verify ambiguous names before final product display.
hf-famous-0322-alberto-lupo,Alberto Lupo,Q247435,Alberto Lupo,exact_en_label_match,entertainer,film actor;stage actor;television actor;television presenter,Q10798782;Q10800557;Q2259451;Q947873,https://www.wikidata.org/wiki/Q247435,medium,Exact English label match against Wikidata human items; verify ambiguous names before final product display.
hf-famous-0323-alberto-martini,Alberto Martini,Q21541918,Alberto Martini,exact_en_label_match,science_academia,art historian;researcher,Q1650915;Q1792450,https://www.wikidata.org/wiki/Q21541918,medium,Exact English label match against Wikidata human items; verify ambiguous names before final product display.
hf-famous-0324-alberto-moravia,Alberto Moravia,Q161933,Alberto Moravia,exact_en_label_match,writer_media,political candidate;writer,Q19772737;Q36180,https://www.wikidata.org/wiki/Q161933,medium,Exact English label match against Wikidata human items; verify ambiguous names before final product display.
hf-famous-0325-alberto-piccinini,Alberto Piccinini,Q2831818,Alberto Piccinini,exact_en_label_match,entertainer,association football coach;association football player;lawyer;politician;screenwriter;trade unionist;writer,Q15627169;Q28389;Q36180;Q40348;Q628099;Q82955;Q937857,https://www.wikidata.org/wiki/Q2831818,medium,Exact English label match against Wikidata human items; verify ambiguous names before final product display.
hf-famous-0326-alberto-pimenta,Alberto Pimenta,Q2543124,Alberto Pimenta,exact_en_label_match,writer_media,poet;university teacher;writer,Q1622272;Q36180;Q49757,https://www.wikidata.org/wiki/Q2543124,medium,Exact English label match against Wikidata human items; verify ambiguous names before final product display.
hf-famous-0327-alberto-rabagliati,Alberto Rabagliati,Q1723694,Alberto Rabagliati,exact_en_label_match,entertainer,actor;radio personality;singer,Q177220;Q2722764;Q33999,https://www.wikidata.org/wiki/Q1723694,medium,Exact English label match against Wikidata human items; verify ambiguous names before final product display.
hf-famous-0328-alberto-sordi,Alberto Sordi,Q50003,Alberto Sordi,exact_en_label_match,entertainer,actor;comedian;composer;director;dub actor;film actor;film director;screenwriter;singer;stage actor;television actor;writer,Q10798782;Q10800557;Q11481802;Q177220;Q2259451;Q245068;Q2526255;Q28389;Q33999;Q3455803;Q36180;Q36834,https://www.wikidata.org/wiki/Q50003,medium,Exact English label match against Wikidata human items; verify ambiguous names before final product display.
hf-famous-0329-albino-galvano,Albino Galvano,Q3608778,Albino Galvano,exact_en_label_match,writer_media,art critic;art historian;painter;philosopher;visual artist,Q1028181;Q1792450;Q3391743;Q4164507;Q4964182,https://www.wikidata.org/wiki/Q3608778,medium,Exact English label match against Wikidata human items; verify ambiguous names before final product display.
hf-famous-0330-albrecht-fleckenstein,Albrecht Fleckenstein,Q2639772,Albrecht Fleckenstein,exact_en_label_match,science_academia,pharmacologist;physician;physiologist;university teacher,Q1622272;Q2055046;Q2114605;Q39631,https://www.wikidata.org/wiki/Q2639772,medium,Exact English label match against Wikidata human items; verify ambiguous names before final product display.
hf-famous-0331-albrecht-penck,Albrecht Penck,Q76756,Albrecht Penck,exact_en_label_match,public_figure_other,climatologist;geographer;geologist;university teacher,Q1113838;Q1622272;Q520549;Q901402,https://www.wikidata.org/wiki/Q76756,medium,Exact English label match against Wikidata human items; verify ambiguous names before final product display.
hf-famous-0332-albrecht-ritschl,Albrecht Ritschl,Q63173,Albrecht Ritschl,exact_en_label_match,science_academia,economic historian;economist;philosopher;theologian;university teacher,Q1234713;Q1622272;Q17488363;Q188094;Q4964182,https://www.wikidata.org/wiki/Q63173,medium,Exact English label match against Wikidata human items; verify ambiguous names before final product display.
hf-famous-0333-alcala-zamora,Alcala Zamora,,,no_exact_en_label_match,wikidata_not_found,,,https://www.wikidata.org/,low,No exact English-label Wikidata human match in batch query.
hf-famous-0334-alcide-de-gasperi,Alcide De Gasperi,Q153832,Alcide De Gasperi,exact_en_label_match,politics,diplomat;journalist;linguist;politician,Q14467526;Q1930187;Q193391;Q82955,https://www.wikidata.org/wiki/Q153832,medium,Exact English label match against Wikidata human items; verify ambiguous names before final product display.
hf-famous-0335-alda-d-eusanio,Alda D'Eusanio,Q3609053,Alda D'Eusanio,exact_en_label_match,entertainer,journalist;television presenter,Q1930187;Q947873,https://www.wikidata.org/wiki/Q3609053,medium,Exact English label match against Wikidata human items; verify ambiguous names before final product display.
hf-famous-0336-alda-merini,Alda Merini,Q241087,Alda Merini,exact_en_label_match,writer_media,poet;writer,Q36180;Q49757,https://www.wikidata.org/wiki/Q241087,medium,Exact English label match against Wikidata human items; verify ambiguous names before final product display.
hf-famous-0337-alden-partridge-colvocoresses,Alden Partridge Colvocoresses,Q4713568,Alden Partridge Colvocoresses,exact_en_label_match,public_figure_other,military personnel,Q47064,https://www.wikidata.org/wiki/Q4713568,medium,Exact English label match against Wikidata human items; verify ambiguous names before final product display.
hf-famous-0338-aldo,Aldo,Q45111662,Aldo,exact_en_label_match,public_figure_other,presbyter,Q831474,https://www.wikidata.org/wiki/Q45111662,medium,Exact English label match against Wikidata human items; verify ambiguous names before final product display.
hf-famous-0339-aldo-baglia,Aldo Baglia,,,no_exact_en_label_match,wikidata_not_found,,,https://www.wikidata.org/,low,No exact English-label Wikidata human match in batch query.
hf-famous-0340-aldo-ballarin,Aldo Ballarin,Q1024192,Aldo Ballarin,exact_en_label_match,sports,association football player,Q937857,https://www.wikidata.org/wiki/Q1024192,medium,Exact English label match against Wikidata human items; verify ambiguous names before final product display.
hf-famous-0341-aldo-boffi,Aldo Boffi,Q922569,Aldo Boffi,exact_en_label_match,sports,association football player,Q937857,https://www.wikidata.org/wiki/Q922569,medium,Exact English label match against Wikidata human items; verify ambiguous names before final product display.
hf-famous-0342-aldo-busi,Aldo Busi,Q368206,Aldo Busi,exact_en_label_match,writer_media,columnist;translator;writer,Q1086863;Q333634;Q36180,https://www.wikidata.org/wiki/Q368206,medium,Exact English label match against Wikidata human items; verify ambiguous names before final product display.
hf-famous-0343-aldo-campatelli,Aldo Campatelli,Q765507,Aldo Campatelli,exact_en_label_match,sports,association football coach;association football player,Q628099;Q937857,https://www.wikidata.org/wiki/Q765507,medium,Exact English label match against Wikidata human items; verify ambiguous names before final product display.
hf-famous-0344-aldo-capitini,Aldo Capitini,Q517837,Aldo Capitini,exact_en_label_match,politics,partisan;pedagogue;philosopher;poet;politician;university teacher,Q1231865;Q1622272;Q212948;Q4964182;Q49757;Q82955,https://www.wikidata.org/wiki/Q517837,medium,Exact English label match against Wikidata human items; verify ambiguous names before final product display.
hf-famous-0345-aldo-ceccato,Aldo Ceccato,Q2713218,Aldo Ceccato,exact_en_label_match,entertainer,composer;conductor,Q158852;Q36834,https://www.wikidata.org/wiki/Q2713218,medium,Exact English label match against Wikidata human items; verify ambiguous names before final product display.
hf-famous-0346-aldo-fabrizi,Aldo Fabrizi,Q55450,Aldo Fabrizi,exact_en_label_match,entertainer,actor;comedian;director;film actor;film director;screenwriter;stage actor,Q10800557;Q2259451;Q245068;Q2526255;Q28389;Q33999;Q3455803,https://www.wikidata.org/wiki/Q55450,medium,Exact English label match against Wikidata human items; verify ambiguous names before final product display.
hf-famous-0347-aldo-garzanti,Aldo Garzanti,Q3609222,Aldo Garzanti,exact_en_label_match,business,businessperson;entrepreneur;publisher,Q131524;Q2516866;Q43845,https://www.wikidata.org/wiki/Q3609222,medium,Exact English label match against Wikidata human items; verify ambiguous names before final product display.
hf-famous-0348-aldo-graziati,Aldo Graziati,,,no_exact_en_label_match,wikidata_not_found,,,https://www.wikidata.org/,low,No exact English-label Wikidata human match in batch query.
hf-famous-0349-aldo-gucci,Aldo Gucci,Q16012440,Aldo Gucci,exact_en_label_match,business,businessperson;entrepreneur;fashion designer,Q131524;Q3501317;Q43845,https://www.wikidata.org/wiki/Q16012440,medium,Exact English label match against Wikidata human items; verify ambiguous names before final product display.
hf-famous-0350-aldo-maccione,Aldo Maccione,Q452366,Aldo Maccione,exact_en_label_match,entertainer,actor;film actor;singer,Q10800557;Q177220;Q33999,https://www.wikidata.org/wiki/Q452366,medium,Exact English label match against Wikidata human items; verify ambiguous names before final product display.
hf-famous-0351-aldo-moro,Aldo Moro,Q171834,Aldo Moro,exact_en_label_match,politics,bassist;diplomat;politician;professor,Q121594;Q193391;Q584301;Q82955,https://www.wikidata.org/wiki/Q171834,medium,Exact English label match against Wikidata human items; verify ambiguous names before final product display.
hf-famous-0352-aldo-olivieri,Aldo Olivieri,Q967005,Aldo Olivieri,exact_en_label_match,sports,association football coach;association football player,Q628099;Q937857,https://www.wikidata.org/wiki/Q967005,medium,Exact English label match against Wikidata human items; verify ambiguous names before final product display.
hf-famous-0353-aldo-palazzeschi,Aldo Palazzeschi,Q685342,Aldo Palazzeschi,exact_en_label_match,writer_media,journalist;poet;prose writer;science fiction writer;writer,Q12144794;Q18844224;Q1930187;Q36180;Q49757,https://www.wikidata.org/wiki/Q685342,medium,Exact English label match against Wikidata human items; verify ambiguous names before final product display.
hf-famous-0354-aldo-puccinelli,Aldo Puccinelli,Q3609299,Aldo Puccinelli,exact_en_label_match,sports,association football coach;association football player,Q628099;Q937857,https://www.wikidata.org/wiki/Q3609299,medium,Exact English label match against Wikidata human items; verify ambiguous names before final product display.
hf-famous-0355-aldo-serena,Aldo Serena,Q461581,Aldo Serena,exact_en_label_match,sports,association football player,Q937857,https://www.wikidata.org/wiki/Q461581,medium,Exact English label match against Wikidata human items; verify ambiguous names before final product display.
hf-famous-0356-aldo-silvani,Aldo Silvani,Q2832333,Aldo Silvani,exact_en_label_match,entertainer,actor;film director;stage actor;voice actor,Q2259451;Q2405480;Q2526255;Q33999,https://www.wikidata.org/wiki/Q2832333,medium,Exact English label match against Wikidata human items; verify ambiguous names before final product display.
hf-famous-0357-aldo-spoldi,Aldo Spoldi,Q43137969,Aldo Spoldi,exact_en_label_match,sports,artist;boxer,Q11338576;Q483501,https://www.wikidata.org/wiki/Q43137969,medium,Exact English label match against Wikidata human items; verify ambiguous names before final product display.
hf-famous-0358-alec-william-badenoch,Alec William Badenoch,,,no_exact_en_label_match,wikidata_not_found,,,https://www.wikidata.org/,low,No exact English-label Wikidata human match in batch query.
hf-famous-0359-alene-bertha-duerk,Alene Bertha Duerk,,,no_exact_en_label_match,wikidata_not_found,,,https://www.wikidata.org/,low,No exact English-label Wikidata human match in batch query.
hf-famous-0360-alenya-bortolotto,Alenya Bortolotto,,,no_exact_en_label_match,wikidata_not_found,,,https://www.wikidata.org/,low,No exact English-label Wikidata human match in batch query.
hf-famous-0361-alessandra-canale,Alessandra Canale,Q3609664,Alessandra Canale,exact_en_label_match,entertainer,actor;announcer;film actor;television presenter,Q10800557;Q1371925;Q33999;Q947873,https://www.wikidata.org/wiki/Q3609664,medium,Exact English label match against Wikidata human items; verify ambiguous names before final product display.
hf-famous-0362-alessandra-meloni,Alessandra Meloni,Q3609702,Alessandra Meloni,exact_en_label_match,entertainer,model,Q4610556,https://www.wikidata.org/wiki/Q3609702,medium,Exact English label match against Wikidata human items; verify ambiguous names before final product display.
hf-famous-0363-alessandra-mussolini,Alessandra Mussolini,Q285543,Alessandra Mussolini,exact_en_label_match,entertainer,film actor;model;musician;politician,Q10800557;Q4610556;Q639669;Q82955,https://www.wikidata.org/wiki/Q285543,medium,Exact English label match against Wikidata human items; verify ambiguous names before final product display.
hf-famous-0364-alessandra-sensini,Alessandra Sensini,Q651864,Alessandra Sensini,exact_en_label_match,public_figure_other,sailor;windsurfer,Q13382487;Q476246,https://www.wikidata.org/wiki/Q651864,medium,Exact English label match against Wikidata human items; verify ambiguous names before final product display.
hf-famous-0365-alessandra-sublet,Alessandra Sublet,Q2832730,Alessandra Sublet,exact_en_label_match,entertainer,radio personality;television presenter,Q2722764;Q947873,https://www.wikidata.org/wiki/Q2832730,medium,Exact English label match against Wikidata human items; verify ambiguous names before final product display.
hf-famous-0366-alessandra-virginio,Alessandra Virginio,,,no_exact_en_label_match,wikidata_not_found,,,https://www.wikidata.org/,low,No exact English-label Wikidata human match in batch query.
hf-famous-0367-alessandro-benetton,Alessandro Benetton,Q461249,Alessandro Benetton,exact_en_label_match,business,businessperson;entrepreneur,Q131524;Q43845,https://www.wikidata.org/wiki/Q461249,medium,Exact English label match against Wikidata human items; verify ambiguous names before final product display.
hf-famous-0368-alessandro-benvenuti,Alessandro Benvenuti,Q2641063,Alessandro Benvenuti,exact_en_label_match,entertainer,actor;film director;screenwriter;writer,Q2526255;Q28389;Q33999;Q36180,https://www.wikidata.org/wiki/Q2641063,medium,Exact English label match against Wikidata human items; verify ambiguous names before final product display.
hf-famous-0369-alessandro-blasetti,Alessandro Blasetti,Q53005,Alessandro Blasetti,exact_en_label_match,entertainer,film director;film editor;record producer;screenwriter,Q183945;Q2526255;Q28389;Q7042855,https://www.wikidata.org/wiki/Q53005,medium,Exact English label match against Wikidata human items; verify ambiguous names before final product display.
hf-famous-0370-alessandro-calcaterra,Alessandro Calcaterra,Q3609896,Alessandro Calcaterra,exact_en_label_match,sports,physicist;water polo player,Q169470;Q17524364,https://www.wikidata.org/wiki/Q3609896,medium,Exact English label match against Wikidata human items; verify ambiguous names before final product display.
hf-famous-0371-alessandro-campagna,Alessandro Campagna,Q4716313,Alessandro Campagna,exact_en_label_match,sports,Thai boxer;kickboxer,Q11296761;Q388513,https://www.wikidata.org/wiki/Q4716313,medium,Exact English label match against Wikidata human items; verify ambiguous names before final product display.
hf-famous-0372-alessandro-chionna,Alessandro Chionna,,,no_exact_en_label_match,wikidata_not_found,,,https://www.wikidata.org/,low,No exact English-label Wikidata human match in batch query.
hf-famous-0373-alessandro-cicognini,Alessandro Cicognini,Q326646,Alessandro Cicognini,exact_en_label_match,entertainer,composer;film score composer,Q1415090;Q36834,https://www.wikidata.org/wiki/Q326646,medium,Exact English label match against Wikidata human items; verify ambiguous names before final product display.
hf-famous-0374-alessandro-d-ottavio,Alessandro D'Ottavio,Q2466968,Alessandro D'Ottavio,exact_en_label_match,sports,boxer,Q11338576,https://www.wikidata.org/wiki/Q2466968,medium,Exact English label match against Wikidata human items; verify ambiguous names before final product display.
hf-famous-0375-alessandro-de-simone,Alessandro De Simone,Q104756819,Alessandro De Simone,exact_en_label_match,science_academia,researcher,Q1650915,https://www.wikidata.org/wiki/Q104756819,medium,Exact English label match against Wikidata human items; verify ambiguous names before final product display.
hf-famous-0376-alessandro-grego,Alessandro Grego,Q108327145,Alessandro Grego,exact_en_label_match,entertainer,composer,Q36834,https://www.wikidata.org/wiki/Q108327145,medium,Exact English label match against Wikidata human items; verify ambiguous names before final product display.
hf-famous-0377-alessandro-haber,Alessandro Haber,Q556039,Alessandro Haber,exact_en_label_match,entertainer,actor;comedian;composer;director;film director;singer;songwriter,Q177220;Q245068;Q2526255;Q33999;Q3455803;Q36834;Q753110,https://www.wikidata.org/wiki/Q556039,medium,Exact English label match against Wikidata human items; verify ambiguous names before final product display.
hf-famous-0378-alessandro-lorenti,Alessandro Lorenti,Q95901850,Alessandro Lorenti,exact_en_label_match,entertainer,actor,Q33999,https://www.wikidata.org/wiki/Q95901850,medium,Exact English label match against Wikidata human items; verify ambiguous names before final product display.
hf-famous-0379-alessandro-manzoni,Alessandro Manzoni,Q1064,Alessandro Manzoni,exact_en_label_match,politics,hellenist;novelist;painter;playwright;poet;politician;writer,Q1028181;Q18916625;Q214917;Q36180;Q49757;Q6625963;Q82955,https://www.wikidata.org/wiki/Q1064,medium,Exact English label match against Wikidata human items; verify ambiguous names before final product display.
hf-famous-0380-alessandro-momo,Alessandro Momo,Q777691,Alessandro Momo,exact_en_label_match,entertainer,actor,Q33999,https://www.wikidata.org/wiki/Q777691,medium,Exact English label match against Wikidata human items; verify ambiguous names before final product display.
hf-famous-0381-alessandro-moreschi,Alessandro Moreschi,Q504969,Alessandro Moreschi,exact_en_label_match,entertainer,anatomist;castrato;musician;opera singer;physician;physiologist;singer;university teacher,Q10872101;Q1622272;Q177220;Q2055046;Q210970;Q2865819;Q39631;Q639669,https://www.wikidata.org/wiki/Q504969,medium,Exact English label match against Wikidata human items; verify ambiguous names before final product display.
hf-famous-0382-alessandro-nannini,Alessandro Nannini,Q173087,Alessandro Nannini,exact_en_label_match,entertainer,Formula One driver;actor;politician;racing automobile driver,Q10349745;Q10841764;Q33999;Q82955,https://www.wikidata.org/wiki/Q173087,medium,Exact English label match against Wikidata human items; verify ambiguous names before final product display.
hf-famous-0383-alessandro-natta,Alessandro Natta,Q1737249,Alessandro Natta,exact_en_label_match,politics,journalist;politician,Q1930187;Q82955,https://www.wikidata.org/wiki/Q1737249,medium,Exact English label match against Wikidata human items; verify ambiguous names before final product display.
hf-famous-0384-alessandro-nivola,Alessandro Nivola,Q350424,Alessandro Nivola,exact_en_label_match,entertainer,actor;film actor;stage actor;television actor,Q10798782;Q10800557;Q2259451;Q33999,https://www.wikidata.org/wiki/Q350424,medium,Exact English label match against Wikidata human items; verify ambiguous names before final product display.
hf-famous-0385-alessandro-penna,Alessandro Penna,Q96128785,Alessandro Penna,exact_en_label_match,science_academia,researcher,Q1650915,https://www.wikidata.org/wiki/Q96128785,medium,Exact English label match against Wikidata human items; verify ambiguous names before final product display.
hf-famous-0386-alessandro-puccini,Alessandro Puccini,Q25967,Alessandro Puccini,exact_en_label_match,public_figure_other,fencer,Q13381863,https://www.wikidata.org/wiki/Q25967,medium,Exact English label match against Wikidata human items; verify ambiguous names before final product display.
hf-famous-0387-alessandro-ruffo,Alessandro Ruffo,,,no_exact_en_label_match,wikidata_not_found,,,https://www.wikidata.org/,low,No exact English-label Wikidata human match in batch query.
hf-famous-0388-alessia-marcuzzi,Alessia Marcuzzi,Q2247774,Alessia Marcuzzi,exact_en_label_match,entertainer,actor;model;television presenter,Q33999;Q4610556;Q947873,https://www.wikidata.org/wiki/Q2247774,medium,Exact English label match against Wikidata human items; verify ambiguous names before final product display.
hf-famous-0389-alessio-boni,Alessio Boni,Q944553,Alessio Boni,exact_en_label_match,entertainer,actor;film actor;stage actor,Q10800557;Q2259451;Q33999,https://www.wikidata.org/wiki/Q944553,medium,Exact English label match against Wikidata human items; verify ambiguous names before final product display.
hf-famous-0390-alex-arredondo,Alex Arredondo,,,no_exact_en_label_match,wikidata_not_found,,,https://www.wikidata.org/,low,No exact English-label Wikidata human match in batch query.
hf-famous-0391-alex-baroni,Alex Baroni,Q3610626,Alex Baroni,exact_en_label_match,entertainer,singer;singer-songwriter,Q177220;Q488205,https://www.wikidata.org/wiki/Q3610626,medium,Exact English label match against Wikidata human items; verify ambiguous names before final product display.
hf-famous-0392-alex-benzie,Alex Benzie,,,no_exact_en_label_match,wikidata_not_found,,,https://www.wikidata.org/,low,No exact English-label Wikidata human match in batch query.
hf-famous-0393-alex-ferguson,Alex Ferguson,Q44980,Alex Ferguson,exact_en_label_match,sports,association football coach;association football player;autobiographer;baseball player;manager;physician;writer,Q10871364;Q18814623;Q2462658;Q36180;Q39631;Q628099;Q937857,https://www.wikidata.org/wiki/Q44980,medium,Exact English label match against Wikidata human items; verify ambiguous names before final product display.
hf-famous-0394-alex-groza,Alex Groza,Q259401,Alex Groza,exact_en_label_match,sports,basketball coach;basketball player,Q3665646;Q5137571,https://www.wikidata.org/wiki/Q259401,medium,Exact English label match against Wikidata human items; verify ambiguous names before final product display.
hf-famous-0395-alex-haley,Alex Haley,Q296069,Alex Haley,exact_en_label_match,entertainer,historian;journalist;military personnel;novelist;screenwriter;writer,Q1930187;Q201788;Q28389;Q36180;Q47064;Q6625963,https://www.wikidata.org/wiki/Q296069,medium,Exact English label match against Wikidata human items; verify ambiguous names before final product display.
hf-famous-0396-alex-harvey,Alex Harvey,Q45375,Alex Harvey,exact_en_label_match,entertainer,composer;country singer;cross-country skier;curler;film director;musician;recording artist;researcher;singer-songwriter;songwriter;wheelchair curler,Q13382608;Q1650915;Q17516936;Q2526255;Q28836794;Q36834;Q488205;Q55960555;Q639669;Q66763708;Q753110,https://www.wikidata.org/wiki/Q45375,medium,Exact English label match against Wikidata human items; verify ambiguous names before final product display.
hf-famous-0397-alex-hill,Alex Hill,Q2641352,Alex Hill,exact_en_label_match,entertainer,basketball player;jazz musician;musician;pianist;researcher,Q15981151;Q1650915;Q3665646;Q486748;Q639669,https://www.wikidata.org/wiki/Q2641352,medium,Exact English label match against Wikidata human items; verify ambiguous names before final product display.
hf-famous-0398-alex-jany,Alex Jany,Q579275,Alex Jany,exact_en_label_match,sports,swimmer;water polo player,Q10843402;Q17524364,https://www.wikidata.org/wiki/Q579275,medium,Exact English label match against Wikidata human items; verify ambiguous names before final product display.
hf-famous-0399-alex-kitson,Alex Kitson,,,no_exact_en_label_match,wikidata_not_found,,,https://www.wikidata.org/,low,No exact English-label Wikidata human match in batch query.
hf-famous-0400-alex-lutz,Alex Lutz,Q2832982,Alex Lutz,exact_en_label_match,entertainer,actor;comedian;film director;screenwriter;stand-up comedian;television actor;theatre director,Q10798782;Q18545066;Q245068;Q2526255;Q28389;Q3387717;Q33999,https://www.wikidata.org/wiki/Q2832982,medium,Exact English label match against Wikidata human items; verify ambiguous names before final product display.
hf-famous-0401-alex-m-tayer,Alex Métayer,Q2832997,Alex Métayer,exact_en_label_match,entertainer,comedian;film director,Q245068;Q2526255,https://www.wikidata.org/wiki/Q2832997,medium,Exact English label match against Wikidata human items; verify ambiguous names before final product display.
hf-famous-0402-alex-olmedo,Alex Olmedo,Q734544,Alex Olmedo,exact_en_label_match,sports,tennis player,Q10833314,https://www.wikidata.org/wiki/Q734544,medium,Exact English label match against Wikidata human items; verify ambiguous names before final product display.
hf-famous-0403-alex-romero,Alex Romero,Q4717708,Alex Romero,exact_en_label_match,entertainer,American football player;baseball player;choreographer;dancer;pornographic actor,Q10871364;Q19204627;Q2490358;Q488111;Q5716684,https://www.wikidata.org/wiki/Q4717708,medium,Exact English label match against Wikidata human items; verify ambiguous names before final product display.
hf-famous-0404-alex-sinnaeve,Alex Sinnaeve,,,no_exact_en_label_match,wikidata_not_found,,,https://www.wikidata.org/,low,No exact English-label Wikidata human match in batch query.
hf-famous-0405-alex-th-pot,Alex Thépot,Q736747,Alex Thépot,exact_en_label_match,sports,association football coach;association football player,Q628099;Q937857,https://www.wikidata.org/wiki/Q736747,medium,Exact English label match against Wikidata human items; verify ambiguous names before final product display.
hf-famous-0406-alexander,Alexander,Q72922,Alexander,exact_en_label_match,entertainer,"Catholic bishop;Catholic priest;Christian minister;Eastern Orthodox priest;Hypaspists;Phylarch;actor;archbishop;archimandrite;architect;aristocrat;art historian;artist;association football player;canon;chaser;civil servant;coroplast;deacon;diacon, caterisit;diplomat;engraver;filmmaker;hegumen;heretic;magician;martyr;military leader;military officer;military personnel;model;musician;painter;parson;physician;politician;presbyter;priest;prince;scientist;screenwriter;sculptor;sovereign;spy;strategos",Q1028181;Q1104153;Q1248041;Q1281618;Q1402561;Q1414443;Q1423891;Q15855449;Q161944;Q1792450;Q189290;Q193391;Q19340487;Q212238;Q213159;Q2304859;Q2478141;Q250867;Q2747456;Q28389;Q329439;Q335954;Q33999;Q350347;Q39631;Q42603;Q42973;Q4610556;Q47064;Q483501;Q49476;Q5172331;Q5308427;Q54165684;Q611644;Q633730;Q639669;Q6498826;Q82955;Q831474;Q842781;Q901;Q9352089;Q937857;Q955464,https://www.wikidata.org/wiki/Q72922,medium,Exact English label match against Wikidata human items; verify ambiguous names before final product display.
hf-famous-0407-alexander-b-trowbridge,Alexander B. Trowbridge,,,no_exact_en_label_match,wikidata_not_found,,,https://www.wikidata.org/,low,No exact English-label Wikidata human match in batch query.
hf-famous-0408-alexander-campbell,Alexander Campbell,Q1374999,Alexander Campbell,exact_en_label_match,entertainer,Bible translator;artist;association football player;ballet dancer;basketball player;businessperson;clergyman;composer;ironworker;lawyer;merchant;military officer;newspaper editor;politician;priest;researcher;sheriff;social reformer;socialist;soldier;writer,Q12718544;Q1650915;Q16611574;Q17351648;Q189290;Q215536;Q24262584;Q3069732;Q3315492;Q36180;Q3665646;Q36834;Q40348;Q42603;Q43845;Q483501;Q4991371;Q578478;Q805221;Q82955;Q937857,https://www.wikidata.org/wiki/Q1374999,medium,Exact English label match against Wikidata human items; verify ambiguous names before final product display.
hf-famous-0409-alexander-eadie,Alexander Eadie,,,no_exact_en_label_match,wikidata_not_found,,,https://www.wikidata.org/,low,No exact English-label Wikidata human match in batch query.
hf-famous-0410-alexander-fleck,Alexander Fleck,Q75597550,Alexander Fleck,exact_en_label_match,wikidata_no_occupation,,,https://www.wikidata.org/wiki/Q75597550,medium,Exact English label match against Wikidata human items; verify ambiguous names before final product display.
hf-famous-0411-alexander-fleming,Alexander Fleming,Q37064,Alexander Fleming,exact_en_label_match,politics,Christian minister;bacteriologist;financial analyst;inventor;pharmacologist;physician;researcher;surgeon,Q1416279;Q1423891;Q15816836;Q1650915;Q205375;Q2114605;Q39631;Q774306,https://www.wikidata.org/wiki/Q37064,medium,Exact English label match against Wikidata human items; verify ambiguous names before final product display.
hf-famous-0412-alexander-gillon,Alexander Gillon,Q2642191,Alexander Gillon,exact_en_label_match,politics,politician,Q82955,https://www.wikidata.org/wiki/Q2642191,medium,Exact English label match against Wikidata human items; verify ambiguous names before final product display.
hf-famous-0413-alexander-graham-bell,Alexander Graham Bell,Q34286,Alexander Graham Bell,exact_en_label_match,business,businessperson;electrical engineer;engineer;inventor;physicist;professor,Q121594;Q1326886;Q169470;Q205375;Q43845;Q81096,https://www.wikidata.org/wiki/Q34286,medium,Exact English label match against Wikidata human items; verify ambiguous names before final product display.
hf-famous-0414-alexander-grothendieck,Alexander Grothendieck,Q77141,Alexander Grothendieck,exact_en_label_match,science_academia,mathematician;university teacher,Q1622272;Q170790,https://www.wikidata.org/wiki/Q77141,medium,Exact English label match against Wikidata human items; verify ambiguous names before final product display.
hf-famous-0415-alexander-hughes,Alexander Hughes,Q4719171,Alexander Hughes,exact_en_label_match,sports,association football player;politician,Q82955;Q937857,https://www.wikidata.org/wiki/Q4719171,medium,Exact English label match against Wikidata human items; verify ambiguous names before final product display.
hf-famous-0416-alexander-irvine,Alexander Irvine,Q18670678,Alexander Irvine,exact_en_label_match,politics,Christian minister;bookseller;botanist;politician,Q1423891;Q2374149;Q82955;Q998550,https://www.wikidata.org/wiki/Q18670678,medium,Exact English label match against Wikidata human items; verify ambiguous names before final product display.
hf-famous-0417-alexander-neill,Alexander Neill,,,no_exact_en_label_match,wikidata_not_found,,,https://www.wikidata.org/,low,No exact English-label Wikidata human match in batch query.
hf-famous-0418-alexander-ruperti,Alexander Ruperti,Q2833188,Alexander Ruperti,exact_en_label_match,public_figure_other,astrologer,Q155647,https://www.wikidata.org/wiki/Q2833188,medium,Exact English label match against Wikidata human items; verify ambiguous names before final product display.
hf-famous-0419-alexander-salmond,Alexander Salmond,,,no_exact_en_label_match,wikidata_not_found,,,https://www.wikidata.org/,low,No exact English-label Wikidata human match in batch query.
hf-famous-0420-alexander-scott,Alexander Scott,Q2756183,Alexander Scott,exact_en_label_match,writer_media,academic;architect;chemist;engraver;geologist;painter;playwright;poet;provost;weaver;writer,Q1028181;Q214917;Q329439;Q3400985;Q36180;Q42973;Q437512;Q49757;Q520549;Q593644;Q756215,https://www.wikidata.org/wiki/Q2756183,medium,Exact English label match against Wikidata human items; verify ambiguous names before final product display.
hf-famous-0421-alexander-scriabin,Alexander Scriabin,Q185647,Alexander Scriabin,exact_en_label_match,entertainer,composer;pianist;university teacher,Q1622272;Q36834;Q486748,https://www.wikidata.org/wiki/Q185647,medium,Exact English label match against Wikidata human items; verify ambiguous names before final product display.
hf-famous-0422-alexander-semmler,Alexander Semmler,Q94644130,Alexander Semmler,exact_en_label_match,entertainer,composer;conductor;pianist,Q158852;Q36834;Q486748,https://www.wikidata.org/wiki/Q94644130,medium,Exact English label match against Wikidata human items; verify ambiguous names before final product display.
hf-famous-0423-alexander-stuart,Alexander Stuart,Q4720180,Alexander Stuart,exact_en_label_match,entertainer,academic administrator;biologist;critic;lawyer;merchant;novelist;philosopher;physician;physicist;physiologist;politician;screenwriter;university teacher,Q1622272;Q169470;Q2055046;Q21281706;Q215536;Q28389;Q39631;Q40348;Q4964182;Q6430706;Q6625963;Q82955;Q864503,https://www.wikidata.org/wiki/Q4720180,medium,Exact English label match against Wikidata human items; verify ambiguous names before final product display.
hf-famous-0424-alexander-todd,Alexander Todd,Q4720236,Alexander Todd,exact_en_label_match,sports,cricketer;researcher;rugby union player,Q12299841;Q14089670;Q1650915,https://www.wikidata.org/wiki/Q4720236,medium,Exact English label match against Wikidata human items; verify ambiguous names before final product display.
hf-famous-0425-alexander-vialatte,Alexander Vialatte,,,no_exact_en_label_match,wikidata_not_found,,,https://www.wikidata.org/,low,No exact English-label Wikidata human match in batch query.
hf-famous-0426-alexander-von-vietinghoff,Alexander von Vietinghoff,,,no_exact_en_label_match,wikidata_not_found,,,https://www.wikidata.org/,low,No exact English-label Wikidata human match in batch query.
hf-famous-0427-alexandra-david,Alexandra David,,,no_exact_en_label_match,wikidata_not_found,,,https://www.wikidata.org/,low,No exact English-label Wikidata human match in batch query.
hf-famous-0428-alexandra-grant,Alexandra Grant,Q75951506,Alexandra Grant,exact_en_label_match,wikidata_no_occupation,,,https://www.wikidata.org/wiki/Q75951506,medium,Exact English label match against Wikidata human items; verify ambiguous names before final product display.
hf-famous-0429-alexandra-kerry,Alexandra Kerry,Q4720675,Alexandra Kerry,exact_en_label_match,entertainer,actor;film actor;film director,Q10800557;Q2526255;Q33999,https://www.wikidata.org/wiki/Q4720675,medium,Exact English label match against Wikidata human items; verify ambiguous names before final product display.
hf-famous-0430-alexandra-lamy,Alexandra Lamy,Q457268,Alexandra Lamy,exact_en_label_match,entertainer,actor;film actor;film director,Q10800557;Q2526255;Q33999,https://www.wikidata.org/wiki/Q457268,medium,Exact English label match against Wikidata human items; verify ambiguous names before final product display.
hf-famous-0431-alexandra-ledermann,Alexandra Ledermann,Q2643622,Alexandra Ledermann,exact_en_label_match,public_figure_other,show jumper,Q24797688,https://www.wikidata.org/wiki/Q2643622,medium,Exact English label match against Wikidata human items; verify ambiguous names before final product display.
hf-famous-0432-alexandra-vandernoot,Alexandra Vandernoot,Q259169,Alexandra Vandernoot,exact_en_label_match,entertainer,film actor,Q10800557,https://www.wikidata.org/wiki/Q259169,medium,Exact English label match against Wikidata human items; verify ambiguous names before final product display.
hf-famous-0433-alexandre-arcady,Alexandre Arcady,Q772633,Alexandre Arcady,exact_en_label_match,entertainer,film director;film producer;screenwriter,Q2526255;Q28389;Q3282637,https://www.wikidata.org/wiki/Q772633,medium,Exact English label match against Wikidata human items; verify ambiguous names before final product display.
hf-famous-0434-alexandre-arnoux,Alexandre Arnoux,Q507746,Alexandre Arnoux,exact_en_label_match,entertainer,film screenwriter;journalist;playwright;poet;science fiction writer;screenwriter;translator;writer,Q18844224;Q1930187;Q214917;Q28389;Q333634;Q36180;Q49757;Q69423232,https://www.wikidata.org/wiki/Q507746,medium,Exact English label match against Wikidata human items; verify ambiguous names before final product display.
hf-famous-0435-alexandre-astier,Alexandre Astier,Q2833411,Alexandre Astier,exact_en_label_match,entertainer,actor;comedian;comics writer;composer;director;film director;film producer;historian;musician;playwright;screenwriter;television actor;theatre director;writer,Q10798782;Q11892507;Q201788;Q214917;Q245068;Q2526255;Q28389;Q3282637;Q3387717;Q33999;Q3455803;Q36180;Q36834;Q639669,https://www.wikidata.org/wiki/Q2833411,medium,Exact English label match against Wikidata human items; verify ambiguous names before final product display.
hf-famous-0436-alexandre-astruc,Alexandre Astruc,Q981256,Alexandre Astruc,exact_en_label_match,entertainer,actor;director;film critic;film director;film screenwriter;film theorist;journalist;literary critic;novelist;screenwriter;writer,Q17391605;Q1930187;Q2526255;Q28389;Q33999;Q3455803;Q36180;Q4220892;Q4263842;Q6625963;Q69423232,https://www.wikidata.org/wiki/Q981256,medium,Exact English label match against Wikidata human items; verify ambiguous names before final product display.
hf-famous-0437-alexandre-barbault,Alexandre Barbault,,,no_exact_en_label_match,wikidata_not_found,,,https://www.wikidata.org/,low,No exact English-label Wikidata human match in batch query.
hf-famous-0438-alexandre-becquerel,Alexandre Becquerel,,,no_exact_en_label_match,wikidata_not_found,,,https://www.wikidata.org/,low,No exact English-label Wikidata human match in batch query.
hf-famous-0439-alexandre-bisson,Alexandre Bisson,Q725445,Alexandre Bisson,exact_en_label_match,entertainer,novelist;playwright;screenwriter;writer,Q214917;Q28389;Q36180;Q6625963,https://www.wikidata.org/wiki/Q725445,medium,Exact English label match against Wikidata human items; verify ambiguous names before final product display.
hf-famous-0440-alexandre-cabanel,Alexandre Cabanel,Q310437,Alexandre Cabanel,exact_en_label_match,arts,painter;university teacher,Q1028181;Q1622272,https://www.wikidata.org/wiki/Q310437,medium,Exact English label match against Wikidata human items; verify ambiguous names before final product display.
hf-famous-0441-alexandre-coste,Alexandre Coste,Q87033173,Alexandre Coste,exact_en_label_match,science_academia,researcher,Q1650915,https://www.wikidata.org/wiki/Q87033173,medium,Exact English label match against Wikidata human items; verify ambiguous names before final product display.
hf-famous-0442-alexandre-debanne,Alexandre Debanne,Q2833577,Alexandre Debanne,exact_en_label_match,entertainer,racing automobile driver;radio personality;television presenter,Q10349745;Q2722764;Q947873,https://www.wikidata.org/wiki/Q2833577,medium,Exact English label match against Wikidata human items; verify ambiguous names before final product display.
hf-famous-0443-alexandre-desplat,Alexandre Desplat,Q313362,Alexandre Desplat,exact_en_label_match,entertainer,composer;film score composer;librettist;music educator;recording artist,Q1415090;Q16145150;Q36834;Q55960555;Q8178443,https://www.wikidata.org/wiki/Q313362,medium,Exact English label match against Wikidata human items; verify ambiguous names before final product display.
hf-famous-0444-alexandre-dumas-fils,Alexandre Dumas fils,Q169150,Alexandre Dumas fils,exact_en_label_match,entertainer,dramaturge;film screenwriter;playwright;writer,Q214917;Q36180;Q487596;Q69423232,https://www.wikidata.org/wiki/Q169150,medium,Exact English label match against Wikidata human items; verify ambiguous names before final product display.
hf-famous-0445-alexandre-falgui-re,Alexandre Falguière,Q2140000,Alexandre Falguière,exact_en_label_match,arts,artist;painter;sculptor,Q1028181;Q1281618;Q483501,https://www.wikidata.org/wiki/Q2140000,medium,Exact English label match against Wikidata human items; verify ambiguous names before final product display.
hf-famous-0446-alexandre-georges,Alexandre Georges,Q2833698,Alexandre Georges,exact_en_label_match,entertainer,composer;organist,Q36834;Q765778,https://www.wikidata.org/wiki/Q2833698,medium,Exact English label match against Wikidata human items; verify ambiguous names before final product display.
hf-famous-0447-alexandre-jardin,Alexandre Jardin,Q982361,Alexandre Jardin,exact_en_label_match,entertainer,director;film director;film producer;novelist;screenwriter;writer,Q2526255;Q28389;Q3282637;Q3455803;Q36180;Q6625963,https://www.wikidata.org/wiki/Q982361,medium,Exact English label match against Wikidata human items; verify ambiguous names before final product display.
hf-famous-0448-alexandre-legrand,Alexandre Legrand,Q29060355,Alexandre Legrand,exact_en_label_match,arts,painter;physician;researcher,Q1028181;Q1650915;Q39631,https://www.wikidata.org/wiki/Q29060355,medium,Exact English label match against Wikidata human items; verify ambiguous names before final product display.
hf-famous-0449-alexandre-marenches,Alexandre Marenches,,,no_exact_en_label_match,wikidata_not_found,,,https://www.wikidata.org/,low,No exact English-label Wikidata human match in batch query.
hf-famous-0450-alexandre-millerand,Alexandre Millerand,Q274540,Alexandre Millerand,exact_en_label_match,politics,lawyer;politician,Q40348;Q82955,https://www.wikidata.org/wiki/Q274540,medium,Exact English label match against Wikidata human items; verify ambiguous names before final product display.
hf-famous-0451-alexandre-tharaud,Alexandre Tharaud,Q954028,Alexandre Tharaud,exact_en_label_match,entertainer,actor;pianist,Q33999;Q486748,https://www.wikidata.org/wiki/Q954028,medium,Exact English label match against Wikidata human items; verify ambiguous names before final product display.
hf-famous-0452-alexandre-de-la-patelli-re,Alexandre de La Patellière,Q2834188,Alexandre de La Patellière,exact_en_label_match,entertainer,film director;film producer;playwright;screenwriter,Q214917;Q2526255;Q28389;Q3282637,https://www.wikidata.org/wiki/Q2834188,medium,Exact English label match against Wikidata human items; verify ambiguous names before final product display.
hf-famous-0453-alexandrine-tinne,Alexandrine Tinne,,,no_exact_en_label_match,wikidata_not_found,,,https://www.wikidata.org/,low,No exact English-label Wikidata human match in batch query.
hf-famous-0454-alexandrine-zola,Alexandrine Zola,,,no_exact_en_label_match,wikidata_not_found,,,https://www.wikidata.org/,low,No exact English-label Wikidata human match in batch query.
hf-famous-0455-alexei-panshin,Alexei Panshin,Q2305628,Alexei Panshin,exact_en_label_match,writer_media,journalist;novelist;science fiction writer;writer,Q18844224;Q1930187;Q36180;Q6625963,https://www.wikidata.org/wiki/Q2305628,medium,Exact English label match against Wikidata human items; verify ambiguous names before final product display.
hf-famous-0456-alexia-sedykh,Alexia Sedykh,Q578956,Alexia Sedykh,exact_en_label_match,public_figure_other,athletics competitor;hammer thrower,Q11513337;Q13856320,https://www.wikidata.org/wiki/Q578956,medium,Exact English label match against Wikidata human items; verify ambiguous names before final product display.
hf-famous-0457-alexis-arquette,Alexis Arquette,Q254431,Alexis Arquette,exact_en_label_match,entertainer,LGBTQ rights activist;choreographer;film actor;musician;television actor,Q10798782;Q10800557;Q19509201;Q2490358;Q639669,https://www.wikidata.org/wiki/Q254431,medium,Exact English label match against Wikidata human items; verify ambiguous names before final product display.
hf-famous-0458-alexis-carrel,Alexis Carrel,Q185777,Alexis Carrel,exact_en_label_match,public_figure_other,biologist;physiologist;sociologist;surgeon,Q2055046;Q2306091;Q774306;Q864503,https://www.wikidata.org/wiki/Q185777,medium,Exact English label match against Wikidata human items; verify ambiguous names before final product display.
hf-famous-0459-alexis-castillon,Alexis Castillon,,,no_exact_en_label_match,wikidata_not_found,,,https://www.wikidata.org/,low,No exact English-label Wikidata human match in batch query.
hf-famous-0460-alexis-gilliland,Alexis Gilliland,,,no_exact_en_label_match,wikidata_not_found,,,https://www.wikidata.org/,low,No exact English-label Wikidata human match in batch query.
hf-famous-0461-alexis-pinturault,Alexis Pinturault,Q597031,Alexis Pinturault,exact_en_label_match,sports,alpine skier,Q4144610,https://www.wikidata.org/wiki/Q597031,medium,Exact English label match against Wikidata human items; verify ambiguous names before final product display.
hf-famous-0462-alexis-theophile-curvers,Alexis Theophile Curvers,,,no_exact_en_label_match,wikidata_not_found,,,https://www.wikidata.org/,low,No exact English-label Wikidata human match in batch query.
hf-famous-0463-alexis-de-tocqueville,Alexis de Tocqueville,Q140694,Alexis de Tocqueville,exact_en_label_match,politics,historian;jurist;philosopher;politician;sociologist;writer,Q185351;Q201788;Q2306091;Q36180;Q4964182;Q82955,https://www.wikidata.org/wiki/Q140694,medium,Exact English label match against Wikidata human items; verify ambiguous names before final product display.
hf-famous-0464-alfons-h-ckmann,Alfons Höckmann,Q2644380,Alfons Höckmann,exact_en_label_match,entertainer,film actor;stage actor,Q10800557;Q2259451,https://www.wikidata.org/wiki/Q2644380,medium,Exact English label match against Wikidata human items; verify ambiguous names before final product display.
hf-famous-0465-alfons-martin,Alfons Martin,,,no_exact_en_label_match,wikidata_not_found,,,https://www.wikidata.org/,low,No exact English-label Wikidata human match in batch query.
hf-famous-0466-alfons-paquet,Alfons Paquet,Q98701,Alfons Paquet,exact_en_label_match,writer_media,journalist;writer,Q1930187;Q36180,https://www.wikidata.org/wiki/Q98701,medium,Exact English label match against Wikidata human items; verify ambiguous names before final product display.
hf-famous-0467-alfonso-gatto,Alfonso Gatto,Q2755854,Alfonso Gatto,exact_en_label_match,entertainer,actor;art critic;literary critic;novelist;painter;playwright;poet;writer,Q1028181;Q214917;Q33999;Q36180;Q4164507;Q4263842;Q49757;Q6625963,https://www.wikidata.org/wiki/Q2755854,medium,Exact English label match against Wikidata human items; verify ambiguous names before final product display.
hf-famous-0468-alfonso-guerra,Alfonso Guerra,Q2655704,Alfonso Guerra,exact_en_label_match,politics,architect;engineer;politician;university teacher;writer,Q1622272;Q36180;Q42973;Q81096;Q82955,https://www.wikidata.org/wiki/Q2655704,medium,Exact English label match against Wikidata human items; verify ambiguous names before final product display.
hf-famous-0469-alfonso-reyes,Alfonso Reyes,Q462721,Alfonso Reyes,exact_en_label_match,sports,basketball player;diplomat;essayist;humanist;jurist;lawyer;philosopher;poet;poet lawyer;translator;writer,Q10527030;Q11774202;Q1209498;Q185351;Q193391;Q333634;Q36180;Q3665646;Q40348;Q4964182;Q49757,https://www.wikidata.org/wiki/Q462721,medium,Exact English label match against Wikidata human items; verify ambiguous names before final product display.
hf-famous-0470-alfred-abel,Alfred Abel,Q63781,Alfred Abel,exact_en_label_match,entertainer,film actor;film director;film producer;stage actor,Q10800557;Q2259451;Q2526255;Q3282637,https://www.wikidata.org/wiki/Q63781,medium,Exact English label match against Wikidata human items; verify ambiguous names before final product display.
hf-famous-0471-alfred-adam,Alfred Adam,Q1535560,Alfred Adam,exact_en_label_match,entertainer,actor;botanist;church historian;conservationist;film actor;pediatrician;physician;screenwriter;teacher;theologian;university teacher,Q10800557;Q1234713;Q16060693;Q1622272;Q1743122;Q1919436;Q2374149;Q28389;Q33999;Q37226;Q39631,https://www.wikidata.org/wiki/Q1535560,medium,Exact English label match against Wikidata human items; verify ambiguous names before final product display.
hf-famous-0472-alfred-anderson,Alfred Anderson,Q323825,Alfred Anderson,exact_en_label_match,sports,American football player;military personnel;politician,Q19204627;Q47064;Q82955,https://www.wikidata.org/wiki/Q323825,medium,Exact English label match against Wikidata human items; verify ambiguous names before final product display.
hf-famous-0473-alfred-aston,Alfred Aston,Q956315,Alfred Aston,exact_en_label_match,sports,association football coach;association football player,Q628099;Q937857,https://www.wikidata.org/wiki/Q956315,medium,Exact English label match against Wikidata human items; verify ambiguous names before final product display.
hf-famous-0474-alfred-binet,Alfred Binet,Q207478,Alfred Binet,exact_en_label_match,science_academia,pedagogue;psychologist;sociologist,Q1231865;Q212980;Q2306091,https://www.wikidata.org/wiki/Q207478,medium,Exact English label match against Wikidata human items; verify ambiguous names before final product display.
hf-famous-0475-alfred-brehm,Alfred Brehm,Q155112,Alfred Brehm,exact_en_label_match,writer_media,biologist;naturalist;ornithologist;painter;scientific collector;writer;zoologist,Q1028181;Q1225716;Q18805;Q350979;Q36180;Q864503;Q98544732,https://www.wikidata.org/wiki/Q155112,medium,Exact English label match against Wikidata human items; verify ambiguous names before final product display.
hf-famous-0476-alfred-brice,Alfred Brice,Q2834997,Alfred Brice,exact_en_label_match,sports,police officer;rugby union player,Q14089670;Q384593,https://www.wikidata.org/wiki/Q2834997,medium,Exact English label match against Wikidata human items; verify ambiguous names before final product display.
hf-famous-0477-alfred-bruneau,Alfred Bruneau,Q933351,Alfred Bruneau,exact_en_label_match,entertainer,composer;conductor;music critic;musicologist,Q1350157;Q14915627;Q158852;Q36834,https://www.wikidata.org/wiki/Q933351,medium,Exact English label match against Wikidata human items; verify ambiguous names before final product display.
hf-famous-0478-alfred-capus,Alfred Capus,Q198621,Alfred Capus,exact_en_label_match,writer_media,journalist;novelist;playwright;writer,Q1930187;Q214917;Q36180;Q6625963,https://www.wikidata.org/wiki/Q198621,medium,Exact English label match against Wikidata human items; verify ambiguous names before final product display.
hf-famous-0479-alfred-coste,Alfred Coste,,,no_exact_en_label_match,wikidata_not_found,,,https://www.wikidata.org/,low,No exact English-label Wikidata human match in batch query.
hf-famous-0480-alfred-dreyfus,Alfred Dreyfus,Q171826,Alfred Dreyfus,exact_en_label_match,public_figure_other,army officer;military personnel,Q38239859;Q47064,https://www.wikidata.org/wiki/Q171826,medium,Exact English label match against Wikidata human items; verify ambiguous names before final product display.
hf-famous-0481-alfred-eisenstaedt,Alfred Eisenstaedt,Q62081,Alfred Eisenstaedt,exact_en_label_match,business,entrepreneur;journalist;photographer;photojournalist,Q131524;Q1930187;Q33231;Q957729,https://www.wikidata.org/wiki/Q62081,medium,Exact English label match against Wikidata human items; verify ambiguous names before final product display.
hf-famous-0482-alfred-espinas,Alfred Espinas,Q2835129,Alfred Espinas,exact_en_label_match,science_academia,literary translator;philosopher;sociologist,Q2306091;Q4964182;Q9363889,https://www.wikidata.org/wiki/Q2835129,medium,Exact English label match against Wikidata human items; verify ambiguous names before final product display.
hf-famous-0483-alfred-fankhauser,Alfred Fankhauser,Q118364,Alfred Fankhauser,exact_en_label_match,politics,astrologer;journalist;playwright;politician;translator;writer,Q155647;Q1930187;Q214917;Q333634;Q36180;Q82955,https://www.wikidata.org/wiki/Q118364,medium,Exact English label match against Wikidata human items; verify ambiguous names before final product display.
hf-famous-0484-alfred-fouill-e,Alfred Fouillée,,,no_exact_en_label_match,wikidata_not_found,,,https://www.wikidata.org/,low,No exact English-label Wikidata human match in batch query.
hf-famous-0485-alfred-friedrich-krupp,Alfred Friedrich Krupp,,,no_exact_en_label_match,wikidata_not_found,,,https://www.wikidata.org/,low,No exact English-label Wikidata human match in batch query.
hf-famous-0486-alfred-gaynor,Alfred Gaynor,Q84947662,Alfred Gaynor,exact_en_label_match,wikidata_no_occupation,,,https://www.wikidata.org/wiki/Q84947662,medium,Exact English label match against Wikidata human items; verify ambiguous names before final product display.
hf-famous-0487-alfred-gibert,Alfred Gibert,,,no_exact_en_label_match,wikidata_not_found,,,https://www.wikidata.org/,low,No exact English-label Wikidata human match in batch query.
hf-famous-0488-alfred-henry-simpson,Alfred Henry Simpson,Q47506786,Alfred Henry Simpson,exact_en_label_match,public_figure_other,lawyer,Q40348,https://www.wikidata.org/wiki/Q47506786,medium,Exact English label match against Wikidata human items; verify ambiguous names before final product display.
hf-famous-0489-alfred-hettner,Alfred Hettner,Q63138,Alfred Hettner,exact_en_label_match,public_figure_other,geographer;geomorphologist;university teacher,Q1622272;Q38053159;Q901402,https://www.wikidata.org/wiki/Q63138,medium,Exact English label match against Wikidata human items; verify ambiguous names before final product display.
hf-famous-0490-alfred-hugenberg,Alfred Hugenberg,Q65121,Alfred Hugenberg,exact_en_label_match,business,diplomat;financier;media proprietor;politician;publisher,Q1420621;Q193391;Q1979607;Q2516866;Q82955,https://www.wikidata.org/wiki/Q65121,medium,Exact English label match against Wikidata human items; verify ambiguous names before final product display.
hf-famous-0491-alfred-jarry,Alfred Jarry,Q7841,Alfred Jarry,exact_en_label_match,writer_media,critic;novelist;playwright;poet;printmaker;visual artist;writer,Q11569986;Q214917;Q3391743;Q36180;Q49757;Q6430706;Q6625963,https://www.wikidata.org/wiki/Q7841,medium,Exact English label match against Wikidata human items; verify ambiguous names before final product display.
hf-famous-0492-alfred-jodl,Alfred Jodl,Q57123,Alfred Jodl,exact_en_label_match,politics,military personnel;politician,Q47064;Q82955,https://www.wikidata.org/wiki/Q57123,medium,Exact English label match against Wikidata human items; verify ambiguous names before final product display.
hf-famous-0493-alfred-karl-kossmann,Alfred Karl Kossmann,,,no_exact_en_label_match,wikidata_not_found,,,https://www.wikidata.org/,low,No exact English-label Wikidata human match in batch query.
hf-famous-0494-alfred-kastler,Alfred Kastler,Q71023,Alfred Kastler,exact_en_label_match,writer_media,physicist;poet;researcher;university teacher,Q1622272;Q1650915;Q169470;Q49757,https://www.wikidata.org/wiki/Q71023,medium,Exact English label match against Wikidata human items; verify ambiguous names before final product display.
hf-famous-0495-alfred-krupa,Alfred Krupa,Q55521527,Alfred Krupa,exact_en_label_match,sports,art educator;athlete;inventor;painter,Q1028181;Q15977927;Q205375;Q2066131,https://www.wikidata.org/wiki/Q55521527,medium,Exact English label match against Wikidata human items; verify ambiguous names before final product display.
hf-famous-0496-alfred-krupp,Alfred Krupp,Q455937,Alfred Krupp,exact_en_label_match,business,business magnate;industrialist;inventor,Q205375;Q6606110;Q911554,https://www.wikidata.org/wiki/Q455937,medium,Exact English label match against Wikidata human items; verify ambiguous names before final product display.
hf-famous-0497-alfred-lacroix,Alfred Lacroix,,,no_exact_en_label_match,wikidata_not_found,,,https://www.wikidata.org/,low,No exact English-label Wikidata human match in batch query.
hf-famous-0498-alfred-land,Alfred Landé,Q77920,Alfred Landé,exact_en_label_match,public_figure_other,physicist;university teacher,Q1622272;Q169470,https://www.wikidata.org/wiki/Q77920,medium,Exact English label match against Wikidata human items; verify ambiguous names before final product display.
hf-famous-0499-alfred-loewenguth,Alfred Loewenguth,Q2835275,Alfred Loewenguth,exact_en_label_match,public_figure_other,violinist,Q1259917,https://www.wikidata.org/wiki/Q2835275,medium,Exact English label match against Wikidata human items; verify ambiguous names before final product display.
hf-famous-0500-alfred-loisy,Alfred Loisy,Q918361,Alfred Loisy,exact_en_label_match,science_academia,Catholic priest;assyriologist;biblical scholar;exegete;historian;orientalist;presbyter;professor;theologian;translator;university teacher,Q121594;Q1234713;Q1622272;Q1731155;Q19361459;Q19829990;Q201788;Q21185790;Q250867;Q333634;Q831474,https://www.wikidata.org/wiki/Q918361,medium,Exact English label match against Wikidata human items; verify ambiguous names before final product display.
hf-famous-0501-alfred-manessier,Alfred Manessier,Q664268,Alfred Manessier,exact_en_label_match,arts,draftsperson;glass artist;graphic artist;lithographer;mosaicist;painter,Q1028181;Q15296811;Q16947657;Q1925963;Q282718;Q2865798,https://www.wikidata.org/wiki/Q664268,medium,Exact English label match against Wikidata human items; verify ambiguous names before final product display.
hf-famous-0502-alfred-mombert,Alfred Mombert,Q104790,Alfred Mombert,exact_en_label_match,writer_media,lawyer;playwright;poet;poet lawyer;writer,Q1209498;Q214917;Q36180;Q40348;Q49757,https://www.wikidata.org/wiki/Q104790,medium,Exact English label match against Wikidata human items; verify ambiguous names before final product display.
hf-famous-0503-alfred-nakache,Alfred Nakache,Q2835370,Alfred Nakache,exact_en_label_match,sports,swimmer;water polo player,Q10843402;Q17524364,https://www.wikidata.org/wiki/Q2835370,medium,Exact English label match against Wikidata human items; verify ambiguous names before final product display.
hf-famous-0504-alfred-naujocks,Alfred Naujocks,Q76635,Alfred Naujocks,exact_en_label_match,public_figure_other,military personnel,Q47064,https://www.wikidata.org/wiki/Q76635,medium,Exact English label match against Wikidata human items; verify ambiguous names before final product display.
hf-famous-0505-alfred-rethel,Alfred Rethel,Q67036,Alfred Rethel,exact_en_label_match,arts,draftsperson;painter,Q1028181;Q15296811,https://www.wikidata.org/wiki/Q67036,medium,Exact English label match against Wikidata human items; verify ambiguous names before final product display.
hf-famous-0506-alfred-richet,Alfred Richet,Q2834918,Alfred Richet,exact_en_label_match,science_academia,anatomist;physician;surgeon,Q10872101;Q39631;Q774306,https://www.wikidata.org/wiki/Q2834918,medium,Exact English label match against Wikidata human items; verify ambiguous names before final product display.
hf-famous-0507-alfred-roll,Alfred Roll,,,no_exact_en_label_match,wikidata_not_found,,,https://www.wikidata.org/,low,No exact English-label Wikidata human match in batch query.
hf-famous-0508-alfred-strocchio,Alfred Strocchio,,,no_exact_en_label_match,wikidata_not_found,,,https://www.wikidata.org/,low,No exact English-label Wikidata human match in batch query.
hf-famous-0509-alfred-terquem,Alfred Terquem,Q2831575,Alfred Terquem,exact_en_label_match,public_figure_other,physicist,Q169470,https://www.wikidata.org/wiki/Q2831575,medium,Exact English label match against Wikidata human items; verify ambiguous names before final product display.
hf-famous-0510-alfred-thurl-jacobson,Alfred Thurl Jacobson,,,no_exact_en_label_match,wikidata_not_found,,,https://www.wikidata.org/,low,No exact English-label Wikidata human match in batch query.
hf-famous-0511-alfred-tomatis,Alfred Tomatis,,,no_exact_en_label_match,wikidata_not_found,,,https://www.wikidata.org/,low,No exact English-label Wikidata human match in batch query.
hf-famous-0512-alfred-w-trenkler,Alfred W. Trenkler,,,no_exact_en_label_match,wikidata_not_found,,,https://www.wikidata.org/,low,No exact English-label Wikidata human match in batch query.
hf-famous-0513-alfred-weber,Alfred Weber,Q76514,Alfred Weber,exact_en_label_match,politics,Americanist;artist;author;economist;editing staff;painter;pedagogue;philosopher;politician;resistance fighter;sociologist;theologian;university teacher,Q1028181;Q1231865;Q1234713;Q1397808;Q1622272;Q16308157;Q188094;Q2306091;Q482980;Q483501;Q4964182;Q82955;Q876864,https://www.wikidata.org/wiki/Q76514,medium,Exact English label match against Wikidata human items; verify ambiguous names before final product display.
hf-famous-0514-alfred-worden,Alfred Worden,Q539385,Alfred Worden,exact_en_label_match,science_academia,aircraft pilot;astronaut;military flight engineer;military officer,Q10497074;Q11631;Q189290;Q2095549,https://www.wikidata.org/wiki/Q539385,medium,Exact English label match against Wikidata human items; verify ambiguous names before final product display.
hf-famous-0515-alfred-de-musset,Alfred de Musset,Q179680,Alfred de Musset,exact_en_label_match,entertainer,chess composer;librarian;novelist;playwright;poet;writer,Q182436;Q214917;Q2627699;Q36180;Q49757;Q6625963,https://www.wikidata.org/wiki/Q179680,medium,Exact English label match against Wikidata human items; verify ambiguous names before final product display.
hf-famous-0516-alfred-de-vigny,Alfred de Vigny,Q309702,Alfred de Vigny,exact_en_label_match,writer_media,diarist;novelist;playwright;poet;translator;writer,Q18939491;Q214917;Q333634;Q36180;Q49757;Q6625963,https://www.wikidata.org/wiki/Q309702,medium,Exact English label match against Wikidata human items; verify ambiguous names before final product display.
hf-famous-0517-alfredo-bini,Alfredo Bini,Q546575,Alfredo Bini,exact_en_label_match,entertainer,film producer;geologist;producer;researcher,Q1650915;Q3282637;Q47541952;Q520549,https://www.wikidata.org/wiki/Q546575,medium,Exact English label match against Wikidata human items; verify ambiguous names before final product display.
hf-famous-0518-alfredo-casella,Alfredo Casella,Q337343,Alfredo Casella,exact_en_label_match,entertainer,composer;conductor;musicologist;pianist,Q14915627;Q158852;Q36834;Q486748,https://www.wikidata.org/wiki/Q337343,medium,Exact English label match against Wikidata human items; verify ambiguous names before final product display.
hf-famous-0519-alfredo-corvino,Alfredo Corvino,Q4723747,Alfredo Corvino,exact_en_label_match,public_figure_other,music educator,Q16145150,https://www.wikidata.org/wiki/Q4723747,medium,Exact English label match against Wikidata human items; verify ambiguous names before final product display.
hf-famous-0520-alfredo-foni,Alfredo Foni,Q469096,Alfredo Foni,exact_en_label_match,sports,association football coach;association football player,Q628099;Q937857,https://www.wikidata.org/wiki/Q469096,medium,Exact English label match against Wikidata human items; verify ambiguous names before final product display.
hf-famous-0521-alfredo-k-llner,Alfredo Köllner,,,no_exact_en_label_match,wikidata_not_found,,,https://www.wikidata.org/,low,No exact English-label Wikidata human match in batch query.
hf-famous-0522-alfredo-monza,Alfredo Monza,Q3611452,Alfredo Monza,exact_en_label_match,sports,association football player,Q937857,https://www.wikidata.org/wiki/Q3611452,medium,Exact English label match against Wikidata human items; verify ambiguous names before final product display.
hf-famous-0523-alfredo-rota,Alfredo Rota,Q2421447,Alfredo Rota,exact_en_label_match,public_figure_other,fencer,Q13381863,https://www.wikidata.org/wiki/Q2421447,medium,Exact English label match against Wikidata human items; verify ambiguous names before final product display.
hf-famous-0524-alfred-von-bary,Alfred von Bary,Q102577,Alfred von Bary,exact_en_label_match,entertainer,opera singer,Q2865819,https://www.wikidata.org/wiki/Q102577,medium,Exact English label match against Wikidata human items; verify ambiguous names before final product display.
hf-famous-0525-alfred-von-tirpitz,Alfred von Tirpitz,Q155022,Alfred von Tirpitz,exact_en_label_match,politics,naval officer;politician,Q10669499;Q82955,https://www.wikidata.org/wiki/Q155022,medium,Exact English label match against Wikidata human items; verify ambiguous names before final product display.
hf-famous-0526-alfried-von-krupp,Alfried Von Krupp,,,no_exact_en_label_match,wikidata_not_found,,,https://www.wikidata.org/,low,No exact English-label Wikidata human match in batch query.
hf-famous-0527-ali-mcerlaine,Ali McErlaine,,,no_exact_en_label_match,wikidata_not_found,,,https://www.wikidata.org/,low,No exact English-label Wikidata human match in batch query.
hf-famous-0528-alice-baber,Alice Baber,Q2646843,Alice Baber,exact_en_label_match,arts,lithographer;painter,Q1028181;Q16947657,https://www.wikidata.org/wiki/Q2646843,medium,Exact English label match against Wikidata human items; verify ambiguous names before final product display.
hf-famous-0529-alice-cooper,Alice Cooper,Q332032,Alice Cooper,exact_en_label_match,entertainer,actor;composer;head teacher;non-fiction writer;rock musician;sculptor;singer;vocalist,Q1056391;Q12374149;Q1281618;Q15980158;Q177220;Q2643890;Q33999;Q36834,https://www.wikidata.org/wiki/Q332032,medium,Exact English label match against Wikidata human items; verify ambiguous names before final product display.
hf-famous-0530-alice-faye-harris-jr,Alice Faye Harris Jr.,,,no_exact_en_label_match,wikidata_not_found,,,https://www.wikidata.org/,low,No exact English-label Wikidata human match in batch query.
hf-famous-0531-alice-field,Alice Field,Q2836573,Alice Field,exact_en_label_match,entertainer,actor,Q33999,https://www.wikidata.org/wiki/Q2836573,medium,Exact English label match against Wikidata human items; verify ambiguous names before final product display.
hf-famous-0532-alice-guy-blach,Alice Guy Blaché,,,no_exact_en_label_match,wikidata_not_found,,,https://www.wikidata.org/,low,No exact English-label Wikidata human match in batch query.
hf-famous-0533-alice-lon,Alice Lon,Q4725963,Alice Lon,exact_en_label_match,entertainer,singer,Q177220,https://www.wikidata.org/wiki/Q4725963,medium,Exact English label match against Wikidata human items; verify ambiguous names before final product display.
hf-famous-0534-alice-pearce,Alice Pearce,Q271852,Alice Pearce,exact_en_label_match,entertainer,film actor;singer;stage actor;television actor,Q10798782;Q10800557;Q177220;Q2259451,https://www.wikidata.org/wiki/Q271852,medium,Exact English label match against Wikidata human items; verify ambiguous names before final product display.
hf-famous-0535-alice-salomon,Alice Salomon,Q106209,Alice Salomon,exact_en_label_match,politics,economist;social activist;social pedagogue;social reformer;university teacher;women's rights activist;writer,Q1227197;Q1622272;Q16611574;Q188094;Q28692502;Q36180;Q8359428,https://www.wikidata.org/wiki/Q106209,medium,Exact English label match against Wikidata human items; verify ambiguous names before final product display.
hf-famous-0536-alice-taglioni,Alice Taglioni,Q265232,Alice Taglioni,exact_en_label_match,entertainer,actor;film actor;film director,Q10800557;Q2526255;Q33999,https://www.wikidata.org/wiki/Q265232,medium,Exact English label match against Wikidata human items; verify ambiguous names before final product display.
hf-famous-0537-alice-tissot,Alice Tissot,Q2836672,Alice Tissot,exact_en_label_match,entertainer,film actor,Q10800557,https://www.wikidata.org/wiki/Q2836672,medium,Exact English label match against Wikidata human items; verify ambiguous names before final product display.
hf-famous-0538-alicia-cavanaugh,Alicia Cavanaugh,,,no_exact_en_label_match,wikidata_not_found,,,https://www.wikidata.org/,low,No exact English-label Wikidata human match in batch query.
hf-famous-0539-alicia-riley,Alicia Riley,Q98170136,Alicia Riley,exact_en_label_match,science_academia,researcher,Q1650915,https://www.wikidata.org/wiki/Q98170136,medium,Exact English label match against Wikidata human items; verify ambiguous names before final product display.
hf-famous-0540-alicia-sacramone,Alicia Sacramone,Q235037,Alicia Sacramone,exact_en_label_match,arts,artistic gymnast,Q13381572,https://www.wikidata.org/wiki/Q235037,medium,Exact English label match against Wikidata human items; verify ambiguous names before final product display.
hf-famous-0541-alicia-silverstone,Alicia Silverstone,Q199945,Alicia Silverstone,exact_en_label_match,entertainer,film actor,Q10800557,https://www.wikidata.org/wiki/Q199945,medium,Exact English label match against Wikidata human items; verify ambiguous names before final product display.
hf-famous-0542-alicia-witt,Alicia Witt,Q236247,Alicia Witt,exact_en_label_match,entertainer,composer;film actor;film director;model;pianist;singer;stage actor;television actor;voice actor,Q10798782;Q10800557;Q177220;Q2259451;Q2405480;Q2526255;Q36834;Q4610556;Q486748,https://www.wikidata.org/wiki/Q236247,medium,Exact English label match against Wikidata human items; verify ambiguous names before final product display.
hf-famous-0543-alick-buchanan,Alick Buchanan,,,no_exact_en_label_match,wikidata_not_found,,,https://www.wikidata.org/,low,No exact English-label Wikidata human match in batch query.
hf-famous-0544-alick-isaacs,Alick Isaacs,Q515315,Alick Isaacs,exact_en_label_match,public_figure_other,virologist,Q15634281,https://www.wikidata.org/wiki/Q515315,medium,Exact English label match against Wikidata human items; verify ambiguous names before final product display.
hf-famous-0545-alida-chelli,Alida Chelli,Q1042427,Alida Chelli,exact_en_label_match,entertainer,actor;film actor;singer;stage actor;television presenter,Q10800557;Q177220;Q2259451;Q33999;Q947873,https://www.wikidata.org/wiki/Q1042427,medium,Exact English label match against Wikidata human items; verify ambiguous names before final product display.
hf-famous-0546-alida-del-grande,Alida Del Grande,,,no_exact_en_label_match,wikidata_not_found,,,https://www.wikidata.org/,low,No exact English-label Wikidata human match in batch query.
hf-famous-0547-alin-bernardin,Alin Bernardin,,,no_exact_en_label_match,wikidata_not_found,,,https://www.wikidata.org/,low,No exact English-label Wikidata human match in batch query.
hf-famous-0548-aline-roux,Aline Roux,Q106251161,Aline Roux,exact_en_label_match,entertainer,ballet dancer,Q805221,https://www.wikidata.org/wiki/Q106251161,medium,Exact English label match against Wikidata human items; verify ambiguous names before final product display.
hf-famous-0549-alison-folland,Alison Folland,Q2837155,Alison Folland,exact_en_label_match,entertainer,actor;film actor;film director;television actor,Q10798782;Q10800557;Q2526255;Q33999,https://www.wikidata.org/wiki/Q2837155,medium,Exact English label match against Wikidata human items; verify ambiguous names before final product display.
hf-famous-0550-alison-krauss,Alison Krauss,Q371782,Alison Krauss,exact_en_label_match,entertainer,fiddler;mandolinist;singer,Q177220;Q19723482;Q3560496,https://www.wikidata.org/wiki/Q371782,medium,Exact English label match against Wikidata human items; verify ambiguous names before final product display.
hf-famous-0551-alison-lesley-sheppard,Alison Lesley Sheppard,,,no_exact_en_label_match,wikidata_not_found,,,https://www.wikidata.org/,low,No exact English-label Wikidata human match in batch query.
hf-famous-0552-alison-lurie,Alison Lurie,Q272638,Alison Lurie,exact_en_label_match,entertainer,essayist;novelist;screenwriter;university teacher;writer,Q11774202;Q1622272;Q28389;Q36180;Q6625963,https://www.wikidata.org/wiki/Q272638,medium,Exact English label match against Wikidata human items; verify ambiguous names before final product display.
hf-famous-0553-alistair-maclean,Alistair MacLean,Q333713,Alistair MacLean,exact_en_label_match,entertainer,biographer;screenwriter;teacher;writer,Q28389;Q36180;Q37226;Q864380,https://www.wikidata.org/wiki/Q333713,medium,Exact English label match against Wikidata human items; verify ambiguous names before final product display.
hf-famous-0554-aliz-e,Alizée,Q168012,Alizée,exact_en_label_match,entertainer,dancer;singer,Q177220;Q5716684,https://www.wikidata.org/wiki/Q168012,medium,Exact English label match against Wikidata human items; verify ambiguous names before final product display.
hf-famous-0555-allan-j-shields,Allan J. Shields,,,no_exact_en_label_match,wikidata_not_found,,,https://www.wikidata.org/,low,No exact English-label Wikidata human match in batch query.
hf-famous-0556-allan-kaprow,Allan Kaprow,Q366380,Allan Kaprow,exact_en_label_match,arts,illustrator;installation artist;painter;performance artist;photographer;sculptor;video artist,Q1028181;Q10774753;Q1281618;Q18074503;Q18216771;Q33231;Q644687,https://www.wikidata.org/wiki/Q366380,medium,Exact English label match against Wikidata human items; verify ambiguous names before final product display.
hf-famous-0557-allan-kardec,Allan Kardec,Q240643,Allan Kardec,exact_en_label_match,writer_media,head teacher;philosopher;translator;writer,Q1056391;Q333634;Q36180;Q4964182,https://www.wikidata.org/wiki/Q240643,medium,Exact English label match against Wikidata human items; verify ambiguous names before final product display.
hf-famous-0558-allan-mccullogh-campbell,Allan McCullogh Campbell,,,no_exact_en_label_match,wikidata_not_found,,,https://www.wikidata.org/,low,No exact English-label Wikidata human match in batch query.
hf-famous-0559-allan-sandage,Allan Sandage,Q358253,Allan Sandage,exact_en_label_match,public_figure_other,astronomer;astrophysicist;university teacher,Q11063;Q1622272;Q752129,https://www.wikidata.org/wiki/Q358253,medium,Exact English label match against Wikidata human items; verify ambiguous names before final product display.
hf-famous-0560-allan-sherman,Allan Sherman,Q708963,Allan Sherman,exact_en_label_match,entertainer,actor;journalist;musician;screenwriter;singer;singer-songwriter;songwriter;television producer;voice actor,Q177220;Q1930187;Q2405480;Q28389;Q33999;Q488205;Q578109;Q639669;Q753110,https://www.wikidata.org/wiki/Q708963,medium,Exact English label match against Wikidata human items; verify ambiguous names before final product display.
hf-famous-0561-allan-verne-cox,Allan Verne Cox,,,no_exact_en_label_match,wikidata_not_found,,,https://www.wikidata.org/,low,No exact English-label Wikidata human match in batch query.
hf-famous-0562-allard-lowenstein,Allard Lowenstein,,,no_exact_en_label_match,wikidata_not_found,,,https://www.wikidata.org/,low,No exact English-label Wikidata human match in batch query.
hf-famous-0563-allegro-grandi,Allegro Grandi,Q1674674,Allegro Grandi,exact_en_label_match,sports,sport cyclist,Q2309784,https://www.wikidata.org/wiki/Q1674674,medium,Exact English label match against Wikidata human items; verify ambiguous names before final product display.
hf-famous-0564-allen-brennan,Allen Brennan,,,no_exact_en_label_match,wikidata_not_found,,,https://www.wikidata.org/,low,No exact English-label Wikidata human match in batch query.
hf-famous-0565-allen-case,Allen Case,Q4731573,Allen Case,exact_en_label_match,entertainer,actor;television actor,Q10798782;Q33999,https://www.wikidata.org/wiki/Q4731573,medium,Exact English label match against Wikidata human items; verify ambiguous names before final product display.
hf-famous-0566-allen-fletcher,Allen Fletcher,Q16186667,Allen Fletcher,exact_en_label_match,politics,politician,Q82955,https://www.wikidata.org/wiki/Q16186667,medium,Exact English label match against Wikidata human items; verify ambiguous names before final product display.
hf-famous-0567-allen-ludden,Allen Ludden,Q640259,Allen Ludden,exact_en_label_match,entertainer,actor;film actor;game show host;singer;television personality,Q10800557;Q177220;Q22662561;Q33999;Q44508716,https://www.wikidata.org/wiki/Q640259,medium,Exact English label match against Wikidata human items; verify ambiguous names before final product display.
hf-famous-0568-allen-miller,Allen Miller,Q4731782,Allen Miller,exact_en_label_match,business,American football player;broadcasting executive;dogsled musher;golfer,Q11303721;Q19204627;Q28050438;Q500097,https://www.wikidata.org/wiki/Q4731782,medium,Exact English label match against Wikidata human items; verify ambiguous names before final product display.
hf-famous-0569-allen-rivkin,Allen Rivkin,Q15782459,Allen Rivkin,exact_en_label_match,entertainer,screenwriter,Q28389,https://www.wikidata.org/wiki/Q15782459,medium,Exact English label match against Wikidata human items; verify ambiguous names before final product display.
hf-famous-0570-allender-steele-adams,Allender Steele Adams,,,no_exact_en_label_match,wikidata_not_found,,,https://www.wikidata.org/,low,No exact English-label Wikidata human match in batch query.
hf-famous-0571-allessandra-ferri,Allessandra Ferri,,,no_exact_en_label_match,wikidata_not_found,,,https://www.wikidata.org/,low,No exact English-label Wikidata human match in batch query.
hf-famous-0572-allessandro-bovo,Allessandro Bovo,,,no_exact_en_label_match,wikidata_not_found,,,https://www.wikidata.org/,low,No exact English-label Wikidata human match in batch query.
hf-famous-0573-allessandro-safina,Allessandro Safina,,,no_exact_en_label_match,wikidata_not_found,,,https://www.wikidata.org/,low,No exact English-label Wikidata human match in batch query.
hf-famous-0574-allessandro-zanardi,Allessandro Zanardi,,,no_exact_en_label_match,wikidata_not_found,,,https://www.wikidata.org/,low,No exact English-label Wikidata human match in batch query.
hf-famous-0575-allison-janney,Allison Janney,Q229487,Allison Janney,exact_en_label_match,entertainer,actor;film actor;stage actor;television actor;voice actor,Q10798782;Q10800557;Q2259451;Q2405480;Q33999,https://www.wikidata.org/wiki/Q229487,medium,Exact English label match against Wikidata human items; verify ambiguous names before final product display.
hf-famous-0576-allison-parks,Allison Parks,Q4732813,Allison Parks,exact_en_label_match,entertainer,Playboy Playmate;actor;basketball player;model;television actor,Q10798782;Q33999;Q3665646;Q4610556;Q728711,https://www.wikidata.org/wiki/Q4732813,medium,Exact English label match against Wikidata human items; verify ambiguous names before final product display.
hf-famous-0577-alois-alzheimer,Alois Alzheimer,Q70530,Alois Alzheimer,exact_en_label_match,science_academia,jurist;manager;neurologist;neuropathologist;neuroscientist;psychiatrist;university teacher,Q15839237;Q1622272;Q185351;Q211346;Q2462658;Q6337803;Q783906,https://www.wikidata.org/wiki/Q70530,medium,Exact English label match against Wikidata human items; verify ambiguous names before final product display.
hf-famous-0578-alois-hitler,Alois Hitler,Q78500,Alois Hitler,exact_en_label_match,public_figure_other,beekeeper;customs officer,Q247797;Q852389,https://www.wikidata.org/wiki/Q78500,medium,Exact English label match against Wikidata human items; verify ambiguous names before final product display.
hf-famous-0579-alois-treindl,Alois Treindl,,,no_exact_en_label_match,wikidata_not_found,,,https://www.wikidata.org/,low,No exact English-label Wikidata human match in batch query.
hf-famous-0580-alois-wiesinger,Alois Wiesinger,Q2650496,Alois Wiesinger,exact_en_label_match,public_figure_other,Catholic priest;theologian;university teacher,Q1234713;Q1622272;Q250867,https://www.wikidata.org/wiki/Q2650496,medium,Exact English label match against Wikidata human items; verify ambiguous names before final product display.
hf-famous-0581-alphons-diepenbrock,Alphons Diepenbrock,Q952378,Alphons Diepenbrock,exact_en_label_match,entertainer,classical scholar;composer;writer,Q2468727;Q36180;Q36834,https://www.wikidata.org/wiki/Q952378,medium,Exact English label match against Wikidata human items; verify ambiguous names before final product display.
hf-famous-0582-alphonse-beau-de-rochas,Alphonse Beau de Rochas,Q740157,Alphonse Beau de Rochas,exact_en_label_match,science_academia,engineer;inventor;railway engineer,Q205375;Q66711686;Q81096,https://www.wikidata.org/wiki/Q740157,medium,Exact English label match against Wikidata human items; verify ambiguous names before final product display.
hf-famous-0583-alphonse-daudet,Alphonse Daudet,Q228546,Alphonse Daudet,exact_en_label_match,entertainer,autobiographer;novelist;playwright;poet;prose writer;screenwriter;short story writer;writer,Q12144794;Q15949613;Q18814623;Q214917;Q28389;Q36180;Q49757;Q6625963,https://www.wikidata.org/wiki/Q228546,medium,Exact English label match against Wikidata human items; verify ambiguous names before final product display.
hf-famous-0584-alphonse-gu-pin,Alphonse Guépin,Q2839825,Alphonse Guépin,exact_en_label_match,arts,Latin Catholic monk;architect;hagiographer;historian;liturgist,Q10567966;Q17166634;Q201788;Q42973;Q97722145,https://www.wikidata.org/wiki/Q2839825,medium,Exact English label match against Wikidata human items; verify ambiguous names before final product display.
hf-famous-0585-alphonse-joseph-georges,Alphonse Joseph Georges,,,no_exact_en_label_match,wikidata_not_found,,,https://www.wikidata.org/,low,No exact English-label Wikidata human match in batch query.
hf-famous-0586-alphonse-juin,Alphonse Juin,Q381244,Alphonse Juin,exact_en_label_match,politics,military commander;military officer;military personnel;politician,Q11545923;Q189290;Q47064;Q82955,https://www.wikidata.org/wiki/Q381244,medium,Exact English label match against Wikidata human items; verify ambiguous names before final product display.
hf-famous-0587-alphonse-rallet,Alphonse Rallet,,,no_exact_en_label_match,wikidata_not_found,,,https://www.wikidata.org/,low,No exact English-label Wikidata human match in batch query.
hf-famous-0588-alphonse-de-ch-teaubriant,Alphonse de Châteaubriant,Q373251,Alphonse de Châteaubriant,exact_en_label_match,writer_media,collaborator with Nazi Germany;writer,Q134953614;Q36180,https://www.wikidata.org/wiki/Q373251,medium,Exact English label match against Wikidata human items; verify ambiguous names before final product display.
hf-famous-0589-althea-flynt,Althea Flynt,Q436107,Althea Flynt,exact_en_label_match,business,entrepreneur;publisher,Q131524;Q2516866,https://www.wikidata.org/wiki/Q436107,medium,Exact English label match against Wikidata human items; verify ambiguous names before final product display.
hf-famous-0590-althea-gibson,Althea Gibson,Q53550,Althea Gibson,exact_en_label_match,sports,autobiographer;golfer;tennis coach;tennis player,Q10833314;Q11303721;Q13219424;Q18814623,https://www.wikidata.org/wiki/Q53550,medium,Exact English label match against Wikidata human items; verify ambiguous names before final product display.
hf-famous-0591-altidoro-polidori,Altidoro Polidori,,,no_exact_en_label_match,wikidata_not_found,,,https://www.wikidata.org/,low,No exact English-label Wikidata human match in batch query.
hf-famous-0592-alton,Alton,Q54561603,Alton,exact_en_label_match,wikidata_no_occupation,,,https://www.wikidata.org/wiki/Q54561603,medium,Exact English label match against Wikidata human items; verify ambiguous names before final product display.
hf-famous-0593-alvaro-cunhal,Alvaro Cunhal,,,no_exact_en_label_match,wikidata_not_found,,,https://www.wikidata.org/,low,No exact English-label Wikidata human match in batch query.
hf-famous-0594-alvaro-siza-vieira,Alvaro Siza Vieira,,,no_exact_en_label_match,wikidata_not_found,,,https://www.wikidata.org/,low,No exact English-label Wikidata human match in batch query.
hf-famous-0595-alvise-zorzi,Alvise Zorzi,Q449456,Alvise Zorzi,exact_en_label_match,entertainer,director of radio drama;journalist;museum administrator;writer,Q107106416;Q1930187;Q2459497;Q36180,https://www.wikidata.org/wiki/Q449456,medium,Exact English label match against Wikidata human items; verify ambiguous names before final product display.
hf-famous-0596-aly-bain,Aly Bain,Q450214,Aly Bain,exact_en_label_match,public_figure_other,fiddler,Q3560496,https://www.wikidata.org/wiki/Q450214,medium,Exact English label match against Wikidata human items; verify ambiguous names before final product display.
hf-famous-0597-amadee-bonnet,Amadee Bonnet,,,no_exact_en_label_match,wikidata_not_found,,,https://www.wikidata.org/,low,No exact English-label Wikidata human match in batch query.
hf-famous-0598-amadee-domenech,Amadee Domenech,,,no_exact_en_label_match,wikidata_not_found,,,https://www.wikidata.org/,low,No exact English-label Wikidata human match in batch query.
hf-famous-0599-amadeo-amadei,Amadeo Amadei,Q113578636,Amadeo Amadei,exact_en_label_match,arts,ornamentist;painter,Q1028181;Q2447349,https://www.wikidata.org/wiki/Q113578636,medium,Exact English label match against Wikidata human items; verify ambiguous names before final product display.
hf-famous-0600-amadeo-pomilio,Amadeo Pomilio,,,no_exact_en_label_match,wikidata_not_found,,,https://www.wikidata.org/,low,No exact English-label Wikidata human match in batch query.
hf-famous-0601-amador-de-busnel,Amador de Busnel,Q2840838,Amador de Busnel,exact_en_label_match,public_figure_other,military officer,Q189290,https://www.wikidata.org/wiki/Q2840838,medium,Exact English label match against Wikidata human items; verify ambiguous names before final product display.
hf-famous-0602-amaldo-lucentini,Amaldo Lucentini,,,no_exact_en_label_match,wikidata_not_found,,,https://www.wikidata.org/,low,No exact English-label Wikidata human match in batch query.
hf-famous-0603-amalia-guglielminetti,Amalia Guglielminetti,Q2281829,Amalia Guglielminetti,exact_en_label_match,writer_media,editing staff;journalist;playwright;poet;writer,Q1930187;Q214917;Q36180;Q49757;Q876864,https://www.wikidata.org/wiki/Q2281829,medium,Exact English label match against Wikidata human items; verify ambiguous names before final product display.
hf-famous-0604-amalie-dietrich,Amalie Dietrich,Q76851,Amalie Dietrich,exact_en_label_match,science_academia,botanical collector;botanist;citizen scientist;entomologist;explorer;naturalist;scientific collector;zoologist,Q11900058;Q18805;Q2083925;Q2374149;Q3055126;Q350979;Q96061710;Q98544732,https://www.wikidata.org/wiki/Q76851,medium,Exact English label match against Wikidata human items; verify ambiguous names before final product display.
hf-famous-0605-amanda-bynes,Amanda Bynes,Q212002,Amanda Bynes,exact_en_label_match,entertainer,actor,Q33999,https://www.wikidata.org/wiki/Q212002,medium,Exact English label match against Wikidata human items; verify ambiguous names before final product display.
hf-famous-0606-amanda-knox,Amanda Knox,Q4739665,Amanda Knox,exact_en_label_match,writer_media,writer,Q36180,https://www.wikidata.org/wiki/Q4739665,medium,Exact English label match against Wikidata human items; verify ambiguous names before final product display.
hf-famous-0607-amanda-lear,Amanda Lear,Q454010,Amanda Lear,exact_en_label_match,entertainer,actor;singer;television presenter,Q177220;Q33999;Q947873,https://www.wikidata.org/wiki/Q454010,medium,Exact English label match against Wikidata human items; verify ambiguous names before final product display.
hf-famous-0608-amanda-nadeau,Amanda Nadeau,,,no_exact_en_label_match,wikidata_not_found,,,https://www.wikidata.org/,low,No exact English-label Wikidata human match in batch query.
hf-famous-0609-amanda-ooms,Amanda Ooms,Q454032,Amanda Ooms,exact_en_label_match,entertainer,actor;artist;film actor,Q10800557;Q33999;Q483501,https://www.wikidata.org/wiki/Q454032,medium,Exact English label match against Wikidata human items; verify ambiguous names before final product display.
hf-famous-0610-amanda-sthers,Amanda Sthers,Q2841048,Amanda Sthers,exact_en_label_match,entertainer,film director;novelist;playwright;screenwriter;writer,Q214917;Q2526255;Q28389;Q36180;Q6625963,https://www.wikidata.org/wiki/Q2841048,medium,Exact English label match against Wikidata human items; verify ambiguous names before final product display.
hf-famous-0611-amanda-warrington,Amanda Warrington,,,no_exact_en_label_match,wikidata_not_found,,,https://www.wikidata.org/,low,No exact English-label Wikidata human match in batch query.
hf-famous-0612-amaury-leveaux,Amaury Leveaux,Q455883,Amaury Leveaux,exact_en_label_match,public_figure_other,swimmer,Q10843402,https://www.wikidata.org/wiki/Q455883,medium,Exact English label match against Wikidata human items; verify ambiguous names before final product display.
hf-famous-0613-amaury-vassili,Amaury Vassili,Q259645,Amaury Vassili,exact_en_label_match,entertainer,opera singer,Q2865819,https://www.wikidata.org/wiki/Q259645,medium,Exact English label match against Wikidata human items; verify ambiguous names before final product display.
hf-famous-0614-amber-frey,Amber Frey,Q21551311,Amber Frey,exact_en_label_match,wikidata_no_occupation,,,https://www.wikidata.org/wiki/Q21551311,medium,Exact English label match against Wikidata human items; verify ambiguous names before final product display.
hf-famous-0615-amber-swartz,Amber Swartz,,,no_exact_en_label_match,wikidata_not_found,,,https://www.wikidata.org/,low,No exact English-label Wikidata human match in batch query.
hf-famous-0616-amber-tamblyn,Amber Tamblyn,Q231128,Amber Tamblyn,exact_en_label_match,entertainer,actor;film actor;film director;poet;screenwriter;television actor;writer,Q10798782;Q10800557;Q2526255;Q28389;Q33999;Q36180;Q49757,https://www.wikidata.org/wiki/Q231128,medium,Exact English label match against Wikidata human items; verify ambiguous names before final product display.
hf-famous-0617-ambra-angiolini,Ambra Angiolini,Q437455,Ambra Angiolini,exact_en_label_match,entertainer,comedian;film actor;radio personality;singer;television presenter,Q10800557;Q177220;Q245068;Q2722764;Q947873,https://www.wikidata.org/wiki/Q437455,medium,Exact English label match against Wikidata human items; verify ambiguous names before final product display.
hf-famous-0618-ambroise-thomas,Ambroise Thomas,Q297717,Ambroise Thomas,exact_en_label_match,entertainer,composer;music educator;musicologist;university teacher,Q14915627;Q16145150;Q1622272;Q36834,https://www.wikidata.org/wiki/Q297717,medium,Exact English label match against Wikidata human items; verify ambiguous names before final product display.
hf-famous-0619-ambrosio-guillen,Ambrosio Guillen,Q4741906,Ambrosio Guillen,exact_en_label_match,public_figure_other,military personnel,Q47064,https://www.wikidata.org/wiki/Q4741906,medium,Exact English label match against Wikidata human items; verify ambiguous names before final product display.
hf-famous-0620-amedee-ernest-mouchez,Amedee Ernest Mouchez,,,no_exact_en_label_match,wikidata_not_found,,,https://www.wikidata.org/,low,No exact English-label Wikidata human match in batch query.
hf-famous-0621-amedee-ozenfant,Amedee Ozenfant,,,no_exact_en_label_match,wikidata_not_found,,,https://www.wikidata.org/,low,No exact English-label Wikidata human match in batch query.
hf-famous-0622-amedeo-amodio,Amedeo Amodio,Q3613873,Amedeo Amodio,exact_en_label_match,public_figure_other,choreographer,Q2490358,https://www.wikidata.org/wiki/Q3613873,medium,Exact English label match against Wikidata human items; verify ambiguous names before final product display.
hf-famous-0623-amedeo-biavati,Amedeo Biavati,Q460580,Amedeo Biavati,exact_en_label_match,sports,association football coach;association football player,Q628099;Q937857,https://www.wikidata.org/wiki/Q460580,medium,Exact English label match against Wikidata human items; verify ambiguous names before final product display.
hf-famous-0624-amedeo-modigliani,Amedeo Modigliani,Q120993,Amedeo Modigliani,exact_en_label_match,arts,draftsperson;painter;sculptor,Q1028181;Q1281618;Q15296811,https://www.wikidata.org/wiki/Q120993,medium,Exact English label match against Wikidata human items; verify ambiguous names before final product display.
hf-famous-0625-amedeo-nazzari,Amedeo Nazzari,Q460648,Amedeo Nazzari,exact_en_label_match,entertainer,actor;film actor;screenwriter;stage actor,Q10800557;Q2259451;Q28389;Q33999,https://www.wikidata.org/wiki/Q460648,medium,Exact English label match against Wikidata human items; verify ambiguous names before final product display.
hf-famous-0626-amel-bent,Amel Bent,Q266779,Amel Bent,exact_en_label_match,entertainer,singer,Q177220,https://www.wikidata.org/wiki/Q266779,medium,Exact English label match against Wikidata human items; verify ambiguous names before final product display.
hf-famous-0627-amelia-earhart,Amelia Earhart,Q3355,Amelia Earhart,exact_en_label_match,politics,aircraft pilot;aviation writer;journalist;memoirist;travel writer;women's rights activist,Q11774156;Q124153083;Q1930187;Q2095549;Q28692502;Q3579035,https://www.wikidata.org/wiki/Q3355,medium,Exact English label match against Wikidata human items; verify ambiguous names before final product display.
hf-famous-0628-amelia-gossage,Amelia Gossage,,,no_exact_en_label_match,wikidata_not_found,,,https://www.wikidata.org/,low,No exact English-label Wikidata human match in batch query.
hf-famous-0629-amelie-beese,Amelie Beese,Q97003,Amelie Beese,exact_en_label_match,arts,aircraft pilot;artist,Q2095549;Q483501,https://www.wikidata.org/wiki/Q97003,medium,Exact English label match against Wikidata human items; verify ambiguous names before final product display.
hf-famous-0630-amelie-morelle,Amelie Morelle,,,no_exact_en_label_match,wikidata_not_found,,,https://www.wikidata.org/,low,No exact English-label Wikidata human match in batch query.
hf-famous-0631-amelita-galli,Amelita Galli,,,no_exact_en_label_match,wikidata_not_found,,,https://www.wikidata.org/,low,No exact English-label Wikidata human match in batch query.
hf-famous-0632-amerah-solomon,Amerah Solomon,,,no_exact_en_label_match,wikidata_not_found,,,https://www.wikidata.org/,low,No exact English-label Wikidata human match in batch query.
hf-famous-0633-america-ferrera,America Ferrera,Q219402,America Ferrera,exact_en_label_match,entertainer,actor;director;film actor;film producer;stage actor;television actor;television director;television producer;voice actor,Q10798782;Q10800557;Q2059704;Q2259451;Q2405480;Q3282637;Q33999;Q3455803;Q578109,https://www.wikidata.org/wiki/Q219402,medium,Exact English label match against Wikidata human items; verify ambiguous names before final product display.
hf-famous-0634-amerie,Amerie,Q233377,Amerie,exact_en_label_match,entertainer,actor;composer;dancer;film actor;model;record producer;singer;singer-songwriter;television actor;television producer;writer,Q10798782;Q10800557;Q177220;Q183945;Q33999;Q36180;Q36834;Q4610556;Q488205;Q5716684;Q578109,https://www.wikidata.org/wiki/Q233377,medium,Exact English label match against Wikidata human items; verify ambiguous names before final product display.
hf-famous-0635-amie-adam,Amie Adam,,,no_exact_en_label_match,wikidata_not_found,,,https://www.wikidata.org/,low,No exact English-label Wikidata human match in batch query.
hf-famous-0636-amintore-fanfani,Amintore Fanfani,Q273228,Amintore Fanfani,exact_en_label_match,politics,diplomat;economist;politician;teacher;university teacher,Q1622272;Q188094;Q193391;Q37226;Q82955,https://www.wikidata.org/wiki/Q273228,medium,Exact English label match against Wikidata human items; verify ambiguous names before final product display.
hf-famous-0637-amiri-baraka,Amiri Baraka,Q354783,Amiri Baraka,exact_en_label_match,entertainer,activist;critic;essayist;journalist;music critic;novelist;playwright;poet;prose writer;screenwriter;writer,Q11774202;Q12144794;Q1350157;Q15253558;Q1930187;Q214917;Q28389;Q36180;Q49757;Q6430706;Q6625963,https://www.wikidata.org/wiki/Q354783,medium,Exact English label match against Wikidata human items; verify ambiguous names before final product display.
hf-famous-0638-amleto-frignani,Amleto Frignani,Q2546696,Amleto Frignani,exact_en_label_match,sports,association football player,Q937857,https://www.wikidata.org/wiki/Q2546696,medium,Exact English label match against Wikidata human items; verify ambiguous names before final product display.
hf-famous-0639-amos-bronson-alcott,Amos Bronson Alcott,Q474235,Amos Bronson Alcott,exact_en_label_match,writer_media,philosopher;poet;teacher;writer,Q36180;Q37226;Q4964182;Q49757,https://www.wikidata.org/wiki/Q474235,medium,Exact English label match against Wikidata human items; verify ambiguous names before final product display.
hf-famous-0640-amos-cardarelli,Amos Cardarelli,Q1540403,Amos Cardarelli,exact_en_label_match,sports,association football coach;association football player,Q628099;Q937857,https://www.wikidata.org/wiki/Q1540403,medium,Exact English label match against Wikidata human items; verify ambiguous names before final product display.
hf-famous-0641-amos-mariani,Amos Mariani,Q1101754,Amos Mariani,exact_en_label_match,sports,association football coach;association football player,Q628099;Q937857,https://www.wikidata.org/wiki/Q1101754,medium,Exact English label match against Wikidata human items; verify ambiguous names before final product display.
hf-famous-0642-amos-milburn,Amos Milburn,Q474283,Amos Milburn,exact_en_label_match,entertainer,musician;pianist;recording artist;singer-songwriter,Q486748;Q488205;Q55960555;Q639669,https://www.wikidata.org/wiki/Q474283,medium,Exact English label match against Wikidata human items; verify ambiguous names before final product display.
hf-famous-0643-amy-brenneman,Amy Brenneman,Q232520,Amy Brenneman,exact_en_label_match,entertainer,actor;film actor;manufacturer;screenwriter;television actor,Q10798782;Q10800557;Q13235160;Q28389;Q33999,https://www.wikidata.org/wiki/Q232520,medium,Exact English label match against Wikidata human items; verify ambiguous names before final product display.
hf-famous-0644-amy-carnevale,Amy Carnevale,,,no_exact_en_label_match,wikidata_not_found,,,https://www.wikidata.org/,low,No exact English-label Wikidata human match in batch query.
hf-famous-0645-amy-fitzgerald,Amy Fitzgerald,,,no_exact_en_label_match,wikidata_not_found,,,https://www.wikidata.org/,low,No exact English-label Wikidata human match in batch query.
hf-famous-0646-amy-grant,Amy Grant,Q464213,Amy Grant,exact_en_label_match,entertainer,politician;singer;singer-songwriter;songwriter;teacher;voice actor,Q177220;Q2405480;Q37226;Q488205;Q753110;Q82955,https://www.wikidata.org/wiki/Q464213,medium,Exact English label match against Wikidata human items; verify ambiguous names before final product display.
hf-famous-0647-amy-irving,Amy Irving,Q235020,Amy Irving,exact_en_label_match,entertainer,actor;comedian;film producer;singer;television actor;voice actor,Q10798782;Q177220;Q2405480;Q245068;Q3282637;Q33999,https://www.wikidata.org/wiki/Q235020,medium,Exact English label match against Wikidata human items; verify ambiguous names before final product display.
hf-famous-0648-amy-pietz,Amy Pietz,Q442143,Amy Pietz,exact_en_label_match,entertainer,film actor;television actor,Q10798782;Q10800557,https://www.wikidata.org/wiki/Q442143,medium,Exact English label match against Wikidata human items; verify ambiguous names before final product display.
hf-famous-0649-amy-poehler,Amy Poehler,Q230203,Amy Poehler,exact_en_label_match,entertainer,actor;comedian;film actor;film director;film producer;screenwriter;television actor;television director;television producer;voice actor;writer,Q10798782;Q10800557;Q2059704;Q2405480;Q245068;Q2526255;Q28389;Q3282637;Q33999;Q36180;Q578109,https://www.wikidata.org/wiki/Q230203,medium,Exact English label match against Wikidata human items; verify ambiguous names before final product display.
hf-famous-0650-amy-rodden,Amy Rodden,,,no_exact_en_label_match,wikidata_not_found,,,https://www.wikidata.org/,low,No exact English-label Wikidata human match in batch query.
hf-famous-0651-amy-seguin,Amy Seguin,,,no_exact_en_label_match,wikidata_not_found,,,https://www.wikidata.org/,low,No exact English-label Wikidata human match in batch query.
hf-famous-0652-am-lia-rodrigues,Amália Rodrigues,Q214813,Amália Rodrigues,exact_en_label_match,entertainer,actor;fado singer;musician;recording artist;singer,Q177220;Q33999;Q55960555;Q63643090;Q639669,https://www.wikidata.org/wiki/Q214813,medium,Exact English label match against Wikidata human items; verify ambiguous names before final product display.
hf-famous-0653-am-d-e-passemard,Amédée Passemard,,,no_exact_en_label_match,wikidata_not_found,,,https://www.wikidata.org/,low,No exact English-label Wikidata human match in batch query.
hf-famous-0654-am-lie-mauresmo,Amélie Mauresmo,Q180872,Amélie Mauresmo,exact_en_label_match,sports,tennis coach;tennis player,Q10833314;Q13219424,https://www.wikidata.org/wiki/Q180872,medium,Exact English label match against Wikidata human items; verify ambiguous names before final product display.
hf-famous-0655-am-lie-nothomb,Amélie Nothomb,Q168040,Amélie Nothomb,exact_en_label_match,entertainer,novelist;screenwriter;short story writer;writer,Q15949613;Q28389;Q36180;Q6625963,https://www.wikidata.org/wiki/Q168040,medium,Exact English label match against Wikidata human items; verify ambiguous names before final product display.
hf-famous-0656-anabelle-buffet,Anabelle Buffet,,,no_exact_en_label_match,wikidata_not_found,,,https://www.wikidata.org/,low,No exact English-label Wikidata human match in batch query.
hf-famous-0657-anacharsis-cloots,Anacharsis Cloots,Q483405,Anacharsis Cloots,exact_en_label_match,politics,politician,Q82955,https://www.wikidata.org/wiki/Q483405,medium,Exact English label match against Wikidata human items; verify ambiguous names before final product display.
hf-famous-0658-anatole-de-montaiglon,Anatole De Montaiglon,,,no_exact_en_label_match,wikidata_not_found,,,https://www.wikidata.org/,low,No exact English-label Wikidata human match in batch query.
hf-famous-0659-anatole-deibler,Anatole Deibler,Q487480,Anatole Deibler,exact_en_label_match,public_figure_other,executioner,Q207651,https://www.wikidata.org/wiki/Q487480,medium,Exact English label match against Wikidata human items; verify ambiguous names before final product display.
hf-famous-0660-anatole-france,Anatole France,Q42443,Anatole France,exact_en_label_match,writer_media,biographer;critic;journalist;librarian;literary critic;novelist;poet;prose writer;science fiction writer;writer,Q12144794;Q182436;Q18844224;Q1930187;Q36180;Q4263842;Q49757;Q6430706;Q6625963;Q864380,https://www.wikidata.org/wiki/Q42443,medium,Exact English label match against Wikidata human items; verify ambiguous names before final product display.
hf-famous-0661-anatole-le-braz,Anatole Le Braz,Q487523,Anatole Le Braz,exact_en_label_match,writer_media,collector of fairy tales;folklorist;historian;literary historian;poet;prose writer;translator;writer,Q12144794;Q13570226;Q201788;Q20551564;Q3075052;Q333634;Q36180;Q49757,https://www.wikidata.org/wiki/Q487523,medium,Exact English label match against Wikidata human items; verify ambiguous names before final product display.
hf-famous-0662-ana-s-nin,Anaïs Nin,Q220018,Anaïs Nin,exact_en_label_match,entertainer,autobiographer;dancer;diarist;novelist;screenwriter;writer,Q18814623;Q18939491;Q28389;Q36180;Q5716684;Q6625963,https://www.wikidata.org/wiki/Q220018,medium,Exact English label match against Wikidata human items; verify ambiguous names before final product display.
hf-famous-0663-andre,Andre,Q96587899,Andre,exact_en_label_match,public_figure_other,Catholic bishop;Catholic priest,Q250867;Q611644,https://www.wikidata.org/wiki/Q96587899,medium,Exact English label match against Wikidata human items; verify ambiguous names before final product display.
hf-famous-0664-andre-alfred-dumas,Andre Alfred Dumas,,,no_exact_en_label_match,wikidata_not_found,,,https://www.wikidata.org/,low,No exact English-label Wikidata human match in batch query.
hf-famous-0665-andre-arnaud,Andre Arnaud,,,no_exact_en_label_match,wikidata_not_found,,,https://www.wikidata.org/,low,No exact English-label Wikidata human match in batch query.
hf-famous-0666-andre-baillon,Andre Baillon,,,no_exact_en_label_match,wikidata_not_found,,,https://www.wikidata.org/,low,No exact English-label Wikidata human match in batch query.
hf-famous-0667-andre-barbault,Andre Barbault,,,no_exact_en_label_match,wikidata_not_found,,,https://www.wikidata.org/,low,No exact English-label Wikidata human match in batch query.
hf-famous-0668-andre-bauchant,Andre Bauchant,,,no_exact_en_label_match,wikidata_not_found,,,https://www.wikidata.org/,low,No exact English-label Wikidata human match in batch query.
hf-famous-0669-andre-bazin,Andre Bazin,,,no_exact_en_label_match,wikidata_not_found,,,https://www.wikidata.org/,low,No exact English-label Wikidata human match in batch query.
hf-famous-0670-andre-beaufre,Andre Beaufre,,,no_exact_en_label_match,wikidata_not_found,,,https://www.wikidata.org/,low,No exact English-label Wikidata human match in batch query.
hf-famous-0671-andre-bergeron,Andre Bergeron,,,no_exact_en_label_match,wikidata_not_found,,,https://www.wikidata.org/,low,No exact English-label Wikidata human match in batch query.
hf-famous-0672-andre-boniface,Andre Boniface,,,no_exact_en_label_match,wikidata_not_found,,,https://www.wikidata.org/,low,No exact English-label Wikidata human match in batch query.
hf-famous-0673-andre-boudineau,Andre Boudineau,,,no_exact_en_label_match,wikidata_not_found,,,https://www.wikidata.org/,low,No exact English-label Wikidata human match in batch query.
hf-famous-0674-andre-bourguignon,Andre Bourguignon,,,no_exact_en_label_match,wikidata_not_found,,,https://www.wikidata.org/,low,No exact English-label Wikidata human match in batch query.
hf-famous-0675-andre-caplet,Andre Caplet,,,no_exact_en_label_match,wikidata_not_found,,,https://www.wikidata.org/,low,No exact English-label Wikidata human match in batch query.
hf-famous-0676-andre-couder,Andre Couder,,,no_exact_en_label_match,wikidata_not_found,,,https://www.wikidata.org/,low,No exact English-label Wikidata human match in batch query.
hf-famous-0677-andre-danjon,Andre Danjon,,,no_exact_en_label_match,wikidata_not_found,,,https://www.wikidata.org/,low,No exact English-label Wikidata human match in batch query.
hf-famous-0678-andre-derain,Andre Derain,,,no_exact_en_label_match,wikidata_not_found,,,https://www.wikidata.org/,low,No exact English-label Wikidata human match in batch query.
hf-famous-0679-andre-famechon,Andre Famechon,,,no_exact_en_label_match,wikidata_not_found,,,https://www.wikidata.org/,low,No exact English-label Wikidata human match in batch query.
hf-famous-0680-andre-fontaine,Andre Fontaine,,,no_exact_en_label_match,wikidata_not_found,,,https://www.wikidata.org/,low,No exact English-label Wikidata human match in batch query.
hf-famous-0681-andre-francois,Andre Francois,,,no_exact_en_label_match,wikidata_not_found,,,https://www.wikidata.org/,low,No exact English-label Wikidata human match in batch query.
hf-famous-0682-andre-franquin,Andre Franquin,,,no_exact_en_label_match,wikidata_not_found,,,https://www.wikidata.org/,low,No exact English-label Wikidata human match in batch query.
hf-famous-0683-andre-frossard,Andre Frossard,,,no_exact_en_label_match,wikidata_not_found,,,https://www.wikidata.org/,low,No exact English-label Wikidata human match in batch query.
hf-famous-0684-andre-giraud,Andre Giraud,,,no_exact_en_label_match,wikidata_not_found,,,https://www.wikidata.org/,low,No exact English-label Wikidata human match in batch query.
hf-famous-0685-andre-herrero,Andre Herrero,Q88526650,Andre Herrero,exact_en_label_match,science_academia,researcher,Q1650915,https://www.wikidata.org/wiki/Q88526650,medium,Exact English label match against Wikidata human items; verify ambiguous names before final product display.
hf-famous-0686-andre-jousseaume,Andre Jousseaume,,,no_exact_en_label_match,wikidata_not_found,,,https://www.wikidata.org/,low,No exact English-label Wikidata human match in batch query.
hf-famous-0687-andre-labatut,Andre Labatut,,,no_exact_en_label_match,wikidata_not_found,,,https://www.wikidata.org/,low,No exact English-label Wikidata human match in batch query.
hf-famous-0688-andre-lalande,Andre Lalande,,,no_exact_en_label_match,wikidata_not_found,,,https://www.wikidata.org/,low,No exact English-label Wikidata human match in batch query.
hf-famous-0689-andre-larquetoux,Andre Larquetoux,,,no_exact_en_label_match,wikidata_not_found,,,https://www.wikidata.org/,low,No exact English-label Wikidata human match in batch query.
hf-famous-0690-andre-lhote,Andre Lhote,,,no_exact_en_label_match,wikidata_not_found,,,https://www.wikidata.org/,low,No exact English-label Wikidata human match in batch query.
hf-famous-0691-andre-lichtenberger,Andre Lichtenberger,,,no_exact_en_label_match,wikidata_not_found,,,https://www.wikidata.org/,low,No exact English-label Wikidata human match in batch query.
hf-famous-0692-andre-lwoff,Andre Lwoff,,,no_exact_en_label_match,wikidata_not_found,,,https://www.wikidata.org/,low,No exact English-label Wikidata human match in batch query.
hf-famous-0693-andre-martinet,Andre Martinet,,,no_exact_en_label_match,wikidata_not_found,,,https://www.wikidata.org/,low,No exact English-label Wikidata human match in batch query.
hf-famous-0694-andre-masson,Andre Masson,,,no_exact_en_label_match,wikidata_not_found,,,https://www.wikidata.org/,low,No exact English-label Wikidata human match in batch query.
hf-famous-0695-andre-messager,Andre Messager,,,no_exact_en_label_match,wikidata_not_found,,,https://www.wikidata.org/,low,No exact English-label Wikidata human match in batch query.
hf-famous-0696-andre-norton,Andre Norton,Q235899,Andre Norton,exact_en_label_match,writer_media,children's writer;novelist;science fiction writer;writer,Q18844224;Q36180;Q4853732;Q6625963,https://www.wikidata.org/wiki/Q235899,medium,Exact English label match against Wikidata human items; verify ambiguous names before final product display.
hf-famous-0697-andre-noyelle,Andre Noyelle,,,no_exact_en_label_match,wikidata_not_found,,,https://www.wikidata.org/,low,No exact English-label Wikidata human match in batch query.
hf-famous-0698-andre-paul-verlaque,Andre Paul Verlaque,,,no_exact_en_label_match,wikidata_not_found,,,https://www.wikidata.org/,low,No exact English-label Wikidata human match in batch query.
hf-famous-0699-andre-rossi,Andre Rossi,,,no_exact_en_label_match,wikidata_not_found,,,https://www.wikidata.org/,low,No exact English-label Wikidata human match in batch query.
hf-famous-0700-andre-roulez,Andre Roulez,,,no_exact_en_label_match,wikidata_not_found,,,https://www.wikidata.org/,low,No exact English-label Wikidata human match in batch query.
hf-famous-0701-andre-savignon,Andre Savignon,,,no_exact_en_label_match,wikidata_not_found,,,https://www.wikidata.org/,low,No exact English-label Wikidata human match in batch query.
hf-famous-0702-andre-villain,Andre Villain,,,no_exact_en_label_match,wikidata_not_found,,,https://www.wikidata.org/,low,No exact English-label Wikidata human match in batch query.
hf-famous-0703-andre-wormser,Andre Wormser,,,no_exact_en_label_match,wikidata_not_found,,,https://www.wikidata.org/,low,No exact English-label Wikidata human match in batch query.
hf-famous-0704-andrea-allocca,Andrea Allocca,,,no_exact_en_label_match,wikidata_not_found,,,https://www.wikidata.org/,low,No exact English-label Wikidata human match in batch query.
hf-famous-0705-andrea-barrett,Andrea Barrett,Q49065,Andrea Barrett,exact_en_label_match,writer_media,novelist;university teacher;writer,Q1622272;Q36180;Q6625963,https://www.wikidata.org/wiki/Q49065,medium,Exact English label match against Wikidata human items; verify ambiguous names before final product display.
hf-famous-0706-andrea-bocelli,Andrea Bocelli,Q42402,Andrea Bocelli,exact_en_label_match,entertainer,composer;guitarist;lawyer;opera singer;pianist;record producer;saxophonist;singer-songwriter;songwriter;trumpeter,Q12377274;Q12800682;Q183945;Q2865819;Q36834;Q40348;Q486748;Q488205;Q753110;Q855091,https://www.wikidata.org/wiki/Q42402,medium,Exact English label match against Wikidata human items; verify ambiguous names before final product display.
hf-famous-0707-andrea-bonomi,Andrea Bonomi,Q1460390,Andrea Bonomi,exact_en_label_match,business,association football player;businessperson;jurist;linguist;philosopher;philosopher of language;university teacher,Q14467526;Q1622272;Q185351;Q18930236;Q43845;Q4964182;Q937857,https://www.wikidata.org/wiki/Q1460390,medium,Exact English label match against Wikidata human items; verify ambiguous names before final product display.
hf-famous-0708-andrea-borruso,Andrea Borruso,Q20873376,Andrea Borruso,exact_en_label_match,politics,arabist;politician;university teacher,Q1622272;Q620573;Q82955,https://www.wikidata.org/wiki/Q20873376,medium,Exact English label match against Wikidata human items; verify ambiguous names before final product display.
hf-famous-0709-andrea-carnevale,Andrea Carnevale,Q493607,Andrea Carnevale,exact_en_label_match,sports,association football player,Q937857,https://www.wikidata.org/wiki/Q493607,medium,Exact English label match against Wikidata human items; verify ambiguous names before final product display.
hf-famous-0710-andrea-checchi,Andrea Checchi,Q493631,Andrea Checchi,exact_en_label_match,entertainer,actor;painter,Q1028181;Q33999,https://www.wikidata.org/wiki/Q493631,medium,Exact English label match against Wikidata human items; verify ambiguous names before final product display.
hf-famous-0711-andrea-collinelli,Andrea Collinelli,Q493672,Andrea Collinelli,exact_en_label_match,sports,sport cyclist,Q2309784,https://www.wikidata.org/wiki/Q493672,medium,Exact English label match against Wikidata human items; verify ambiguous names before final product display.
hf-famous-0712-andrea-cordero-lanza,Andrea Cordero Lanza,,,no_exact_en_label_match,wikidata_not_found,,,https://www.wikidata.org/,low,No exact English-label Wikidata human match in batch query.
hf-famous-0713-andrea-de-adamich,Andrea De Adamich,,,no_exact_en_label_match,wikidata_not_found,,,https://www.wikidata.org/,low,No exact English-label Wikidata human match in batch query.
hf-famous-0714-andrea-dukakis,Andrea Dukakis,,,no_exact_en_label_match,wikidata_not_found,,,https://www.wikidata.org/,low,No exact English-label Wikidata human match in batch query.
hf-famous-0715-andrea-dworkin,Andrea Dworkin,Q241398,Andrea Dworkin,exact_en_label_match,politics,essayist;journalist;literary critic;novelist;women's rights activist;writer,Q11774202;Q1930187;Q28692502;Q36180;Q4263842;Q6625963,https://www.wikidata.org/wiki/Q241398,medium,Exact English label match against Wikidata human items; verify ambiguous names before final product display.
hf-famous-0716-andrea-fortunato,Andrea Fortunato,Q493906,Andrea Fortunato,exact_en_label_match,sports,association football player;basketball player,Q3665646;Q937857,https://www.wikidata.org/wiki/Q493906,medium,Exact English label match against Wikidata human items; verify ambiguous names before final product display.
hf-famous-0717-andrea-gardini,Andrea Gardini,Q2258700,Andrea Gardini,exact_en_label_match,sports,volleyball player,Q15117302,https://www.wikidata.org/wiki/Q2258700,medium,Exact English label match against Wikidata human items; verify ambiguous names before final product display.
hf-famous-0718-andrea-giani,Andrea Giani,Q2704425,Andrea Giani,exact_en_label_match,sports,beach volleyball player;coach;researcher;volleyball player,Q15117302;Q1650915;Q17361156;Q41583,https://www.wikidata.org/wiki/Q2704425,medium,Exact English label match against Wikidata human items; verify ambiguous names before final product display.
hf-famous-0719-andrea-giordana,Andrea Giordana,Q493963,Andrea Giordana,exact_en_label_match,entertainer,film actor;singer;stage actor;television actor,Q10798782;Q10800557;Q177220;Q2259451,https://www.wikidata.org/wiki/Q493963,medium,Exact English label match against Wikidata human items; verify ambiguous names before final product display.
hf-famous-0720-andrea-montermini,Andrea Montermini,Q172973,Andrea Montermini,exact_en_label_match,sports,Formula One driver;racing automobile driver,Q10349745;Q10841764,https://www.wikidata.org/wiki/Q172973,medium,Exact English label match against Wikidata human items; verify ambiguous names before final product display.
hf-famous-0721-andrea-peron,Andrea Peron,Q494696,Andrea Peron,exact_en_label_match,sports,sport cyclist,Q2309784,https://www.wikidata.org/wiki/Q494696,medium,Exact English label match against Wikidata human items; verify ambiguous names before final product display.
hf-famous-0722-andrea-pezzoni,Andrea Pezzoni,,,no_exact_en_label_match,wikidata_not_found,,,https://www.wikidata.org/,low,No exact English-label Wikidata human match in batch query.
hf-famous-0723-andrea-sartoretti,Andrea Sartoretti,Q2608500,Andrea Sartoretti,exact_en_label_match,entertainer,actor;beach volleyball player;volleyball player,Q15117302;Q17361156;Q33999,https://www.wikidata.org/wiki/Q2608500,medium,Exact English label match against Wikidata human items; verify ambiguous names before final product display.
hf-famous-0724-andrea-spada,Andrea Spada,Q134580923,Andrea Spada,exact_en_label_match,writer_media,journalist,Q1930187,https://www.wikidata.org/wiki/Q134580923,medium,Exact English label match against Wikidata human items; verify ambiguous names before final product display.
hf-famous-0725-andrea-tafi,Andrea Tafi,Q495164,Andrea Tafi,exact_en_label_match,sports,mosaicist;painter;sport cyclist,Q1028181;Q2309784;Q282718,https://www.wikidata.org/wiki/Q495164,medium,Exact English label match against Wikidata human items; verify ambiguous names before final product display.
hf-famous-0726-andrea-ypsilanti,Andrea Ypsilanti,Q61577,Andrea Ypsilanti,exact_en_label_match,politics,flight attendant;politician,Q101539;Q82955,https://www.wikidata.org/wiki/Q61577,medium,Exact English label match against Wikidata human items; verify ambiguous names before final product display.
hf-famous-0727-andrea-zorzi,Andrea Zorzi,Q2755036,Andrea Zorzi,exact_en_label_match,sports,Catholic bishop;Catholic priest;beach volleyball player;computer scientist;historian;medievalist;university teacher;volleyball player,Q15117302;Q1622272;Q17361156;Q201788;Q250867;Q3332711;Q611644;Q82594,https://www.wikidata.org/wiki/Q2755036,medium,Exact English label match against Wikidata human items; verify ambiguous names before final product display.
hf-famous-0728-andrea-de-cesaris,Andrea de Cesaris,Q173153,Andrea de Cesaris,exact_en_label_match,sports,Formula One driver;racing automobile driver,Q10349745;Q10841764,https://www.wikidata.org/wiki/Q173153,medium,Exact English label match against Wikidata human items; verify ambiguous names before final product display.
hf-famous-0729-andreas-baader,Andreas Baader,Q76870,Andreas Baader,exact_en_label_match,public_figure_other,terrorist,Q12414919,https://www.wikidata.org/wiki/Q76870,medium,Exact English label match against Wikidata human items; verify ambiguous names before final product display.
hf-famous-0730-andreas-gau,Andreas Gau,Q497384,Andreas Gau,exact_en_label_match,politics,canon;politician,Q1104153;Q82955,https://www.wikidata.org/wiki/Q497384,medium,Exact English label match against Wikidata human items; verify ambiguous names before final product display.
hf-famous-0731-andreas-ostler,Andreas Ostler,Q499846,Andreas Ostler,exact_en_label_match,public_figure_other,bobsledder;chef,Q13383011;Q3499072,https://www.wikidata.org/wiki/Q499846,medium,Exact English label match against Wikidata human items; verify ambiguous names before final product display.
hf-famous-0732-andreas-papandreou,Andreas Papandreou,Q219256,Andreas Papandreou,exact_en_label_match,politics,economist;politician;university teacher,Q1622272;Q188094;Q82955,https://www.wikidata.org/wiki/Q219256,medium,Exact English label match against Wikidata human items; verify ambiguous names before final product display.
hf-famous-0733-andree-lepecq,Andree LePecq,,,no_exact_en_label_match,wikidata_not_found,,,https://www.wikidata.org/,low,No exact English-label Wikidata human match in batch query.
hf-famous-0734-andrei-ziemski,Andrei Ziemski,,,no_exact_en_label_match,wikidata_not_found,,,https://www.wikidata.org/,low,No exact English-label Wikidata human match in batch query.
hf-famous-0735-andreina-pagnani,Andreina Pagnani,Q2846510,Andreina Pagnani,exact_en_label_match,entertainer,dub actor;film actor;stage actor,Q10800557;Q11481802;Q2259451,https://www.wikidata.org/wiki/Q2846510,medium,Exact English label match against Wikidata human items; verify ambiguous names before final product display.
hf-famous-0736-andres-segovia,Andres Segovia,,,no_exact_en_label_match,wikidata_not_found,,,https://www.wikidata.org/,low,No exact English-label Wikidata human match in batch query.
hf-famous-0737-andrew-card-jr,Andrew Card Jr.,,,no_exact_en_label_match,wikidata_not_found,,,https://www.wikidata.org/,low,No exact English-label Wikidata human match in batch query.
hf-famous-0738-andrew-cruickshank,Andrew Cruickshank,Q504301,Andrew Cruickshank,exact_en_label_match,entertainer,composer;film actor;pianist;researcher;stage actor;television actor,Q10798782;Q10800557;Q1650915;Q2259451;Q36834;Q486748,https://www.wikidata.org/wiki/Q504301,medium,Exact English label match against Wikidata human items; verify ambiguous names before final product display.
hf-famous-0739-andrew-cunanan,Andrew Cunanan,Q462125,Andrew Cunanan,exact_en_label_match,public_figure_other,criminal;prostitute;serial killer;spree killer,Q1154323;Q14915751;Q2159907;Q484188,https://www.wikidata.org/wiki/Q462125,medium,Exact English label match against Wikidata human items; verify ambiguous names before final product display.
hf-famous-0740-andrew-dallmeyer,Andrew Dallmeyer,Q18921603,Andrew Dallmeyer,exact_en_label_match,entertainer,actor;theatre director,Q3387717;Q33999,https://www.wikidata.org/wiki/Q18921603,medium,Exact English label match against Wikidata human items; verify ambiguous names before final product display.
hf-famous-0741-andrew-daulton-lee,Andrew Daulton Lee,Q4756762,Andrew Daulton Lee,exact_en_label_match,public_figure_other,drug trafficker;spy,Q10384029;Q9352089,https://www.wikidata.org/wiki/Q4756762,medium,Exact English label match against Wikidata human items; verify ambiguous names before final product display.
hf-famous-0742-andrew-fisher,Andrew Fisher,Q105188045,Andrew Fisher,exact_en_label_match,business,Scrabble player;athletics competitor;businessperson;diplomat;journalist;lawyer;physicist;politician;professor;researcher;trade unionist,Q11513337;Q121594;Q15627169;Q1650915;Q169470;Q1930187;Q193391;Q20708269;Q40348;Q43845;Q82955,https://www.wikidata.org/wiki/Q105188045,medium,Exact English label match against Wikidata human items; verify ambiguous names before final product display.
hf-famous-0743-andrew-forsyth,Andrew Forsyth,Q507040,Andrew Forsyth,exact_en_label_match,science_academia,mathematician;theologian,Q1234713;Q170790,https://www.wikidata.org/wiki/Q507040,medium,Exact English label match against Wikidata human items; verify ambiguous names before final product display.
hf-famous-0744-andrew-graham-gilchrist,Andrew Graham Gilchrist,,,no_exact_en_label_match,wikidata_not_found,,,https://www.wikidata.org/,low,No exact English-label Wikidata human match in batch query.
hf-famous-0745-andrew-greeley,Andrew Greeley,Q504923,Andrew Greeley,exact_en_label_match,writer_media,Catholic priest;columnist;journalist;novelist;sociologist;university teacher;writer,Q1086863;Q1622272;Q1930187;Q2306091;Q250867;Q36180;Q6625963,https://www.wikidata.org/wiki/Q504923,medium,Exact English label match against Wikidata human items; verify ambiguous names before final product display.
hf-famous-0746-andrew-j-evans,Andrew J. Evans,,,no_exact_en_label_match,wikidata_not_found,,,https://www.wikidata.org/,low,No exact English-label Wikidata human match in batch query.
hf-famous-0747-andrew-lewis,Andrew Lewis,Q104719199,Andrew Lewis,exact_en_label_match,entertainer,American football player;association football player;barrister;basketball player;boxer;composer;judge;landscape contractor;local government officer;military officer;naval officer;politician;researcher;rugby union player;sailor;sculptor;triathlete,Q10669499;Q107199914;Q11338576;Q1281618;Q14089670;Q15306067;Q1650915;Q16533;Q189290;Q19204627;Q3665646;Q36834;Q476246;Q60155886;Q808967;Q82955;Q937857,https://www.wikidata.org/wiki/Q104719199,medium,Exact English label match against Wikidata human items; verify ambiguous names before final product display.
hf-famous-0748-andrew-mactaggart,Andrew MacTaggart,,,no_exact_en_label_match,wikidata_not_found,,,https://www.wikidata.org/,low,No exact English-label Wikidata human match in batch query.
hf-famous-0749-andrew-mattei-gleason,Andrew Mattei Gleason,,,no_exact_en_label_match,wikidata_not_found,,,https://www.wikidata.org/,low,No exact English-label Wikidata human match in batch query.
hf-famous-0750-andrew-mccarthy,Andrew McCarthy,Q125474444,Andrew McCarthy,exact_en_label_match,entertainer,actor;association football player;basketball player;film actor;film director;film producer;financier;jockey;researcher;screenwriter;stage actor;television actor,Q10798782;Q10800557;Q1650915;Q1979607;Q2259451;Q2526255;Q28389;Q3282637;Q33999;Q3665646;Q846750;Q937857,https://www.wikidata.org/wiki/Q125474444,medium,Exact English label match against Wikidata human items; verify ambiguous names before final product display.
hf-famous-0751-andrew-meldrum,Andrew Meldrum,Q4758004,Andrew Meldrum,exact_en_label_match,writer_media,journalist;police officer,Q1930187;Q384593,https://www.wikidata.org/wiki/Q4758004,medium,Exact English label match against Wikidata human items; verify ambiguous names before final product display.
hf-famous-0752-andrew-mudge,Andrew Mudge,Q114911840,Andrew Mudge,exact_en_label_match,entertainer,film director;film producer,Q2526255;Q3282637,https://www.wikidata.org/wiki/Q114911840,medium,Exact English label match against Wikidata human items; verify ambiguous names before final product display.
hf-famous-0753-andrew-neil,Andrew Neil,Q4758108,Andrew Neil,exact_en_label_match,business,broadcaster;business executive;editor;journalist;soldier,Q135301631;Q1607826;Q1930187;Q2961975;Q4991371,https://www.wikidata.org/wiki/Q4758108,medium,Exact English label match against Wikidata human items; verify ambiguous names before final product display.
hf-famous-0754-andrew-paton-welsh,Andrew Paton Welsh,,,no_exact_en_label_match,wikidata_not_found,,,https://www.wikidata.org/,low,No exact English-label Wikidata human match in batch query.
hf-famous-0755-andrew-pollard-ogg,Andrew Pollard Ogg,,,no_exact_en_label_match,wikidata_not_found,,,https://www.wikidata.org/,low,No exact English-label Wikidata human match in batch query.
hf-famous-0756-andrew-pringle,Andrew Pringle,Q4758309,Andrew Pringle,exact_en_label_match,politics,Christian minister;cricketer;military personnel,Q12299841;Q1423891;Q47064,https://www.wikidata.org/wiki/Q4758309,medium,Exact English label match against Wikidata human items; verify ambiguous names before final product display.
hf-famous-0757-andrew-renton,Andrew Renton,Q124032775,Andrew Renton,exact_en_label_match,arts,architect;art historian;curator;engineer;exhibition curator;teacher,Q1792450;Q37226;Q42973;Q674426;Q780596;Q81096,https://www.wikidata.org/wiki/Q124032775,medium,Exact English label match against Wikidata human items; verify ambiguous names before final product display.
hf-famous-0758-andrew-stark,Andrew Stark,Q4758630,Andrew Stark,exact_en_label_match,entertainer,actor;diplomat;military personnel;newspaperperson;photographer;politician;pornographic actor;publisher,Q193391;Q2516866;Q33231;Q33999;Q47064;Q488111;Q82955;Q96050759,https://www.wikidata.org/wiki/Q4758630,medium,Exact English label match against Wikidata human items; verify ambiguous names before final product display.
hf-famous-0759-andrew-stewart,Andrew Stewart,Q108512406,Andrew Stewart,exact_en_label_match,business,American football player;Anglican priest;Canadian football player;Catholic bishop;Catholic priest;Christian minister;association football coach;association football player;athletics competitor;broadcasting executive;economist;lawyer;legal scholar;military personnel;painter;politician;priest;researcher;rugby union player,Q1028181;Q11513337;Q14089670;Q1423891;Q16012028;Q1650915;Q188094;Q19204627;Q19841381;Q250867;Q28050438;Q3409375;Q40348;Q42603;Q47064;Q611644;Q628099;Q82955;Q937857,https://www.wikidata.org/wiki/Q108512406,medium,Exact English label match against Wikidata human items; verify ambiguous names before final product display.
hf-famous-0760-andrew-watt-kay,Andrew Watt Kay,Q76448472,Andrew Watt Kay,exact_en_label_match,science_academia,physician;surgeon;university teacher,Q1622272;Q39631;Q774306,https://www.wikidata.org/wiki/Q76448472,medium,Exact English label match against Wikidata human items; verify ambiguous names before final product display.
hf-famous-0761-andrew-williams,Andrew Williams,Q3616303,Andrew Williams,exact_en_label_match,entertainer,American football player;Australian rules football player;actor;archaeologist;association football player;basketball player;chief executive officer;cricketer;documentary filmmaker;musician;painter;politician;researcher;rugby league player;television actor,Q1028181;Q10798782;Q12299841;Q1235146;Q13414980;Q14373094;Q1650915;Q19204627;Q33999;Q3621491;Q3665646;Q484876;Q639669;Q82955;Q937857,https://www.wikidata.org/wiki/Q3616303,medium,Exact English label match against Wikidata human items; verify ambiguous names before final product display.
hf-famous-0762-andrew-wyeth,Andrew Wyeth,Q316325,Andrew Wyeth,exact_en_label_match,writer_media,painter;writer,Q1028181;Q36180,https://www.wikidata.org/wiki/Q316325,medium,Exact English label match against Wikidata human items; verify ambiguous names before final product display.
hf-famous-0763-andrex,Andrex,Q2846778,Andrex,exact_en_label_match,entertainer,actor,Q33999,https://www.wikidata.org/wiki/Q2846778,medium,Exact English label match against Wikidata human items; verify ambiguous names before final product display.
hf-famous-0764-andr-allemand,André Allemand,Q15970550,André Allemand,exact_en_label_match,writer_media,skydiver;writer,Q36180;Q6060450,https://www.wikidata.org/wiki/Q15970550,medium,Exact English label match against Wikidata human items; verify ambiguous names before final product display.
hf-famous-0765-andr-antoine,André Antoine,Q529001,André Antoine,exact_en_label_match,entertainer,actor;director;film director;lawyer;politician;theatre critic;theatre director;theatre manager,Q17337766;Q1776724;Q2526255;Q3387717;Q33999;Q3455803;Q40348;Q82955,https://www.wikidata.org/wiki/Q529001,medium,Exact English label match against Wikidata human items; verify ambiguous names before final product display.
hf-famous-0766-andr-beaudin,André Beaudin,Q516950,André Beaudin,exact_en_label_match,politics,draftsperson;illustrator;painter;politician;printmaker;sculptor,Q1028181;Q11569986;Q1281618;Q15296811;Q644687;Q82955,https://www.wikidata.org/wiki/Q516950,medium,Exact English label match against Wikidata human items; verify ambiguous names before final product display.
hf-famous-0767-andr-bellec,André Bellec,Q2847250,André Bellec,exact_en_label_match,entertainer,singer,Q177220,https://www.wikidata.org/wiki/Q2847250,medium,Exact English label match against Wikidata human items; verify ambiguous names before final product display.
hf-famous-0768-andr-beloni,André Beloni,,,no_exact_en_label_match,wikidata_not_found,,,https://www.wikidata.org/,low,No exact English-label Wikidata human match in batch query.
hf-famous-0769-andr-berthomieu,André Berthomieu,Q2847287,André Berthomieu,exact_en_label_match,entertainer,director;film director;screenwriter,Q2526255;Q28389;Q3455803,https://www.wikidata.org/wiki/Q2847287,medium,Exact English label match against Wikidata human items; verify ambiguous names before final product display.
hf-famous-0770-andr-bettencourt,André Bettencourt,Q517072,André Bettencourt,exact_en_label_match,business,French resistance fighter;diplomat;industrialist;politician,Q193391;Q23833535;Q6606110;Q82955,https://www.wikidata.org/wiki/Q517072,medium,Exact English label match against Wikidata human items; verify ambiguous names before final product display.
hf-famous-0771-andr-bizette,André Bizette,,,no_exact_en_label_match,wikidata_not_found,,,https://www.wikidata.org/,low,No exact English-label Wikidata human match in batch query.
hf-famous-0772-andr-blondel,André Blondel,Q516285,André Blondel,exact_en_label_match,science_academia,civil engineer;electrical engineer;inventor;physicist,Q1326886;Q13582652;Q169470;Q205375,https://www.wikidata.org/wiki/Q516285,medium,Exact English label match against Wikidata human items; verify ambiguous names before final product display.
hf-famous-0773-andr-boissarie,André Boissarie,,,no_exact_en_label_match,wikidata_not_found,,,https://www.wikidata.org/,low,No exact English-label Wikidata human match in batch query.
hf-famous-0774-andr-bord,André Bord,Q517196,André Bord,exact_en_label_match,politics,politician;theologian,Q1234713;Q82955,https://www.wikidata.org/wiki/Q517196,medium,Exact English label match against Wikidata human items; verify ambiguous names before final product display.
hf-famous-0775-andr-brahic,André Brahic,Q2847375,André Brahic,exact_en_label_match,public_figure_other,astrophysicist;university teacher,Q1622272;Q752129,https://www.wikidata.org/wiki/Q2847375,medium,Exact English label match against Wikidata human items; verify ambiguous names before final product display.
hf-famous-0776-andr-brasilier,André Brasilier,Q2847373,André Brasilier,exact_en_label_match,arts,ceramicist;painter,Q1028181;Q7541856,https://www.wikidata.org/wiki/Q2847373,medium,Exact English label match against Wikidata human items; verify ambiguous names before final product display.
hf-famous-0777-andr-breton,André Breton,Q161955,André Breton,exact_en_label_match,entertainer,art theorist;botanist;draftsperson;essayist;novelist;photographer;physician;poet;politician;singer;writer,Q11774202;Q15296811;Q17391638;Q177220;Q2374149;Q33231;Q36180;Q39631;Q49757;Q6625963;Q82955,https://www.wikidata.org/wiki/Q161955,medium,Exact English label match against Wikidata human items; verify ambiguous names before final product display.
hf-famous-0778-andr-briend,André Briend,Q4759841,André Briend,exact_en_label_match,science_academia,nutritionist;researcher,Q1650915;Q2576499,https://www.wikidata.org/wiki/Q4759841,medium,Exact English label match against Wikidata human items; verify ambiguous names before final product display.
hf-famous-0779-andr-brunot,André Brunot,Q2847395,André Brunot,exact_en_label_match,entertainer,actor;singer,Q177220;Q33999,https://www.wikidata.org/wiki/Q2847395,medium,Exact English label match against Wikidata human items; verify ambiguous names before final product display.
hf-famous-0780-andr-calmettes,André Calmettes,Q2637102,André Calmettes,exact_en_label_match,entertainer,actor;film actor;film director;screenwriter,Q10800557;Q2526255;Q28389;Q33999,https://www.wikidata.org/wiki/Q2637102,medium,Exact English label match against Wikidata human items; verify ambiguous names before final product display.
hf-famous-0781-andr-castelot,André Castelot,Q517682,André Castelot,exact_en_label_match,entertainer,biographer;journalist;screenwriter;writer,Q1930187;Q28389;Q36180;Q864380,https://www.wikidata.org/wiki/Q517682,medium,Exact English label match against Wikidata human items; verify ambiguous names before final product display.
hf-famous-0782-andr-caudron,André Caudron,Q93233067,André Caudron,exact_en_label_match,writer_media,journalist,Q1930187,https://www.wikidata.org/wiki/Q93233067,medium,Exact English label match against Wikidata human items; verify ambiguous names before final product display.
hf-famous-0783-andr-cauvin,André Cauvin,Q2847459,André Cauvin,exact_en_label_match,entertainer,film director;film producer;photographer;screenwriter,Q2526255;Q28389;Q3282637;Q33231,https://www.wikidata.org/wiki/Q2847459,medium,Exact English label match against Wikidata human items; verify ambiguous names before final product display.
hf-famous-0784-andr-cayatte,André Cayatte,Q517725,André Cayatte,exact_en_label_match,entertainer,director;film director;journalist;lawyer;screenwriter;writer,Q1930187;Q2526255;Q28389;Q3455803;Q36180;Q40348,https://www.wikidata.org/wiki/Q517725,medium,Exact English label match against Wikidata human items; verify ambiguous names before final product display.
hf-famous-0785-andr-chamson,André Chamson,Q517743,André Chamson,exact_en_label_match,writer_media,archivist;curator;essayist;historian;palaeographer;prose writer;writer,Q11774202;Q12144794;Q17132038;Q201788;Q36180;Q635734;Q674426,https://www.wikidata.org/wiki/Q517743,medium,Exact English label match against Wikidata human items; verify ambiguous names before final product display.
hf-famous-0786-andr-cheuva,André Cheuva,Q438182,André Cheuva,exact_en_label_match,sports,association football coach;association football player,Q628099;Q937857,https://www.wikidata.org/wiki/Q438182,medium,Exact English label match against Wikidata human items; verify ambiguous names before final product display.
hf-famous-0787-andr-citro-n,André Citroën,Q219842,André Citroën,exact_en_label_match,business,engineer;entrepreneur;industrialist,Q131524;Q6606110;Q81096,https://www.wikidata.org/wiki/Q219842,medium,Exact English label match against Wikidata human items; verify ambiguous names before final product display.
hf-famous-0788-andr-claveau,André Claveau,Q313986,André Claveau,exact_en_label_match,entertainer,film actor;performing artist;recording artist;singer,Q10800557;Q177220;Q55960555;Q713200,https://www.wikidata.org/wiki/Q313986,medium,Exact English label match against Wikidata human items; verify ambiguous names before final product display.
hf-famous-0789-andr-cluytens,André Cluytens,Q518038,André Cluytens,exact_en_label_match,entertainer,conductor;music director;pianist,Q1198887;Q158852;Q486748,https://www.wikidata.org/wiki/Q518038,medium,Exact English label match against Wikidata human items; verify ambiguous names before final product display.
hf-famous-0790-andr-colin,André Colin,Q2847545,André Colin,exact_en_label_match,politics,politician,Q82955,https://www.wikidata.org/wiki/Q2847545,medium,Exact English label match against Wikidata human items; verify ambiguous names before final product display.
hf-famous-0791-andr-couet,André Couet,,,no_exact_en_label_match,wikidata_not_found,,,https://www.wikidata.org/,low,No exact English-label Wikidata human match in batch query.
hf-famous-0792-andr-courr-ges,André Courrèges,Q465447,André Courrèges,exact_en_label_match,business,aircraft pilot;businessperson;engineer;grand couturier,Q2095549;Q43845;Q4845479;Q81096,https://www.wikidata.org/wiki/Q465447,medium,Exact English label match against Wikidata human items; verify ambiguous names before final product display.
hf-famous-0793-andr-darrigade,André Darrigade,Q518229,André Darrigade,exact_en_label_match,sports,sport cyclist,Q2309784,https://www.wikidata.org/wiki/Q518229,medium,Exact English label match against Wikidata human items; verify ambiguous names before final product display.
hf-famous-0794-andr-delvaux,André Delvaux,Q518295,André Delvaux,exact_en_label_match,entertainer,director;film director;film editor;film screenwriter;screenwriter;television director,Q2059704;Q2526255;Q28389;Q3455803;Q69423232;Q7042855,https://www.wikidata.org/wiki/Q518295,medium,Exact English label match against Wikidata human items; verify ambiguous names before final product display.
hf-famous-0795-andr-dequae,André Dequae,Q518292,André Dequae,exact_en_label_match,politics,politician,Q82955,https://www.wikidata.org/wiki/Q518292,medium,Exact English label match against Wikidata human items; verify ambiguous names before final product display.
hf-famous-0796-andr-dh-tel,André Dhôtel,Q2714592,André Dhôtel,exact_en_label_match,entertainer,screenwriter;writer,Q28389;Q36180,https://www.wikidata.org/wiki/Q2714592,medium,Exact English label match against Wikidata human items; verify ambiguous names before final product display.
hf-famous-0797-andr-diligent,André Diligent,Q2847653,André Diligent,exact_en_label_match,politics,lawyer;politician,Q40348;Q82955,https://www.wikidata.org/wiki/Q2847653,medium,Exact English label match against Wikidata human items; verify ambiguous names before final product display.
hf-famous-0798-andr-drille,André Drille,,,no_exact_en_label_match,wikidata_not_found,,,https://www.wikidata.org/,low,No exact English-label Wikidata human match in batch query.
hf-famous-0799-andr-dunoyer-de-segonsac,André Dunoyer de Segonsac,,,no_exact_en_label_match,wikidata_not_found,,,https://www.wikidata.org/,low,No exact English-label Wikidata human match in batch query.
hf-famous-0800-andr-dussollier,André Dussollier,Q518457,André Dussollier,exact_en_label_match,entertainer,audiobook narrator;film actor;stage actor;television actor,Q10798782;Q10800557;Q20856740;Q2259451,https://www.wikidata.org/wiki/Q518457,medium,Exact English label match against Wikidata human items; verify ambiguous names before final product display.
hf-famous-0801-andr-even,André Even,Q20737485,André Even,exact_en_label_match,sports,basketball player;painter,Q1028181;Q3665646,https://www.wikidata.org/wiki/Q20737485,medium,Exact English label match against Wikidata human items; verify ambiguous names before final product display.
hf-famous-0802-andr-falcon,André Falcon,Q346576,André Falcon,exact_en_label_match,entertainer,film actor;stage actor,Q10800557;Q2259451,https://www.wikidata.org/wiki/Q346576,medium,Exact English label match against Wikidata human items; verify ambiguous names before final product display.
hf-famous-0803-andr-fougeron,André Fougeron,Q2847772,André Fougeron,exact_en_label_match,arts,draftsperson;graphic artist;mosaicist;painter;stage painter;watercolorist,Q1020606;Q1028181;Q15296811;Q17505902;Q1925963;Q282718,https://www.wikidata.org/wiki/Q2847772,medium,Exact English label match against Wikidata human items; verify ambiguous names before final product display.
hf-famous-0804-andr-fourquet,André Fourquet,,,no_exact_en_label_match,wikidata_not_found,,,https://www.wikidata.org/,low,No exact English-label Wikidata human match in batch query.
hf-famous-0805-andr-fr-naud,André Frénaud,Q518672,André Frénaud,exact_en_label_match,writer_media,poet,Q49757,https://www.wikidata.org/wiki/Q518672,medium,Exact English label match against Wikidata human items; verify ambiguous names before final product display.
hf-famous-0806-andr-gabriello,André Gabriello,Q2847794,André Gabriello,exact_en_label_match,entertainer,actor;chansonnier;soldier,Q13391399;Q33999;Q4991371,https://www.wikidata.org/wiki/Q2847794,medium,Exact English label match against Wikidata human items; verify ambiguous names before final product display.
hf-famous-0807-andr-gaillard,André Gaillard,Q2847796,André Gaillard,exact_en_label_match,entertainer,actor;architect;comedian;novelist;poet;resistance fighter;writer,Q1397808;Q245068;Q33999;Q36180;Q42973;Q49757;Q6625963,https://www.wikidata.org/wiki/Q2847796,medium,Exact English label match against Wikidata human items; verify ambiguous names before final product display.
hf-famous-0808-andr-gard-re,André Gardère,Q2391295,André Gardère,exact_en_label_match,public_figure_other,fencer,Q13381863,https://www.wikidata.org/wiki/Q2391295,medium,Exact English label match against Wikidata human items; verify ambiguous names before final product display.
hf-famous-0809-andr-gide,André Gide,Q47484,André Gide,exact_en_label_match,entertainer,autobiographer;diarist;essayist;film producer;journalist;novelist;playwright;prose writer;screenwriter;translator;travel writer;writer,Q11774202;Q12144794;Q18814623;Q18939491;Q1930187;Q214917;Q28389;Q3282637;Q333634;Q3579035;Q36180;Q6625963,https://www.wikidata.org/wiki/Q47484,medium,Exact English label match against Wikidata human items; verify ambiguous names before final product display.
hf-famous-0810-andr-gill,André Gill,Q518827,André Gill,exact_en_label_match,entertainer,caricaturist;chansonnier;communard;draftsperson;painter;poet;singer-songwriter,Q1028181;Q13391399;Q15296811;Q1780490;Q3658608;Q488205;Q49757,https://www.wikidata.org/wiki/Q518827,medium,Exact English label match against Wikidata human items; verify ambiguous names before final product display.
hf-famous-0811-andr-glucksmann,André Glucksmann,Q362349,André Glucksmann,exact_en_label_match,writer_media,essayist;philosopher;political scientist;thinker;writer,Q11774202;Q1238570;Q24885626;Q36180;Q4964182,https://www.wikidata.org/wiki/Q362349,medium,Exact English label match against Wikidata human items; verify ambiguous names before final product display.
hf-famous-0812-andr-hunebelle,André Hunebelle,Q518179,André Hunebelle,exact_en_label_match,entertainer,designer;director;film actor;film director;screenwriter;stained-glass artist,Q10800557;Q2205972;Q2526255;Q28389;Q3455803;Q5322166,https://www.wikidata.org/wiki/Q518179,medium,Exact English label match against Wikidata human items; verify ambiguous names before final product display.
hf-famous-0813-andr-jacquemin,André Jacquemin,Q2847982,André Jacquemin,exact_en_label_match,politics,Catholic bishop;Catholic deacon;Catholic priest;Q97768293;curator;draftsperson;engineer;etcher;illustrator;muralist;painter;pastellist;pensioner;politician;printmaker;radio personality;watercolorist,Q1028181;Q10862983;Q11569986;Q15296811;Q1749879;Q17505902;Q20857490;Q250867;Q25393460;Q2722764;Q3374326;Q611644;Q644687;Q674426;Q81096;Q82955;Q97768293,https://www.wikidata.org/wiki/Q2847982,medium,Exact English label match against Wikidata human items; verify ambiguous names before final product display.
hf-famous-0814-andr-jean-thomas,André Jean Thomas,,,no_exact_en_label_match,wikidata_not_found,,,https://www.wikidata.org/,low,No exact English-label Wikidata human match in batch query.
hf-famous-0815-andr-laignel,André Laignel,Q957415,André Laignel,exact_en_label_match,politics,anciens cadres;lawyer;pensioner;politician,Q1749879;Q40348;Q82955;Q97768274,https://www.wikidata.org/wiki/Q957415,medium,Exact English label match against Wikidata human items; verify ambiguous names before final product display.
hf-famous-0816-andr-lamy,André Lamy,Q2848076,André Lamy,exact_en_label_match,entertainer,amateur wrestler;comedian;comics writer;film producer;impressionist,Q1148872;Q11892507;Q12369333;Q245068;Q3282637,https://www.wikidata.org/wiki/Q2848076,medium,Exact English label match against Wikidata human items; verify ambiguous names before final product display.
hf-famous-0817-andr-leducq,André Leducq,Q503630,André Leducq,exact_en_label_match,sports,sport cyclist,Q2309784,https://www.wikidata.org/wiki/Q503630,medium,Exact English label match against Wikidata human items; verify ambiguous names before final product display.
hf-famous-0818-andr-lefin,André Lefin,,,no_exact_en_label_match,wikidata_not_found,,,https://www.wikidata.org/,low,No exact English-label Wikidata human match in batch query.
hf-famous-0819-andr-legrand,André Legrand,Q2848137,André Legrand,exact_en_label_match,entertainer,film director;jurist,Q185351;Q2526255,https://www.wikidata.org/wiki/Q2848137,medium,Exact English label match against Wikidata human items; verify ambiguous names before final product display.
hf-famous-0820-andr-lerond,André Lerond,Q520829,André Lerond,exact_en_label_match,sports,association football player,Q937857,https://www.wikidata.org/wiki/Q520829,medium,Exact English label match against Wikidata human items; verify ambiguous names before final product display.
hf-famous-0821-andr-malraux,André Malraux,Q151164,André Malraux,exact_en_label_match,entertainer,archaeologist;art critic;art historian;film director;film editor;journalist;novelist;playwright;politician;prose writer;resistance fighter;screenwriter;writer,Q12144794;Q1397808;Q1792450;Q1930187;Q214917;Q2526255;Q28389;Q36180;Q3621491;Q4164507;Q6625963;Q7042855;Q82955,https://www.wikidata.org/wiki/Q151164,medium,Exact English label match against Wikidata human items; verify ambiguous names before final product display.
hf-famous-0822-andr-marie,André Marie,Q65591914,André Marie,exact_en_label_match,politics,French resistance fighter;anciens cadres;pensioner;politician,Q1749879;Q23833535;Q82955;Q97768274,https://www.wikidata.org/wiki/Q65591914,medium,Exact English label match against Wikidata human items; verify ambiguous names before final product display.
hf-famous-0823-andr-marius-marchand,André Marius Marchand,,,no_exact_en_label_match,wikidata_not_found,,,https://www.wikidata.org/,low,No exact English-label Wikidata human match in batch query.
hf-famous-0824-andr-maurois,André Maurois,Q224029,André Maurois,exact_en_label_match,entertainer,biographer;children's writer;critic;essayist;historian;literary critic;novelist;opinion journalist;philosopher;science fiction writer;screenwriter;writer,Q11774202;Q18844224;Q201788;Q28389;Q36180;Q4263842;Q4853732;Q4964182;Q6051619;Q6430706;Q6625963;Q864380,https://www.wikidata.org/wiki/Q224029,medium,Exact English label match against Wikidata human items; verify ambiguous names before final product display.
hf-famous-0825-andr-obey,André Obey,Q2848370,André Obey,exact_en_label_match,writer_media,playwright,Q214917,https://www.wikidata.org/wiki/Q2848370,medium,Exact English label match against Wikidata human items; verify ambiguous names before final product display.
hf-famous-0826-andr-obrecht,André Obrecht,Q356753,André Obrecht,exact_en_label_match,public_figure_other,executioner,Q207651,https://www.wikidata.org/wiki/Q356753,medium,Exact English label match against Wikidata human items; verify ambiguous names before final product display.
hf-famous-0827-andr-petitfils,André Petitfils,Q522257,André Petitfils,exact_en_label_match,sports,association football player,Q937857,https://www.wikidata.org/wiki/Q522257,medium,Exact English label match against Wikidata human items; verify ambiguous names before final product display.
hf-famous-0828-andr-pitie,André Pitie,,,no_exact_en_label_match,wikidata_not_found,,,https://www.wikidata.org/,low,No exact English-label Wikidata human match in batch query.
hf-famous-0829-andr-pousse,André Pousse,Q323686,André Pousse,exact_en_label_match,entertainer,actor;film actor;sport cyclist;television actor,Q10798782;Q10800557;Q2309784;Q33999,https://www.wikidata.org/wiki/Q323686,medium,Exact English label match against Wikidata human items; verify ambiguous names before final product display.
hf-famous-0830-andr-reybaz,André Reybaz,Q950724,André Reybaz,exact_en_label_match,entertainer,director;film actor;stage actor;television actor,Q10798782;Q10800557;Q2259451;Q3455803,https://www.wikidata.org/wiki/Q950724,medium,Exact English label match against Wikidata human items; verify ambiguous names before final product display.
hf-famous-0831-andr-rossinot,André Rossinot,Q497071,André Rossinot,exact_en_label_match,politics,physician;politician,Q39631;Q82955,https://www.wikidata.org/wiki/Q497071,medium,Exact English label match against Wikidata human items; verify ambiguous names before final product display.
hf-famous-0832-andr-roussin,André Roussin,Q522603,André Roussin,exact_en_label_match,writer_media,playwright,Q214917,https://www.wikidata.org/wiki/Q522603,medium,Exact English label match against Wikidata human items; verify ambiguous names before final product display.
hf-famous-0833-andr-routis,André Routis,,,no_exact_en_label_match,wikidata_not_found,,,https://www.wikidata.org/,low,No exact English-label Wikidata human match in batch query.
hf-famous-0834-andr-schwarz,André Schwarz,,,no_exact_en_label_match,wikidata_not_found,,,https://www.wikidata.org/,low,No exact English-label Wikidata human match in batch query.
hf-famous-0835-andr-siegfried,André Siegfried,Q326584,André Siegfried,exact_en_label_match,public_figure_other,geographer;historian;sociologist;university teacher,Q1622272;Q201788;Q2306091;Q901402,https://www.wikidata.org/wiki/Q326584,medium,Exact English label match against Wikidata human items; verify ambiguous names before final product display.
hf-famous-0836-andr-stil,André Stil,Q522943,André Stil,exact_en_label_match,entertainer,journalist;screenwriter;writer,Q1930187;Q28389;Q36180,https://www.wikidata.org/wiki/Q522943,medium,Exact English label match against Wikidata human items; verify ambiguous names before final product display.
hf-famous-0837-andr-strappe,André Strappe,Q522955,André Strappe,exact_en_label_match,sports,association football coach;association football player,Q628099;Q937857,https://www.wikidata.org/wiki/Q522955,medium,Exact English label match against Wikidata human items; verify ambiguous names before final product display.
hf-famous-0838-andr-theuriet,André Theuriet,Q2848691,André Theuriet,exact_en_label_match,sports,novelist;playwright;poet;rugby union player;writer,Q14089670;Q214917;Q36180;Q49757;Q6625963,https://www.wikidata.org/wiki/Q2848691,medium,Exact English label match against Wikidata human items; verify ambiguous names before final product display.
hf-famous-0839-andr-turcat,André Turcat,Q2848727,André Turcat,exact_en_label_match,politics,aircraft pilot;politician;test pilot,Q2095549;Q730242;Q82955,https://www.wikidata.org/wiki/Q2848727,medium,Exact English label match against Wikidata human items; verify ambiguous names before final product display.
hf-famous-0840-andr-t-chin,André Téchiné,Q523144,André Téchiné,exact_en_label_match,entertainer,actor;director;film critic;film director;screenwriter,Q2526255;Q28389;Q33999;Q3455803;Q4220892,https://www.wikidata.org/wiki/Q523144,medium,Exact English label match against Wikidata human items; verify ambiguous names before final product display.
hf-famous-0841-andr-verchuren,André Verchuren,Q523178,André Verchuren,exact_en_label_match,entertainer,French resistance fighter;musician,Q23833535;Q639669,https://www.wikidata.org/wiki/Q523178,medium,Exact English label match against Wikidata human items; verify ambiguous names before final product display.
hf-famous-0842-andr-vercoutter,André Vercoutter,,,no_exact_en_label_match,wikidata_not_found,,,https://www.wikidata.org/,low,No exact English-label Wikidata human match in batch query.
hf-famous-0843-andr-versini,André Versini,Q2848773,André Versini,exact_en_label_match,entertainer,film actor;film director;screenwriter,Q10800557;Q2526255;Q28389,https://www.wikidata.org/wiki/Q2848773,medium,Exact English label match against Wikidata human items; verify ambiguous names before final product display.
hf-famous-0844-andr-weber,André Weber,Q2848802,André Weber,exact_en_label_match,entertainer,actor;pensioner;politician;researcher,Q1650915;Q1749879;Q33999;Q82955,https://www.wikidata.org/wiki/Q2848802,medium,Exact English label match against Wikidata human items; verify ambiguous names before final product display.
hf-famous-0845-andr-wogenscky,André Wogenscky,Q2848816,André Wogenscky,exact_en_label_match,arts,architect;urban planner,Q131062;Q42973,https://www.wikidata.org/wiki/Q2848816,medium,Exact English label match against Wikidata human items; verify ambiguous names before final product display.
hf-famous-0846-andr-zeller,André Zeller,Q523467,André Zeller,exact_en_label_match,public_figure_other,military officer;military personnel,Q189290;Q47064,https://www.wikidata.org/wiki/Q523467,medium,Exact English label match against Wikidata human items; verify ambiguous names before final product display.
hf-famous-0847-andr-e-cl-ment,Andrée Clément,Q2848934,Andrée Clément,exact_en_label_match,entertainer,actor,Q33999,https://www.wikidata.org/wiki/Q2848934,medium,Exact English label match against Wikidata human items; verify ambiguous names before final product display.
hf-famous-0848-andr-e-debar,Andrée Debar,Q2848944,Andrée Debar,exact_en_label_match,entertainer,film actor;film producer;stage actor,Q10800557;Q2259451;Q3282637,https://www.wikidata.org/wiki/Q2848944,medium,Exact English label match against Wikidata human items; verify ambiguous names before final product display.
hf-famous-0849-andr-e-degeimbre,Andrée Degeimbre,,,no_exact_en_label_match,wikidata_not_found,,,https://www.wikidata.org/,low,No exact English-label Wikidata human match in batch query.
hf-famous-0850-andr-e-putman,Andrée Putman,Q448596,Andrée Putman,exact_en_label_match,business,architect;businessperson;designer;fashion designer;journalist,Q1930187;Q3501317;Q42973;Q43845;Q5322166,https://www.wikidata.org/wiki/Q448596,medium,Exact English label match against Wikidata human items; verify ambiguous names before final product display.
hf-famous-0851-andr-e-tainsy,Andrée Tainsy,Q2848982,Andrée Tainsy,exact_en_label_match,entertainer,actor;film actor,Q10800557;Q33999,https://www.wikidata.org/wiki/Q2848982,medium,Exact English label match against Wikidata human items; verify ambiguous names before final product display.
hf-famous-0852-andr-ia-ribeiro,Andréia Ribeiro,Q109981837,Andréia Ribeiro,exact_en_label_match,wikidata_no_occupation,,,https://www.wikidata.org/wiki/Q109981837,medium,Exact English label match against Wikidata human items; verify ambiguous names before final product display.
hf-famous-0853-andy-fogelson,Andy Fogelson,,,no_exact_en_label_match,wikidata_not_found,,,https://www.wikidata.org/,low,No exact English-label Wikidata human match in batch query.
hf-famous-0854-andy-gibb,Andy Gibb,Q176537,Andy Gibb,exact_en_label_match,entertainer,singer;singer-songwriter;songwriter;stage actor;television actor;television presenter,Q10798782;Q177220;Q2259451;Q488205;Q753110;Q947873,https://www.wikidata.org/wiki/Q176537,medium,Exact English label match against Wikidata human items; verify ambiguous names before final product display.
hf-famous-0855-andy-gibson,Andy Gibson,Q2747702,Andy Gibson,exact_en_label_match,entertainer,adviser;association football player;composer;entrepreneur;jazz trumpeter;mental health advocate;non-fiction writer;researcher;singer;singer-songwriter;social entrepreneur,Q107736950;Q12336252;Q131524;Q15980158;Q1650915;Q177220;Q2994387;Q36834;Q488205;Q61947786;Q937857,https://www.wikidata.org/wiki/Q2747702,medium,Exact English label match against Wikidata human items; verify ambiguous names before final product display.
hf-famous-0856-andy-griffith,Andy Griffith,Q312252,Andy Griffith,exact_en_label_match,entertainer,comedian;film actor;film producer;music teacher;musician;screenwriter;singer;singer-songwriter;stage actor;teacher;television actor;television producer;voice actor,Q10798782;Q10800557;Q177220;Q2259451;Q2405480;Q245068;Q2675537;Q28389;Q3282637;Q37226;Q488205;Q578109;Q639669,https://www.wikidata.org/wiki/Q312252,medium,Exact English label match against Wikidata human items; verify ambiguous names before final product display.
hf-famous-0857-andy-jones,Andy Jones,Q2849127,Andy Jones,exact_en_label_match,entertainer,American football player;actor;association football player;basketball player;board game designer;children's writer;circus performer;comedian;competitive diver;director;engineer;film director;film producer;ice hockey coach;ice hockey player;politician;researcher;screenwriter;television actor;writer,Q10798782;Q11774891;Q1544133;Q16004431;Q1650915;Q17307272;Q19204627;Q245068;Q2526255;Q28389;Q3282637;Q33999;Q3455803;Q36180;Q3665646;Q4853732;Q5137576;Q81096;Q82955;Q937857,https://www.wikidata.org/wiki/Q2849127,medium,Exact English label match against Wikidata human items; verify ambiguous names before final product display.
hf-famous-0858-andy-murray,Andy Murray,Q10125,Andy Murray,exact_en_label_match,sports,boxer;ice hockey coach;ice hockey player;tennis player,Q10833314;Q11338576;Q11774891;Q5137576,https://www.wikidata.org/wiki/Q10125,medium,Exact English label match against Wikidata human items; verify ambiguous names before final product display.
hf-famous-0859-andy-weber,Andy Weber,Q112513650,Andy Weber,exact_en_label_match,arts,illustrator;visual artist,Q3391743;Q644687,https://www.wikidata.org/wiki/Q112513650,medium,Exact English label match against Wikidata human items; verify ambiguous names before final product display.
hf-famous-0860-andy-williams,Andy Williams,Q214548,Andy Williams,exact_en_label_match,entertainer,American football coach;actor;art collector;association football player;germanist;guitarist;head coach;lexicographer;manufacturer;musician;politician;professional wrestler;record producer;recording artist;researcher;rhythm guitarist;rugby union player;singer;songwriter;surgeon;television presenter;visual effects supervisor,Q10732476;Q13235160;Q13474373;Q14089670;Q14972848;Q1650915;Q177220;Q183945;Q2599593;Q3246315;Q33999;Q42331263;Q55960555;Q61045547;Q639669;Q753110;Q774306;Q82955;Q8311;Q855091;Q937857;Q947873,https://www.wikidata.org/wiki/Q214548,medium,Exact English label match against Wikidata human items; verify ambiguous names before final product display.
hf-famous-0861-anette-bj-rlestam,Anette Bjärlestam,Q4939240,Anette Bjärlestam,exact_en_label_match,entertainer,actor,Q33999,https://www.wikidata.org/wiki/Q4939240,medium,Exact English label match against Wikidata human items; verify ambiguous names before final product display.
hf-famous-0862-anette-masui,Anette Masui,Q48531650,Anette Masui,exact_en_label_match,writer_media,journalist,Q1930187,https://www.wikidata.org/wiki/Q48531650,medium,Exact English label match against Wikidata human items; verify ambiguous names before final product display.
hf-famous-0863-angel,Angel,Q126364266,Angel,exact_en_label_match,entertainer,actor;child actor;comics artist;erotic photography model;fashion model;journalist;painter;pornographic actor;rapper;record producer;singer;singer-songwriter,Q1028181;Q177220;Q183945;Q1930187;Q2252262;Q3286043;Q3357567;Q33999;Q488111;Q488205;Q715301;Q970153,https://www.wikidata.org/wiki/Q126364266,medium,Exact English label match against Wikidata human items; verify ambiguous names before final product display.
hf-famous-0864-angela-adamoli,Angela Adamoli,Q4762354,Angela Adamoli,exact_en_label_match,sports,basketball coach;basketball player,Q3665646;Q5137571,https://www.wikidata.org/wiki/Q4762354,medium,Exact English label match against Wikidata human items; verify ambiguous names before final product display.
hf-famous-0865-angela-brambati,Angela Brambati,Q108099421,Angela Brambati,exact_en_label_match,entertainer,singer,Q177220,https://www.wikidata.org/wiki/Q108099421,medium,Exact English label match against Wikidata human items; verify ambiguous names before final product display.
hf-famous-0866-angela-davis,Angela Davis,Q160456,Angela Davis,exact_en_label_match,entertainer,autobiographer;blogger;feminist;human rights defender;jazz musician;journalist;philosopher;political prisoner;politician;researcher;saxophonist;television journalist;university teacher;women's rights activist;writer,Q12800682;Q1476215;Q15981151;Q1622272;Q1650915;Q18814623;Q1930187;Q217105;Q22976182;Q28692502;Q34074720;Q36180;Q4964182;Q8246794;Q82955,https://www.wikidata.org/wiki/Q160456,medium,Exact English label match against Wikidata human items; verify ambiguous names before final product display.
hf-famous-0867-angela-eagle,Angela Eagle,Q302763,Angela Eagle,exact_en_label_match,politics,politician,Q82955,https://www.wikidata.org/wiki/Q302763,medium,Exact English label match against Wikidata human items; verify ambiguous names before final product display.
hf-famous-0868-angela-finocchiaro,Angela Finocchiaro,Q1237584,Angela Finocchiaro,exact_en_label_match,entertainer,actor;comedian;film actor;screenwriter,Q10800557;Q245068;Q28389;Q33999,https://www.wikidata.org/wiki/Q1237584,medium,Exact English label match against Wikidata human items; verify ambiguous names before final product display.
hf-famous-0869-angela-kelly,Angela Kelly,Q4762474,Angela Kelly,exact_en_label_match,sports,association football player;coach;fashion designer,Q3501317;Q41583;Q937857,https://www.wikidata.org/wiki/Q4762474,medium,Exact English label match against Wikidata human items; verify ambiguous names before final product display.
hf-famous-0870-angela-maria-may,Angela Maria May,,,no_exact_en_label_match,wikidata_not_found,,,https://www.wikidata.org/,low,No exact English-label Wikidata human match in batch query.
hf-famous-0871-angela-merlin,Angela Merlin,,,no_exact_en_label_match,wikidata_not_found,,,https://www.wikidata.org/,low,No exact English-label Wikidata human match in batch query.
hf-famous-0872-angela-salcido,Angela Salcido,,,no_exact_en_label_match,wikidata_not_found,,,https://www.wikidata.org/,low,No exact English-label Wikidata human match in batch query.
hf-famous-0873-angelina-jolie,Angelina Jolie,Q13909,Angelina Jolie,exact_en_label_match,entertainer,actor;model;philanthropist,Q12362622;Q33999;Q4610556,https://www.wikidata.org/wiki/Q13909,medium,Exact English label match against Wikidata human items; verify ambiguous names before final product display.
hf-famous-0874-angelo-a-buono,Angelo A. Buono,,,no_exact_en_label_match,wikidata_not_found,,,https://www.wikidata.org/,low,No exact English-label Wikidata human match in batch query.
hf-famous-0875-angelo-branduardi,Angelo Branduardi,Q25153,Angelo Branduardi,exact_en_label_match,entertainer,actor;composer;film score composer;recording artist;singer;singer-songwriter;songwriter,Q1415090;Q177220;Q33999;Q36834;Q488205;Q55960555;Q753110,https://www.wikidata.org/wiki/Q25153,medium,Exact English label match against Wikidata human items; verify ambiguous names before final product display.
hf-famous-0876-angelo-conterno,Angelo Conterno,Q535765,Angelo Conterno,exact_en_label_match,sports,sport cyclist,Q2309784,https://www.wikidata.org/wiki/Q535765,medium,Exact English label match against Wikidata human items; verify ambiguous names before final product display.
hf-famous-0877-angelo-damiano,Angelo Damiano,Q535796,Angelo Damiano,exact_en_label_match,sports,sport cyclist,Q2309784,https://www.wikidata.org/wiki/Q535796,medium,Exact English label match against Wikidata human items; verify ambiguous names before final product display.
hf-famous-0878-angelo-errichetti,Angelo Errichetti,Q4762872,Angelo Errichetti,exact_en_label_match,politics,politician,Q82955,https://www.wikidata.org/wiki/Q4762872,medium,Exact English label match against Wikidata human items; verify ambiguous names before final product display.
hf-famous-0879-angelo-franzosi,Angelo Franzosi,Q2231385,Angelo Franzosi,exact_en_label_match,sports,association football coach;association football player,Q628099;Q937857,https://www.wikidata.org/wiki/Q2231385,medium,Exact English label match against Wikidata human items; verify ambiguous names before final product display.
hf-famous-0880-angelo-mai,Angelo Mai,Q304825,Angelo Mai,exact_en_label_match,public_figure_other,Catholic bishop;Catholic priest;classical philologist;latinist;librarian;mythographer;philologist;theologian,Q1234713;Q13418253;Q16267607;Q17598791;Q182436;Q24387326;Q250867;Q611644,https://www.wikidata.org/wiki/Q304825,medium,Exact English label match against Wikidata human items; verify ambiguous names before final product display.
hf-famous-0881-angelo-mazzone,Angelo Mazzone,,,no_exact_en_label_match,wikidata_not_found,,,https://www.wikidata.org/,low,No exact English-label Wikidata human match in batch query.
hf-famous-0882-angelo-scalzone,Angelo Scalzone,Q1093525,Angelo Scalzone,exact_en_label_match,public_figure_other,sport shooter,Q17486376,https://www.wikidata.org/wiki/Q1093525,medium,Exact English label match against Wikidata human items; verify ambiguous names before final product display.
hf-famous-0883-angelo-scola,Angelo Scola,Q336109,Angelo Scola,exact_en_label_match,public_figure_other,Catholic bishop;Catholic priest;theologian;university teacher,Q1234713;Q1622272;Q250867;Q611644,https://www.wikidata.org/wiki/Q336109,medium,Exact English label match against Wikidata human items; verify ambiguous names before final product display.
hf-famous-0884-angelo-turconi,Angelo Turconi,Q2849511,Angelo Turconi,exact_en_label_match,sports,association football coach;association football player;photographer,Q33231;Q628099;Q937857,https://www.wikidata.org/wiki/Q2849511,medium,Exact English label match against Wikidata human items; verify ambiguous names before final product display.
hf-famous-0885-angie-dickinson,Angie Dickinson,Q235989,Angie Dickinson,exact_en_label_match,entertainer,actor;film actor;television actor,Q10798782;Q10800557;Q33999,https://www.wikidata.org/wiki/Q235989,medium,Exact English label match against Wikidata human items; verify ambiguous names before final product display.
hf-famous-0886-angus-grant,Angus Grant,Q27786155,Angus Grant,exact_en_label_match,entertainer,actor;fiddler;musician;politician,Q33999;Q3560496;Q639669;Q82955,https://www.wikidata.org/wiki/Q27786155,medium,Exact English label match against Wikidata human items; verify ambiguous names before final product display.
hf-famous-0887-angus-mackay-mackintosh,Angus Mackay Mackintosh,,,no_exact_en_label_match,wikidata_not_found,,,https://www.wikidata.org/,low,No exact English-label Wikidata human match in batch query.
hf-famous-0888-angus-young,Angus Young,Q43932,Angus Young,exact_en_label_match,entertainer,composer;guitarist;rock musician;songwriter,Q12374149;Q36834;Q753110;Q855091,https://www.wikidata.org/wiki/Q43932,medium,Exact English label match against Wikidata human items; verify ambiguous names before final product display.
hf-famous-0889-ang-le-albrecht,Angèle Albrecht,,,no_exact_en_label_match,wikidata_not_found,,,https://www.wikidata.org/,low,No exact English-label Wikidata human match in batch query.
hf-famous-0890-anibal-silva,Anibal Silva,,,no_exact_en_label_match,wikidata_not_found,,,https://www.wikidata.org/,low,No exact English-label Wikidata human match in batch query.
hf-famous-0891-anic-e-alvina,Anicée Alvina,Q542338,Anicée Alvina,exact_en_label_match,entertainer,actor;film actor;singer,Q10800557;Q177220;Q33999,https://www.wikidata.org/wiki/Q542338,medium,Exact English label match against Wikidata human items; verify ambiguous names before final product display.
hf-famous-0892-anita-bryant,Anita Bryant,Q240623,Anita Bryant,exact_en_label_match,entertainer,beauty pageant contestant;recording artist;singer;writer,Q177220;Q18581305;Q36180;Q55960555,https://www.wikidata.org/wiki/Q240623,medium,Exact English label match against Wikidata human items; verify ambiguous names before final product display.
hf-famous-0893-anita-noyes,Anita Noyes,,,no_exact_en_label_match,wikidata_not_found,,,https://www.wikidata.org/,low,No exact English-label Wikidata human match in batch query.
hf-famous-0894-anita-o-day,Anita O'Day,Q234413,Anita O'Day,exact_en_label_match,entertainer,jazz musician;jazz singer;singer,Q15981151;Q177220;Q66314404,https://www.wikidata.org/wiki/Q234413,medium,Exact English label match against Wikidata human items; verify ambiguous names before final product display.
hf-famous-0895-anjanette-comer,Anjanette Comer,Q551355,Anjanette Comer,exact_en_label_match,entertainer,actor;film actor;television actor,Q10798782;Q10800557;Q33999,https://www.wikidata.org/wiki/Q551355,medium,Exact English label match against Wikidata human items; verify ambiguous names before final product display.
hf-famous-0896-anjelica-huston,Anjelica Huston,Q190998,Anjelica Huston,exact_en_label_match,entertainer,actor;autobiographer;film actor;film director;film producer;model;stage actor;television actor;voice actor,Q10798782;Q10800557;Q18814623;Q2259451;Q2405480;Q2526255;Q3282637;Q33999;Q4610556,https://www.wikidata.org/wiki/Q190998,medium,Exact English label match against Wikidata human items; verify ambiguous names before final product display.
hf-famous-0897-ann-b-davis,Ann B. Davis,Q443015,Ann B. Davis,exact_en_label_match,entertainer,actor;film actor;television actor,Q10798782;Q10800557;Q33999,https://www.wikidata.org/wiki/Q443015,medium,Exact English label match against Wikidata human items; verify ambiguous names before final product display.
hf-famous-0898-ann-curtis,Ann Curtis,Q237855,Ann Curtis,exact_en_label_match,arts,costume designer;swimmer,Q10843402;Q1323191,https://www.wikidata.org/wiki/Q237855,medium,Exact English label match against Wikidata human items; verify ambiguous names before final product display.
hf-famous-0899-ann-dunham,Ann Dunham,,,no_exact_en_label_match,wikidata_not_found,,,https://www.wikidata.org/,low,No exact English-label Wikidata human match in batch query.
hf-famous-0900-ann-e-parker,Ann E. Parker,,,no_exact_en_label_match,wikidata_not_found,,,https://www.wikidata.org/,low,No exact English-label Wikidata human match in batch query.
hf-famous-0901-ann-gryboski,Ann Gryboski,,,no_exact_en_label_match,wikidata_not_found,,,https://www.wikidata.org/,low,No exact English-label Wikidata human match in batch query.
hf-famous-0902-ann-jillian,Ann Jillian,Q459278,Ann Jillian,exact_en_label_match,entertainer,film actor;stage actor;television actor;voice actor,Q10798782;Q10800557;Q2259451;Q2405480,https://www.wikidata.org/wiki/Q459278,medium,Exact English label match against Wikidata human items; verify ambiguous names before final product display.
hf-famous-0903-ann-sheridan,Ann Sheridan,Q233848,Ann Sheridan,exact_en_label_match,entertainer,actor;film actor;researcher;television actor,Q10798782;Q10800557;Q1650915;Q33999,https://www.wikidata.org/wiki/Q233848,medium,Exact English label match against Wikidata human items; verify ambiguous names before final product display.
hf-famous-0904-ann-sothern,Ann Sothern,Q235289,Ann Sothern,exact_en_label_match,entertainer,actor;film actor;singer;stage actor;television actor,Q10798782;Q10800557;Q177220;Q2259451;Q33999,https://www.wikidata.org/wiki/Q235289,medium,Exact English label match against Wikidata human items; verify ambiguous names before final product display.
hf-famous-0905-ann-souter-gloag,Ann Souter Gloag,,,no_exact_en_label_match,wikidata_not_found,,,https://www.wikidata.org/,low,No exact English-label Wikidata human match in batch query.
hf-famous-0906-ann-stanford,Ann Stanford,Q4766683,Ann Stanford,exact_en_label_match,writer_media,poet;translator;writer,Q333634;Q36180;Q49757,https://www.wikidata.org/wiki/Q4766683,medium,Exact English label match against Wikidata human items; verify ambiguous names before final product display.
hf-famous-0907-ann-wedgeworth,Ann Wedgeworth,Q4766738,Ann Wedgeworth,exact_en_label_match,entertainer,actor;film actor;stage actor;television actor,Q10798782;Q10800557;Q2259451;Q33999,https://www.wikidata.org/wiki/Q4766738,medium,Exact English label match against Wikidata human items; verify ambiguous names before final product display.
hf-famous-0908-ann-wilson,Ann Wilson,Q75922961,Ann Wilson,exact_en_label_match,entertainer,artist;dancer;high jumper;hurdler;long jumper;painter;pentathlete;researcher;singer;songwriter,Q1028181;Q13381428;Q13382122;Q13724897;Q1650915;Q177220;Q21141408;Q483501;Q5716684;Q753110,https://www.wikidata.org/wiki/Q75922961,medium,Exact English label match against Wikidata human items; verify ambiguous names before final product display.
hf-famous-0909-anna,Anna,Q559309,Anna,exact_en_label_match,entertainer,AV idol;entrepreneur;fashion model;hermit;model;musician;nun;ornamental brassworker;owarai tarento;politician;pornographic actor;rapper;singer;singer-songwriter;songwriter;tarento,Q1079215;Q12330954;Q131524;Q17305604;Q177220;Q189829;Q191808;Q2252262;Q2705098;Q3357567;Q4610556;Q488111;Q488205;Q639669;Q753110;Q82955,https://www.wikidata.org/wiki/Q559309,medium,Exact English label match against Wikidata human items; verify ambiguous names before final product display.
hf-famous-0910-anna,Anna,Q559309,Anna,exact_en_label_match,entertainer,AV idol;entrepreneur;fashion model;hermit;model;musician;nun;ornamental brassworker;owarai tarento;politician;pornographic actor;rapper;singer;singer-songwriter;songwriter;tarento,Q1079215;Q12330954;Q131524;Q17305604;Q177220;Q189829;Q191808;Q2252262;Q2705098;Q3357567;Q4610556;Q488111;Q488205;Q639669;Q753110;Q82955,https://www.wikidata.org/wiki/Q559309,medium,Exact English label match against Wikidata human items; verify ambiguous names before final product display.
hf-famous-0911-anna,Anna,Q559309,Anna,exact_en_label_match,entertainer,AV idol;entrepreneur;fashion model;hermit;model;musician;nun;ornamental brassworker;owarai tarento;politician;pornographic actor;rapper;singer;singer-songwriter;songwriter;tarento,Q1079215;Q12330954;Q131524;Q17305604;Q177220;Q189829;Q191808;Q2252262;Q2705098;Q3357567;Q4610556;Q488111;Q488205;Q639669;Q753110;Q82955,https://www.wikidata.org/wiki/Q559309,medium,Exact English label match against Wikidata human items; verify ambiguous names before final product display.
hf-famous-0912-anna-alcott,Anna Alcott,Q114797997,Anna Alcott,exact_en_label_match,wikidata_no_occupation,,,https://www.wikidata.org/wiki/Q114797997,medium,Exact English label match against Wikidata human items; verify ambiguous names before final product display.
hf-famous-0913-anna-banti,Anna Banti,Q470147,Anna Banti,exact_en_label_match,writer_media,art critic;art historian;biographer;novelist;translator;writer,Q1792450;Q333634;Q36180;Q4164507;Q6625963;Q864380,https://www.wikidata.org/wiki/Q470147,medium,Exact English label match against Wikidata human items; verify ambiguous names before final product display.
hf-famous-0914-anna-bonomi,Anna Bonomi,,,no_exact_en_label_match,wikidata_not_found,,,https://www.wikidata.org/,low,No exact English-label Wikidata human match in batch query.
hf-famous-0915-anna-carlucci,Anna Carlucci,Q559928,Anna Carlucci,exact_en_label_match,entertainer,film director;screenwriter,Q2526255;Q28389,https://www.wikidata.org/wiki/Q559928,medium,Exact English label match against Wikidata human items; verify ambiguous names before final product display.
hf-famous-0916-anna-kaltschmidt,Anna Kaltschmidt,,,no_exact_en_label_match,wikidata_not_found,,,https://www.wikidata.org/,low,No exact English-label Wikidata human match in batch query.
hf-famous-0917-anna-kanakis,Anna Kanakis,Q434086,Anna Kanakis,exact_en_label_match,entertainer,actor;beauty pageant contestant;film actor;model;politician;writer,Q10800557;Q18581305;Q33999;Q36180;Q4610556;Q82955,https://www.wikidata.org/wiki/Q434086,medium,Exact English label match against Wikidata human items; verify ambiguous names before final product display.
hf-famous-0918-anna-langfus,Anna Langfus,Q437433,Anna Langfus,exact_en_label_match,writer_media,playwright;prose writer,Q12144794;Q214917,https://www.wikidata.org/wiki/Q437433,medium,Exact English label match against Wikidata human items; verify ambiguous names before final product display.
hf-famous-0919-anna-lindh,Anna Lindh,Q208591,Anna Lindh,exact_en_label_match,politics,diplomat;politician,Q193391;Q82955,https://www.wikidata.org/wiki/Q208591,medium,Exact English label match against Wikidata human items; verify ambiguous names before final product display.
hf-famous-0920-anna-magdalena-bach,Anna Magdalena Bach,Q57212,Anna Magdalena Bach,exact_en_label_match,entertainer,composer;opera singer;singer,Q177220;Q2865819;Q36834,https://www.wikidata.org/wiki/Q57212,medium,Exact English label match against Wikidata human items; verify ambiguous names before final product display.
hf-famous-0921-anna-magnani,Anna Magnani,Q56011,Anna Magnani,exact_en_label_match,entertainer,actor;film actor;screenwriter;writer,Q10800557;Q28389;Q33999;Q36180,https://www.wikidata.org/wiki/Q56011,medium,Exact English label match against Wikidata human items; verify ambiguous names before final product display.
hf-famous-0922-anna-maria-ferrero,Anna Maria Ferrero,Q455082,Anna Maria Ferrero,exact_en_label_match,entertainer,actor;film actor,Q10800557;Q33999,https://www.wikidata.org/wiki/Q455082,medium,Exact English label match against Wikidata human items; verify ambiguous names before final product display.
hf-famous-0923-anna-maria-mussolini,Anna Maria Mussolini,Q3617765,Anna Maria Mussolini,exact_en_label_match,public_figure_other,radio personality,Q2722764,https://www.wikidata.org/wiki/Q3617765,medium,Exact English label match against Wikidata human items; verify ambiguous names before final product display.
hf-famous-0924-anna-morrow,Anna Morrow,,,no_exact_en_label_match,wikidata_not_found,,,https://www.wikidata.org/,low,No exact English-label Wikidata human match in batch query.
hf-famous-0925-anna-murdoch,Anna Murdoch,Q132930317,Anna Murdoch,exact_en_label_match,wikidata_no_occupation,,,https://www.wikidata.org/wiki/Q132930317,medium,Exact English label match against Wikidata human items; verify ambiguous names before final product display.
hf-famous-0926-anna-salvatore,Anna Salvatore,Q3617824,Anna Salvatore,exact_en_label_match,writer_media,painter;sculptor;writer,Q1028181;Q1281618;Q36180,https://www.wikidata.org/wiki/Q3617824,medium,Exact English label match against Wikidata human items; verify ambiguous names before final product display.
hf-famous-0927-anna-schieber,Anna Schieber,Q563171,Anna Schieber,exact_en_label_match,writer_media,writer,Q36180,https://www.wikidata.org/wiki/Q563171,medium,Exact English label match against Wikidata human items; verify ambiguous names before final product display.
hf-famous-0928-anna-siemsen,Anna Siemsen,Q108398,Anna Siemsen,exact_en_label_match,politics,pedagogue;politician;university teacher;writer,Q1231865;Q1622272;Q36180;Q82955,https://www.wikidata.org/wiki/Q108398,medium,Exact English label match against Wikidata human items; verify ambiguous names before final product display.
hf-famous-0929-anna-zugno,Anna Zugno,Q3617849,Anna Zugno,exact_en_label_match,sports,sport cyclist,Q2309784,https://www.wikidata.org/wiki/Q3617849,medium,Exact English label match against Wikidata human items; verify ambiguous names before final product display.
hf-famous-0930-annabella,Annabella,Q436894,Annabella,exact_en_label_match,entertainer,actor;film actor,Q10800557;Q33999,https://www.wikidata.org/wiki/Q436894,medium,Exact English label match against Wikidata human items; verify ambiguous names before final product display.
hf-famous-0931-annabella-incontrera,Annabella Incontrera,Q512460,Annabella Incontrera,exact_en_label_match,entertainer,actor;film actor,Q10800557;Q33999,https://www.wikidata.org/wiki/Q512460,medium,Exact English label match against Wikidata human items; verify ambiguous names before final product display.
hf-famous-0932-anna-de-noailles,Anna de Noailles,Q6050,Anna de Noailles,exact_en_label_match,entertainer,aristocrat;model;monarch;novelist;poet;salonnière;writer,Q116;Q2478141;Q3068305;Q36180;Q4610556;Q49757;Q6625963,https://www.wikidata.org/wiki/Q6050,medium,Exact English label match against Wikidata human items; verify ambiguous names before final product display.
hf-famous-0933-annagemma-angelini,Annagemma Angelini,,,no_exact_en_label_match,wikidata_not_found,,,https://www.wikidata.org/,low,No exact English-label Wikidata human match in batch query.
hf-famous-0934-annalisa-minetti,Annalisa Minetti,Q2855108,Annalisa Minetti,exact_en_label_match,entertainer,actor;athletics competitor;dub actor;model;singer;singer-songwriter;television personality;television presenter;writer,Q11481802;Q11513337;Q177220;Q33999;Q36180;Q44508716;Q4610556;Q488205;Q947873,https://www.wikidata.org/wiki/Q2855108,medium,Exact English label match against Wikidata human items; verify ambiguous names before final product display.
hf-famous-0935-annamaria-gambineri,Annamaria Gambineri,,,no_exact_en_label_match,wikidata_not_found,,,https://www.wikidata.org/,low,No exact English-label Wikidata human match in batch query.
hf-famous-0936-anne,Anne,Q117663091,Anne,exact_en_label_match,entertainer,pornographic actor,Q488111,https://www.wikidata.org/wiki/Q117663091,medium,Exact English label match against Wikidata human items; verify ambiguous names before final product display.
hf-famous-0937-anne,Anne,Q117663091,Anne,exact_en_label_match,entertainer,pornographic actor,Q488111,https://www.wikidata.org/wiki/Q117663091,medium,Exact English label match against Wikidata human items; verify ambiguous names before final product display.
hf-famous-0938-anne,Anne,Q117663091,Anne,exact_en_label_match,entertainer,pornographic actor,Q488111,https://www.wikidata.org/wiki/Q117663091,medium,Exact English label match against Wikidata human items; verify ambiguous names before final product display.
hf-famous-0939-anne-alassane,Anne Alassane,Q2850956,Anne Alassane,exact_en_label_match,politics,cook;politician,Q156839;Q82955,https://www.wikidata.org/wiki/Q2850956,medium,Exact English label match against Wikidata human items; verify ambiguous names before final product display.
hf-famous-0940-anne-archer,Anne Archer,Q230199,Anne Archer,exact_en_label_match,entertainer,film actor;stage actor;television actor,Q10798782;Q10800557;Q2259451,https://www.wikidata.org/wiki/Q230199,medium,Exact English label match against Wikidata human items; verify ambiguous names before final product display.
hf-famous-0941-anne-barbault,Anne Barbault,,,no_exact_en_label_match,wikidata_not_found,,,https://www.wikidata.org/,low,No exact English-label Wikidata human match in batch query.
hf-famous-0942-anne-baxter,Anne Baxter,Q228906,Anne Baxter,exact_en_label_match,entertainer,actor;film actor;stage actor;television actor;writer,Q10798782;Q10800557;Q2259451;Q33999;Q36180,https://www.wikidata.org/wiki/Q228906,medium,Exact English label match against Wikidata human items; verify ambiguous names before final product display.
hf-famous-0943-anne-briand,Anne Briand,Q271483,Anne Briand,exact_en_label_match,sports,biathlete;veterinarian,Q16029547;Q202883,https://www.wikidata.org/wiki/Q271483,medium,Exact English label match against Wikidata human items; verify ambiguous names before final product display.
hf-famous-0944-anne-brochet,Anne Brochet,Q276249,Anne Brochet,exact_en_label_match,entertainer,film actor;film director;writer,Q10800557;Q2526255;Q36180,https://www.wikidata.org/wiki/Q276249,medium,Exact English label match against Wikidata human items; verify ambiguous names before final product display.
hf-famous-0945-anne-christine-de-buyl,Anne Christine de Buyl,,,no_exact_en_label_match,wikidata_not_found,,,https://www.wikidata.org/,low,No exact English-label Wikidata human match in batch query.
hf-famous-0946-anne-dechauffour,Anne Dechauffour,,,no_exact_en_label_match,wikidata_not_found,,,https://www.wikidata.org/,low,No exact English-label Wikidata human match in batch query.
hf-famous-0947-anne-doat,Anne Doat,Q2851066,Anne Doat,exact_en_label_match,entertainer,actor,Q33999,https://www.wikidata.org/wiki/Q2851066,medium,Exact English label match against Wikidata human items; verify ambiguous names before final product display.
hf-famous-0948-anne-dudek,Anne Dudek,Q236918,Anne Dudek,exact_en_label_match,entertainer,film actor;film director;stage actor;television actor,Q10798782;Q10800557;Q2259451;Q2526255,https://www.wikidata.org/wiki/Q236918,medium,Exact English label match against Wikidata human items; verify ambiguous names before final product display.
hf-famous-0949-anne-finucane,Anne Finucane,Q42571366,Anne Finucane,exact_en_label_match,business,banker,Q806798,https://www.wikidata.org/wiki/Q42571366,medium,Exact English label match against Wikidata human items; verify ambiguous names before final product display.
hf-famous-0950-anne-focan,Anne Focan,Q26251687,Anne Focan,exact_en_label_match,public_figure_other,sport shooter,Q17486376,https://www.wikidata.org/wiki/Q26251687,medium,Exact English label match against Wikidata human items; verify ambiguous names before final product display.
hf-famous-0951-anne-francis,Anne Francis,Q235467,Anne Francis,exact_en_label_match,entertainer,classical scholar;film actor;model;poet;stage actor;television actor;writer,Q10798782;Q10800557;Q2259451;Q2468727;Q36180;Q4610556;Q49757,https://www.wikidata.org/wiki/Q235467,medium,Exact English label match against Wikidata human items; verify ambiguous names before final product display.
hf-famous-0952-anne-frank,Anne Frank,Q4583,Anne Frank,exact_en_label_match,entertainer,costume designer;diarist;director;puppeteer;textile worker;theatre manager,Q1323191;Q1776724;Q18939491;Q2629392;Q3455803;Q66035178,https://www.wikidata.org/wiki/Q4583,medium,Exact English label match against Wikidata human items; verify ambiguous names before final product display.
hf-famous-0953-anne-gavroin,Anne Gavroin,,,no_exact_en_label_match,wikidata_not_found,,,https://www.wikidata.org/,low,No exact English-label Wikidata human match in batch query.
hf-famous-0954-anne-heche,Anne Heche,Q234610,Anne Heche,exact_en_label_match,entertainer,film actor;film director;film producer;screenwriter;stage actor;television actor,Q10798782;Q10800557;Q2259451;Q2526255;Q28389;Q3282637,https://www.wikidata.org/wiki/Q234610,medium,Exact English label match against Wikidata human items; verify ambiguous names before final product display.
hf-famous-0955-anne-h-nninen,Anne Hänninen,Q11851665,Anne Hänninen,exact_en_label_match,writer_media,essayist;poet;writer,Q11774202;Q36180;Q49757,https://www.wikidata.org/wiki/Q11851665,medium,Exact English label match against Wikidata human items; verify ambiguous names before final product display.
hf-famous-0956-anne-jeffreys,Anne Jeffreys,Q459973,Anne Jeffreys,exact_en_label_match,entertainer,actor;singer,Q177220;Q33999,https://www.wikidata.org/wiki/Q459973,medium,Exact English label match against Wikidata human items; verify ambiguous names before final product display.
hf-famous-0957-anne-lauvergeon,Anne Lauvergeon,Q469310,Anne Lauvergeon,exact_en_label_match,business,businessperson;engineer;entrepreneur;physicist;politician,Q131524;Q169470;Q43845;Q81096;Q82955,https://www.wikidata.org/wiki/Q469310,medium,Exact English label match against Wikidata human items; verify ambiguous names before final product display.
hf-famous-0958-anne-marie-carriere,Anne Marie Carriere,,,no_exact_en_label_match,wikidata_not_found,,,https://www.wikidata.org/,low,No exact English-label Wikidata human match in batch query.
hf-famous-0959-anne-marie-romand,Anne Marie Romand,,,no_exact_en_label_match,wikidata_not_found,,,https://www.wikidata.org/,low,No exact English-label Wikidata human match in batch query.
hf-famous-0960-anne-mccaffrey,Anne McCaffrey,Q233046,Anne McCaffrey,exact_en_label_match,writer_media,children's writer;novelist;science fiction writer;writer,Q18844224;Q36180;Q4853732;Q6625963,https://www.wikidata.org/wiki/Q233046,medium,Exact English label match against Wikidata human items; verify ambiguous names before final product display.
hf-famous-0961-anne-mcdermott,Anne McDermott,Q123674817,Anne McDermott,exact_en_label_match,science_academia,childcare provider;psychotherapist;researcher,Q1650915;Q1900167;Q84730454,https://www.wikidata.org/wiki/Q123674817,medium,Exact English label match against Wikidata human items; verify ambiguous names before final product display.
hf-famous-0962-anne-osmont,Anne Osmont,Q18533822,Anne Osmont,exact_en_label_match,writer_media,occultist;poet;writer,Q12797895;Q36180;Q49757,https://www.wikidata.org/wiki/Q18533822,medium,Exact English label match against Wikidata human items; verify ambiguous names before final product display.
hf-famous-0963-anne-parillaud,Anne Parillaud,Q565692,Anne Parillaud,exact_en_label_match,entertainer,film actor,Q10800557,https://www.wikidata.org/wiki/Q565692,medium,Exact English label match against Wikidata human items; verify ambiguous names before final product display.
hf-famous-0964-anne-queff-lec,Anne Queffélec,Q2379957,Anne Queffélec,exact_en_label_match,public_figure_other,classical pianist;music educator;pianist,Q16145150;Q486748;Q61996187,https://www.wikidata.org/wiki/Q2379957,medium,Exact English label match against Wikidata human items; verify ambiguous names before final product display.
hf-famous-0965-anne-roumanoff,Anne Roumanoff,Q2851275,Anne Roumanoff,exact_en_label_match,entertainer,actor;film director;humorist,Q12406482;Q2526255;Q33999,https://www.wikidata.org/wiki/Q2851275,medium,Exact English label match against Wikidata human items; verify ambiguous names before final product display.
hf-famous-0966-anne-sinclair,Anne Sinclair,Q75239673,Anne Sinclair,exact_en_label_match,writer_media,art collector;author;journalist,Q10732476;Q1930187;Q482980,https://www.wikidata.org/wiki/Q75239673,medium,Exact English label match against Wikidata human items; verify ambiguous names before final product display.
hf-famous-0967-anne-tyler,Anne Tyler,Q75341228,Anne Tyler,exact_en_label_match,writer_media,children's writer;librarian;literary critic;novelist;short story writer;writer,Q15949613;Q182436;Q36180;Q4263842;Q4853732;Q6625963,https://www.wikidata.org/wiki/Q75341228,medium,Exact English label match against Wikidata human items; verify ambiguous names before final product display.
hf-famous-0968-anne-van-hout,Anne Van Hout,Q2851307,Anne Van Hout,exact_en_label_match,public_figure_other,neuropsychiatrist,Q19826744,https://www.wikidata.org/wiki/Q2851307,medium,Exact English label match against Wikidata human items; verify ambiguous names before final product display.
hf-famous-0969-anne-waldman,Anne Waldman,Q2851328,Anne Waldman,exact_en_label_match,writer_media,poet;writer,Q36180;Q49757,https://www.wikidata.org/wiki/Q2851328,medium,Exact English label match against Wikidata human items; verify ambiguous names before final product display.
hf-famous-0970-anne-zamberlan,Anne Zamberlan,Q2851322,Anne Zamberlan,exact_en_label_match,entertainer,film actor,Q10800557,https://www.wikidata.org/wiki/Q2851322,medium,Exact English label match against Wikidata human items; verify ambiguous names before final product display.
hf-famous-0971-anne-zee-burrell,Anne Zee Burrell,,,no_exact_en_label_match,wikidata_not_found,,,https://www.wikidata.org/,low,No exact English-label Wikidata human match in batch query.
hf-famous-0972-anne-de-baetzelier,Anne de Baetzelier,,,no_exact_en_label_match,wikidata_not_found,,,https://www.wikidata.org/,low,No exact English-label Wikidata human match in batch query.
hf-famous-0973-annelies-bredael,Annelies Bredael,Q434720,Annelies Bredael,exact_en_label_match,public_figure_other,rower,Q13382576,https://www.wikidata.org/wiki/Q434720,medium,Exact English label match against Wikidata human items; verify ambiguous names before final product display.
hf-famous-0974-anneliese-maier,Anneliese Maier,Q91482,Anneliese Maier,exact_en_label_match,science_academia,historian;historian of science;philosopher,Q16063546;Q201788;Q4964182,https://www.wikidata.org/wiki/Q91482,medium,Exact English label match against Wikidata human items; verify ambiguous names before final product display.
hf-famous-0975-annemarie-schwarzenbach,Annemarie Schwarzenbach,Q123368,Annemarie Schwarzenbach,exact_en_label_match,writer_media,journalist;photographer;poet;traveler;writer,Q12356615;Q1930187;Q33231;Q36180;Q49757,https://www.wikidata.org/wiki/Q123368,medium,Exact English label match against Wikidata human items; verify ambiguous names before final product display.
hf-famous-0976-annette-anouchka-gayou,Annette 'Anouchka' Gayou,,,no_exact_en_label_match,wikidata_not_found,,,https://www.wikidata.org/,low,No exact English-label Wikidata human match in batch query.
hf-famous-0977-annette-crosbie,Annette Crosbie,Q2851506,Annette Crosbie,exact_en_label_match,entertainer,actor;film actor,Q10800557;Q33999,https://www.wikidata.org/wiki/Q2851506,medium,Exact English label match against Wikidata human items; verify ambiguous names before final product display.
hf-famous-0978-annette-funicello,Annette Funicello,Q292081,Annette Funicello,exact_en_label_match,entertainer,actor;autobiographer;film actor;recording artist;singer;television actor,Q10798782;Q10800557;Q177220;Q18814623;Q33999;Q55960555,https://www.wikidata.org/wiki/Q292081,medium,Exact English label match against Wikidata human items; verify ambiguous names before final product display.
hf-famous-0979-annette-kolb,Annette Kolb,Q27450137,Annette Kolb,exact_en_label_match,sports,biographer;biologist;pianist;politician;tennis player;writer,Q10833314;Q36180;Q486748;Q82955;Q864380;Q864503,https://www.wikidata.org/wiki/Q27450137,medium,Exact English label match against Wikidata human items; verify ambiguous names before final product display.
hf-famous-0980-annette-sergent,Annette Sergent,Q299797,Annette Sergent,exact_en_label_match,public_figure_other,long-distance runner;marathon runner,Q13382460;Q4439155,https://www.wikidata.org/wiki/Q299797,medium,Exact English label match against Wikidata human items; verify ambiguous names before final product display.
hf-famous-0981-annick-beauchamps,Annick Beauchamps,,,no_exact_en_label_match,wikidata_not_found,,,https://www.wikidata.org/,low,No exact English-label Wikidata human match in batch query.
hf-famous-0982-annie-cordy,Annie Cordy,Q465249,Annie Cordy,exact_en_label_match,entertainer,film actor;singer,Q10800557;Q177220,https://www.wikidata.org/wiki/Q465249,medium,Exact English label match against Wikidata human items; verify ambiguous names before final product display.
hf-famous-0983-annie-ducaux,Annie Ducaux,Q2851649,Annie Ducaux,exact_en_label_match,entertainer,actor,Q33999,https://www.wikidata.org/wiki/Q2851649,medium,Exact English label match against Wikidata human items; verify ambiguous names before final product display.
hf-famous-0984-annie-fratellini,Annie Fratellini,Q2851658,Annie Fratellini,exact_en_label_match,entertainer,actor;circus performer;clown;singer,Q17307272;Q177220;Q33999;Q7358,https://www.wikidata.org/wiki/Q2851658,medium,Exact English label match against Wikidata human items; verify ambiguous names before final product display.
hf-famous-0985-annie-girardot,Annie Girardot,Q106443,Annie Girardot,exact_en_label_match,entertainer,actor;film actor;singer;stage actor;television actor,Q10798782;Q10800557;Q177220;Q2259451;Q33999,https://www.wikidata.org/wiki/Q106443,medium,Exact English label match against Wikidata human items; verify ambiguous names before final product display.
hf-famous-0986-annie-herm-s,Annie Hermès,,,no_exact_en_label_match,wikidata_not_found,,,https://www.wikidata.org/,low,No exact English-label Wikidata human match in batch query.
hf-famous-0987-annie-lennox,Annie Lennox,Q151231,Annie Lennox,exact_en_label_match,entertainer,HIV/AIDS activist;music video director;recording artist;singer;singer-songwriter;songwriter,Q177220;Q2340668;Q488205;Q55960555;Q753110;Q96034777,https://www.wikidata.org/wiki/Q151231,medium,Exact English label match against Wikidata human items; verify ambiguous names before final product display.
hf-famous-0988-annie-schmidt,Annie Schmidt,Q87112634,Annie Schmidt,exact_en_label_match,science_academia,researcher,Q1650915,https://www.wikidata.org/wiki/Q87112634,medium,Exact English label match against Wikidata human items; verify ambiguous names before final product display.
hf-famous-0989-annie-soudin,Annie Soudin,,,no_exact_en_label_match,wikidata_not_found,,,https://www.wikidata.org/,low,No exact English-label Wikidata human match in batch query.
hf-famous-0990-annie-sprinkle,Annie Sprinkle,Q433576,Annie Sprinkle,exact_en_label_match,entertainer,actor;choreographer;film actor;film director;nurse;performance artist;photographer;pornographic actor;pornographic film director;prostitute;sex educator;television presenter;writer,Q10774753;Q10800557;Q14915751;Q17456089;Q186360;Q21507004;Q2490358;Q2526255;Q33231;Q33999;Q36180;Q488111;Q947873,https://www.wikidata.org/wiki/Q433576,medium,Exact English label match against Wikidata human items; verify ambiguous names before final product display.
hf-famous-0991-annise-parker,Annise Parker,Q213847,Annise Parker,exact_en_label_match,politics,politician,Q82955,https://www.wikidata.org/wiki/Q213847,medium,Exact English label match against Wikidata human items; verify ambiguous names before final product display.
hf-famous-0992-anny-duperey,Anny Duperey,Q449640,Anny Duperey,exact_en_label_match,entertainer,film actor;film director;model;novelist;stage actor,Q10800557;Q2259451;Q2526255;Q4610556;Q6625963,https://www.wikidata.org/wiki/Q449640,medium,Exact English label match against Wikidata human items; verify ambiguous names before final product display.
hf-famous-0993-anodea-judith,Anodea Judith,Q4769844,Anodea Judith,exact_en_label_match,writer_media,writer,Q36180,https://www.wikidata.org/wiki/Q4769844,medium,Exact English label match against Wikidata human items; verify ambiguous names before final product display.
hf-famous-0994-anouk-aim-e,Anouk Aimée,Q228607,Anouk Aimée,exact_en_label_match,entertainer,actor;film actor,Q10800557;Q33999,https://www.wikidata.org/wiki/Q228607,medium,Exact English label match against Wikidata human items; verify ambiguous names before final product display.
hf-famous-0995-anouk-grinberg,Anouk Grinberg,Q462173,Anouk Grinberg,exact_en_label_match,entertainer,actor;film actor;painter;stage actor;television actor;visual artist,Q1028181;Q10798782;Q10800557;Q2259451;Q3391743;Q33999,https://www.wikidata.org/wiki/Q462173,medium,Exact English label match against Wikidata human items; verify ambiguous names before final product display.
hf-famous-0996-anselm-feuerbach,Anselm Feuerbach,Q250194,Anselm Feuerbach,exact_en_label_match,arts,draftsperson;painter;university teacher;visual artist,Q1028181;Q15296811;Q1622272;Q3391743,https://www.wikidata.org/wiki/Q250194,medium,Exact English label match against Wikidata human items; verify ambiguous names before final product display.
hf-famous-0997-anthony-charles-benik,Anthony Charles Benik,,,no_exact_en_label_match,wikidata_not_found,,,https://www.wikidata.org/,low,No exact English-label Wikidata human match in batch query.
hf-famous-0998-anthony-clemente,Anthony Clemente,,,no_exact_en_label_match,wikidata_not_found,,,https://www.wikidata.org/,low,No exact English-label Wikidata human match in batch query.
hf-famous-0999-anthony-david-lema,Anthony David Lema,,,no_exact_en_label_match,wikidata_not_found,,,https://www.wikidata.org/,low,No exact English-label Wikidata human match in batch query.
hf-famous-1000-anthony-delon,Anthony Delon,Q573147,Anthony Delon,exact_en_label_match,entertainer,film actor;model;stage actor;television actor,Q10798782;Q10800557;Q2259451;Q4610556,https://www.wikidata.org/wiki/Q573147,medium,Exact English label match against Wikidata human items; verify ambiguous names before final product display.
