rank_no,person_id,person_name,source_url,occupation_group,occupations,birth_date,birth_time,birth_time_status,birth_place,latitude,longitude,timezone,gender,year_pillar_approx,year_pillar_quality,zodiac_animal_ko,month_pillar,month_pillar_status,day_pillar,hour_pillar,hour_pillar_status,saju_data_quality,compatibility_use,notes
1,hf-famous-0001-a-a-gill,A. A. Gill,https://huggingface.co/datasets/vedastro-org/15000-Famous-People-Birth-Date-Location,public_figure_source_unclassified,,1954-06-26,19:55,timed_public_dataset,,55.95,-3.188,+0100,Male,甲午,gregorian_year_ok,말,,requires_solar_term_engine,癸丑,壬戌,computed_from_public_dataset_time,timed_birth_available_month_requires_solar_term,candidate_pool_with_time_seed_verify_before_final_match,{'rodden': 'AA'}
2,hf-famous-0002-a-j-antoon,A. J. Antoon,https://huggingface.co/datasets/vedastro-org/15000-Famous-People-Birth-Date-Location,public_figure_source_unclassified,,1944-12-07,13:55,timed_public_dataset,,42.708,-71.162,-0400,Male,甲申,gregorian_year_ok,원숭이,,requires_solar_term_engine,乙巳,癸未,computed_from_public_dataset_time,timed_birth_available_month_requires_solar_term,candidate_pool_with_time_seed_verify_before_final_match,{'rodden': 'AA'}
3,hf-famous-0003-a-j-cronin,A. J. Cronin,https://huggingface.co/datasets/vedastro-org/15000-Famous-People-Birth-Date-Location,public_figure_source_unclassified,,1896-07-19,03:45,timed_public_dataset,,55.963,-4.653,+0000,Male,丙申,gregorian_year_ok,원숭이,,requires_solar_term_engine,癸酉,甲寅,computed_from_public_dataset_time,timed_birth_available_month_requires_solar_term,candidate_pool_with_time_seed_verify_before_final_match,{'rodden': 'AA'}
4,hf-famous-0004-a-j-foyt,A. J. Foyt,https://huggingface.co/datasets/vedastro-org/15000-Famous-People-Birth-Date-Location,public_figure_source_unclassified,,1935-01-16,01:25,timed_public_dataset,,29.761,-95.37,-0600,Male,乙亥,needs_ipchun_check,돼지,,requires_solar_term_engine,壬辰,辛丑,computed_from_public_dataset_time,timed_birth_available_month_requires_solar_term,candidate_pool_with_time_seed_verify_before_final_match,{'rodden': 'AA'}
5,hf-famous-0005-a-spencer-paterson,A. Spencer Paterson,https://huggingface.co/datasets/vedastro-org/15000-Famous-People-Birth-Date-Location,public_figure_source_unclassified,,1900-02-22,22:30,timed_public_dataset,,57.147,-2.095,+0000,Male,庚子,gregorian_year_ok,쥐,,requires_solar_term_engine,丙寅,己亥,computed_from_public_dataset_time,timed_birth_available_month_requires_solar_term,candidate_pool_with_time_seed_verify_before_final_match,{'rodden': 'AA'}
6,hf-famous-0006-aaron-eckhart,Aaron Eckhart,https://huggingface.co/datasets/vedastro-org/15000-Famous-People-Birth-Date-Location,public_figure_source_unclassified,,1968-03-12,18:50,timed_public_dataset,,37.445,-122.16,-0800,Male,戊申,gregorian_year_ok,원숭이,,requires_solar_term_engine,辛巳,丁酉,computed_from_public_dataset_time,timed_birth_available_month_requires_solar_term,candidate_pool_with_time_seed_verify_before_final_match,{'rodden': 'AA'}
7,hf-famous-0007-aaron-pryor,Aaron Pryor,https://huggingface.co/datasets/vedastro-org/15000-Famous-People-Birth-Date-Location,public_figure_source_unclassified,,1955-10-20,09:41,timed_public_dataset,,39.104,-84.514,-0400,Male,乙未,gregorian_year_ok,양,,requires_solar_term_engine,甲寅,己巳,computed_from_public_dataset_time,timed_birth_available_month_requires_solar_term,candidate_pool_with_time_seed_verify_before_final_match,{'rodden': 'AA'}
8,hf-famous-0008-aaron-spelling,Aaron Spelling,https://huggingface.co/datasets/vedastro-org/15000-Famous-People-Birth-Date-Location,public_figure_source_unclassified,,1923-04-22,12:30,timed_public_dataset,,32.778,-96.796,-0600,Male,癸亥,gregorian_year_ok,돼지,,requires_solar_term_engine,乙丑,壬午,computed_from_public_dataset_time,timed_birth_available_month_requires_solar_term,candidate_pool_with_time_seed_verify_before_final_match,{'rodden': 'AA'}
9,hf-famous-0009-aaron-stanford,Aaron Stanford,https://huggingface.co/datasets/vedastro-org/15000-Famous-People-Birth-Date-Location,public_figure_source_unclassified,,1976-12-27,20:43,timed_public_dataset,,42.581,-71.44,-0500,Male,丙辰,gregorian_year_ok,용,,requires_solar_term_engine,癸丑,壬戌,computed_from_public_dataset_time,timed_birth_available_month_requires_solar_term,candidate_pool_with_time_seed_verify_before_final_match,{'rodden': 'AA'}
10,hf-famous-0010-aart-van-der-leeuw,Aart Van der Leeuw,https://huggingface.co/datasets/vedastro-org/15000-Famous-People-Birth-Date-Location,public_figure_source_unclassified,,1876-06-23,15:00,timed_public_dataset,,52.012,4.36,+0018,Male,丙子,gregorian_year_ok,쥐,,requires_solar_term_engine,壬戌,戊申,computed_from_public_dataset_time,timed_birth_available_month_requires_solar_term,candidate_pool_with_time_seed_verify_before_final_match,{'rodden': 'AA'}
11,hf-famous-0011-abb-fou-r,Abbé Fouéré,https://huggingface.co/datasets/vedastro-org/15000-Famous-People-Birth-Date-Location,public_figure_source_unclassified,,1839-09-04,06:00,timed_public_dataset,,48.648,-2.026,+0009,Male,己亥,gregorian_year_ok,돼지,,requires_solar_term_engine,庚申,己卯,computed_from_public_dataset_time,timed_birth_available_month_requires_solar_term,candidate_pool_with_time_seed_verify_before_final_match,{'rodden': 'AA'}
12,hf-famous-0012-abb-pierre,Abbé Pierre,https://huggingface.co/datasets/vedastro-org/15000-Famous-People-Birth-Date-Location,public_figure_source_unclassified,,1912-08-05,11:00,timed_public_dataset,,45.767,4.834,+0000,Male,壬子,gregorian_year_ok,쥐,,requires_solar_term_engine,癸丑,戊午,computed_from_public_dataset_time,timed_birth_available_month_requires_solar_term,candidate_pool_with_time_seed_verify_before_final_match,{'rodden': 'AA'}
13,hf-famous-0013-abd-al-malik,Abd Al Malik,https://huggingface.co/datasets/vedastro-org/15000-Famous-People-Birth-Date-Location,public_figure_source_unclassified,,1975-03-14,04:30,timed_public_dataset,,48.857,2.351,+0100,Male,乙卯,gregorian_year_ok,토끼,,requires_solar_term_engine,己未,丙寅,computed_from_public_dataset_time,timed_birth_available_month_requires_solar_term,candidate_pool_with_time_seed_verify_before_final_match,{'rodden': 'AA'}
14,hf-famous-0014-abdecamai-moussali,Abdecamai Moussali,https://huggingface.co/datasets/vedastro-org/15000-Famous-People-Birth-Date-Location,public_figure_source_unclassified,,1970-04-24,23:30,timed_public_dataset,,43.604,1.445,+0100,Male,庚戌,gregorian_year_ok,개,,requires_solar_term_engine,甲戌,甲子,computed_from_public_dataset_time,timed_birth_available_month_requires_solar_term,candidate_pool_with_time_seed_verify_before_final_match,{'rodden': 'AA'}
15,hf-famous-0015-abdon-alinovi,Abdon Alinovi,https://huggingface.co/datasets/vedastro-org/15000-Famous-People-Birth-Date-Location,public_figure_source_unclassified,,1923-05-06,03:30,timed_public_dataset,,40.615,15.059,+0100,Male,癸亥,gregorian_year_ok,돼지,,requires_solar_term_engine,己卯,丙寅,computed_from_public_dataset_time,timed_birth_available_month_requires_solar_term,candidate_pool_with_time_seed_verify_before_final_match,{'rodden': 'AA'}
16,hf-famous-0016-abdulrahman-al,Abdulrahman al,https://huggingface.co/datasets/vedastro-org/15000-Famous-People-Birth-Date-Location,public_figure_source_unclassified,,1995-09-13,13:16,timed_public_dataset,,39.738,-104.985,-0600,Male,乙亥,gregorian_year_ok,돼지,,requires_solar_term_engine,丁未,丁未,computed_from_public_dataset_time,timed_birth_available_month_requires_solar_term,candidate_pool_with_time_seed_verify_before_final_match,{'rodden': 'AA'}
17,hf-famous-0017-abel-bonnard,Abel Bonnard,https://huggingface.co/datasets/vedastro-org/15000-Famous-People-Birth-Date-Location,public_figure_source_unclassified,,1883-12-19,03:00,timed_public_dataset,,46.579,0.338,+0009,Male,癸未,gregorian_year_ok,양,,requires_solar_term_engine,丁酉,壬寅,computed_from_public_dataset_time,timed_birth_available_month_requires_solar_term,candidate_pool_with_time_seed_verify_before_final_match,{'rodden': 'AA'}
18,hf-famous-0018-abel-chennouf,Abel Chennouf,https://huggingface.co/datasets/vedastro-org/15000-Famous-People-Birth-Date-Location,public_figure_source_unclassified,,1986-12-03,11:45,timed_public_dataset,,43.407,5.055,+0100,Male,丙寅,gregorian_year_ok,호랑이,,requires_solar_term_engine,辛巳,甲午,computed_from_public_dataset_time,timed_birth_available_month_requires_solar_term,candidate_pool_with_time_seed_verify_before_final_match,{'rodden': 'AA'}
19,hf-famous-0019-abel-gance,Abel Gance,https://huggingface.co/datasets/vedastro-org/15000-Famous-People-Birth-Date-Location,public_figure_source_unclassified,,1889-10-25,14:00,timed_public_dataset,,48.857,2.351,+0009,Male,己丑,gregorian_year_ok,소,,requires_solar_term_engine,甲戌,辛未,computed_from_public_dataset_time,timed_birth_available_month_requires_solar_term,candidate_pool_with_time_seed_verify_before_final_match,{'rodden': 'AA'}
20,hf-famous-0020-abigail-brittany-hensel,Abigail & Brittany Hensel,https://huggingface.co/datasets/vedastro-org/15000-Famous-People-Birth-Date-Location,public_figure_source_unclassified,,1990-03-07,11:29,timed_public_dataset,,45.173,-93.876,-0600,Female,庚午,gregorian_year_ok,말,,requires_solar_term_engine,辛未,甲午,computed_from_public_dataset_time,timed_birth_available_month_requires_solar_term,candidate_pool_with_time_seed_verify_before_final_match,{'rodden': 'AA'}
21,hf-famous-0021-abigail-folger,Abigail Folger,https://huggingface.co/datasets/vedastro-org/15000-Famous-People-Birth-Date-Location,public_figure_source_unclassified,,1943-08-11,17:27,timed_public_dataset,,37.78,-122.42,-0700,Female,癸未,gregorian_year_ok,양,,requires_solar_term_engine,辛丑,丁酉,computed_from_public_dataset_time,timed_birth_available_month_requires_solar_term,candidate_pool_with_time_seed_verify_before_final_match,{'rodden': 'AA'}
22,hf-famous-0022-abigail-gustafson,Abigail Gustafson,https://huggingface.co/datasets/vedastro-org/15000-Famous-People-Birth-Date-Location,public_figure_source_unclassified,,1979-12-08,16:12,timed_public_dataset,,42.526,-71.76,-0500,Female,己未,gregorian_year_ok,양,,requires_solar_term_engine,己酉,壬申,computed_from_public_dataset_time,timed_birth_available_month_requires_solar_term,candidate_pool_with_time_seed_verify_before_final_match,{'rodden': 'AA'}
23,hf-famous-0023-abigail-johnson,Abigail Johnson,https://huggingface.co/datasets/vedastro-org/15000-Famous-People-Birth-Date-Location,public_figure_source_unclassified,,1961-12-19,14:45,timed_public_dataset,,42.359,-71.059,-0500,Female,辛丑,gregorian_year_ok,소,,requires_solar_term_engine,丙戌,乙未,computed_from_public_dataset_time,timed_birth_available_month_requires_solar_term,candidate_pool_with_time_seed_verify_before_final_match,{'rodden': 'AA'}
24,hf-famous-0024-abigail-voska,Abigail Voska,https://huggingface.co/datasets/vedastro-org/15000-Famous-People-Birth-Date-Location,public_figure_source_unclassified,,1996-01-08,22:14,timed_public_dataset,,42.359,-71.059,-0500,Female,丙子,needs_ipchun_check,쥐,,requires_solar_term_engine,甲辰,乙亥,computed_from_public_dataset_time,timed_birth_available_month_requires_solar_term,candidate_pool_with_time_seed_verify_before_final_match,{'rodden': 'AA'}
25,hf-famous-0025-abijah-cheever,Abijah Cheever,https://huggingface.co/datasets/vedastro-org/15000-Famous-People-Birth-Date-Location,public_figure_source_unclassified,,1760-05-23,16:00,timed_public_dataset,,42.468,-71.015,-0456,Male,庚辰,gregorian_year_ok,용,,requires_solar_term_engine,癸未,庚申,computed_from_public_dataset_time,timed_birth_available_month_requires_solar_term,candidate_pool_with_time_seed_verify_before_final_match,{'rodden': 'AA'}
26,hf-famous-0026-abimael-guzman,Abimael Guzman,https://huggingface.co/datasets/vedastro-org/15000-Famous-People-Birth-Date-Location,public_figure_source_unclassified,,1934-12-03,14:00,timed_public_dataset,,-17.025,-72.016,-0500,Male,甲戌,gregorian_year_ok,개,,requires_solar_term_engine,戊申,己未,computed_from_public_dataset_time,timed_birth_available_month_requires_solar_term,candidate_pool_with_time_seed_verify_before_final_match,{'rodden': 'AA'}
27,hf-famous-0027-abner-biberman,Abner Biberman,https://huggingface.co/datasets/vedastro-org/15000-Famous-People-Birth-Date-Location,public_figure_source_unclassified,,1909-04-01,04:00,timed_public_dataset,,43.041,-87.909,-0600,Male,己酉,gregorian_year_ok,닭,,requires_solar_term_engine,辛卯,庚寅,computed_from_public_dataset_time,timed_birth_available_month_requires_solar_term,candidate_pool_with_time_seed_verify_before_final_match,{'rodden': 'AA'}
28,hf-famous-0028-abraham-j-dreiseszun,Abraham J. Dreiseszun,https://huggingface.co/datasets/vedastro-org/15000-Famous-People-Birth-Date-Location,public_figure_source_unclassified,,1920-10-02,18:00,timed_public_dataset,,39.1,-94.579,-0500,Male,庚申,gregorian_year_ok,원숭이,,requires_solar_term_engine,癸巳,辛酉,computed_from_public_dataset_time,timed_birth_available_month_requires_solar_term,candidate_pool_with_time_seed_verify_before_final_match,{'rodden': 'AA'}
29,hf-famous-0029-abraham-kasparian,Abraham Kasparian,https://huggingface.co/datasets/vedastro-org/15000-Famous-People-Birth-Date-Location,public_figure_source_unclassified,,1953-11-12,07:24,timed_public_dataset,,42.445,-73.253,-0500,Male,癸巳,gregorian_year_ok,뱀,,requires_solar_term_engine,丁卯,甲辰,computed_from_public_dataset_time,timed_birth_available_month_requires_solar_term,candidate_pool_with_time_seed_verify_before_final_match,{'rodden': 'AA'}
30,hf-famous-0030-accardo-salvatore,Accardo Salvatore,https://huggingface.co/datasets/vedastro-org/15000-Famous-People-Birth-Date-Location,public_figure_source_unclassified,,1941-09-09,02:00,timed_public_dataset,,45.068,7.683,+0200,Male,辛巳,gregorian_year_ok,뱀,,requires_solar_term_engine,庚申,丁丑,computed_from_public_dataset_time,timed_birth_available_month_requires_solar_term,candidate_pool_with_time_seed_verify_before_final_match,{'rodden': 'AA'}
31,hf-famous-0031-achille-compagnoni,Achille Compagnoni,https://huggingface.co/datasets/vedastro-org/15000-Famous-People-Birth-Date-Location,public_figure_source_unclassified,,1914-09-26,15:45,timed_public_dataset,,46.463,10.411,+0100,Male,甲寅,gregorian_year_ok,호랑이,,requires_solar_term_engine,乙卯,甲申,computed_from_public_dataset_time,timed_birth_available_month_requires_solar_term,candidate_pool_with_time_seed_verify_before_final_match,{'rodden': 'AA'}
32,hf-famous-0032-achille-michallon,Achille Michallon,https://huggingface.co/datasets/vedastro-org/15000-Famous-People-Birth-Date-Location,public_figure_source_unclassified,,1796-10-22,23:00,timed_public_dataset,,48.857,2.351,+0009,Male,丙辰,gregorian_year_ok,용,,requires_solar_term_engine,甲子,甲子,computed_from_public_dataset_time,timed_birth_available_month_requires_solar_term,candidate_pool_with_time_seed_verify_before_final_match,{'rodden': 'AA'}
33,hf-famous-0033-achille-occhetto,Achille Occhetto,https://huggingface.co/datasets/vedastro-org/15000-Famous-People-Birth-Date-Location,public_figure_source_unclassified,,1936-03-03,12:00,timed_public_dataset,,45.068,7.683,+0100,Male,丙子,gregorian_year_ok,쥐,,requires_solar_term_engine,甲申,庚午,computed_from_public_dataset_time,timed_birth_available_month_requires_solar_term,candidate_pool_with_time_seed_verify_before_final_match,{'rodden': 'AA'}
34,hf-famous-0034-achille-paysant,Achille Paysant,https://huggingface.co/datasets/vedastro-org/15000-Famous-People-Birth-Date-Location,public_figure_source_unclassified,,1841-09-27,20:00,timed_public_dataset,,48.396,-0.267,+0009,Male,辛丑,gregorian_year_ok,소,,requires_solar_term_engine,甲午,甲戌,computed_from_public_dataset_time,timed_birth_available_month_requires_solar_term,candidate_pool_with_time_seed_verify_before_final_match,{'rodden': 'AA'}
35,hf-famous-0035-achille-silvestrini,Achille Silvestrini,https://huggingface.co/datasets/vedastro-org/15000-Famous-People-Birth-Date-Location,public_figure_source_unclassified,,1923-10-25,08:35,timed_public_dataset,,44.223,11.772,+0100,Male,癸亥,gregorian_year_ok,돼지,,requires_solar_term_engine,辛未,壬辰,computed_from_public_dataset_time,timed_birth_available_month_requires_solar_term,candidate_pool_with_time_seed_verify_before_final_match,{'rodden': 'AA'}
36,hf-famous-0036-achille-van-acker,Achille Van Acker,https://huggingface.co/datasets/vedastro-org/15000-Famous-People-Birth-Date-Location,public_figure_source_unclassified,,1898-04-08,17:00,timed_public_dataset,,51.209,3.225,+0000,Male,戊戌,gregorian_year_ok,개,,requires_solar_term_engine,辛丑,丁酉,computed_from_public_dataset_time,timed_birth_available_month_requires_solar_term,candidate_pool_with_time_seed_verify_before_final_match,{'rodden': 'AA'}
37,hf-famous-0037-ada-negri,Ada Negri,https://huggingface.co/datasets/vedastro-org/15000-Famous-People-Birth-Date-Location,public_figure_source_unclassified,,1870-02-03,17:00,timed_public_dataset,,45.313,9.498,+0050,Female,庚午,needs_ipchun_check,말,,requires_solar_term_engine,庚午,乙酉,computed_from_public_dataset_time,timed_birth_available_month_requires_solar_term,candidate_pool_with_time_seed_verify_before_final_match,{'rodden': 'AA'}
38,hf-famous-0038-adam-goldberg,Adam Goldberg,https://huggingface.co/datasets/vedastro-org/15000-Famous-People-Birth-Date-Location,public_figure_source_unclassified,,1970-10-25,13:13,timed_public_dataset,,34.011,-118.492,-0800,Male,庚戌,gregorian_year_ok,개,,requires_solar_term_engine,戊寅,己未,computed_from_public_dataset_time,timed_birth_available_month_requires_solar_term,candidate_pool_with_time_seed_verify_before_final_match,{'rodden': 'AA'}
39,hf-famous-0039-adam-heinrich-m-ller,Adam Heinrich Müller,https://huggingface.co/datasets/vedastro-org/15000-Famous-People-Birth-Date-Location,public_figure_source_unclassified,,1779-06-30,22:00,timed_public_dataset,,52.523,13.411,+0053,Male,己亥,gregorian_year_ok,돼지,,requires_solar_term_engine,庚子,丁亥,computed_from_public_dataset_time,timed_birth_available_month_requires_solar_term,candidate_pool_with_time_seed_verify_before_final_match,{'rodden': 'AA'}
40,hf-famous-0040-adam-paterson-ingram,Adam Paterson Ingram,https://huggingface.co/datasets/vedastro-org/15000-Famous-People-Birth-Date-Location,public_figure_source_unclassified,,1947-02-01,10:30,timed_public_dataset,,55.866,-4.257,+0000,Male,丁亥,needs_ipchun_check,돼지,,requires_solar_term_engine,辛亥,癸巳,computed_from_public_dataset_time,timed_birth_available_month_requires_solar_term,candidate_pool_with_time_seed_verify_before_final_match,{'rodden': 'AA'}
41,hf-famous-0041-adam-petty,Adam Petty,https://huggingface.co/datasets/vedastro-org/15000-Famous-People-Birth-Date-Location,public_figure_source_unclassified,,1980-07-10,15:45,timed_public_dataset,,35.954,-80.004,-0400,Male,庚申,gregorian_year_ok,원숭이,,requires_solar_term_engine,甲申,壬申,computed_from_public_dataset_time,timed_birth_available_month_requires_solar_term,candidate_pool_with_time_seed_verify_before_final_match,{'rodden': 'AA'}
42,hf-famous-0042-adam-timmerman,Adam Timmerman,https://huggingface.co/datasets/vedastro-org/15000-Famous-People-Birth-Date-Location,public_figure_source_unclassified,,1971-08-14,19:26,timed_public_dataset,,42.75,-95.551,-0500,Male,辛亥,gregorian_year_ok,돼지,,requires_solar_term_engine,辛未,戊戌,computed_from_public_dataset_time,timed_birth_available_month_requires_solar_term,candidate_pool_with_time_seed_verify_before_final_match,{'rodden': 'AA'}
43,hf-famous-0043-adele-bloemendaal,Adele Bloemendaal,https://huggingface.co/datasets/vedastro-org/15000-Famous-People-Birth-Date-Location,public_figure_source_unclassified,,1933-01-11,10:30,timed_public_dataset,,52.373,4.891,+0000,Female,癸酉,needs_ipchun_check,닭,,requires_solar_term_engine,丁丑,乙巳,computed_from_public_dataset_time,timed_birth_available_month_requires_solar_term,candidate_pool_with_time_seed_verify_before_final_match,{'rodden': 'AA'}
44,hf-famous-0044-adele-gerhard,Adele Gerhard,https://huggingface.co/datasets/vedastro-org/15000-Famous-People-Birth-Date-Location,public_figure_source_unclassified,,1868-06-08,23:30,timed_public_dataset,,50.941,6.96,+0053,Female,戊辰,gregorian_year_ok,용,,requires_solar_term_engine,乙丑,丙子,computed_from_public_dataset_time,timed_birth_available_month_requires_solar_term,candidate_pool_with_time_seed_verify_before_final_match,{'rodden': 'AA'}
45,hf-famous-0045-adeline-blondieau,Adeline Blondieau,https://huggingface.co/datasets/vedastro-org/15000-Famous-People-Birth-Date-Location,public_figure_source_unclassified,,1971-02-09,16:20,timed_public_dataset,,48.857,2.351,+0100,Female,辛亥,gregorian_year_ok,돼지,,requires_solar_term_engine,乙丑,甲申,computed_from_public_dataset_time,timed_birth_available_month_requires_solar_term,candidate_pool_with_time_seed_verify_before_final_match,{'rodden': 'AA'}
46,hf-famous-0046-adelio-ferrero,Adelio Ferrero,https://huggingface.co/datasets/vedastro-org/15000-Famous-People-Birth-Date-Location,public_figure_source_unclassified,,1935-07-10,01:00,timed_public_dataset,,44.913,8.617,+0100,Male,乙亥,gregorian_year_ok,돼지,,requires_solar_term_engine,丁亥,辛丑,computed_from_public_dataset_time,timed_birth_available_month_requires_solar_term,candidate_pool_with_time_seed_verify_before_final_match,{'rodden': 'AA'}
47,hf-famous-0047-adger-w-cowans,Adger W. Cowans,https://huggingface.co/datasets/vedastro-org/15000-Famous-People-Birth-Date-Location,public_figure_source_unclassified,,1936-09-19,00:55,timed_public_dataset,,39.963,-82.996,-0400,Male,丙子,gregorian_year_ok,쥐,,requires_solar_term_engine,甲辰,甲子,computed_from_public_dataset_time,timed_birth_available_month_requires_solar_term,candidate_pool_with_time_seed_verify_before_final_match,{'rodden': 'AA'}
48,hf-famous-0048-adlai-e-iii-stevenson,Adlai E. III Stevenson,https://huggingface.co/datasets/vedastro-org/15000-Famous-People-Birth-Date-Location,public_figure_source_unclassified,,1930-10-10,17:13,timed_public_dataset,,41.883,-87.632,-0600,Male,庚午,gregorian_year_ok,말,,requires_solar_term_engine,癸巳,辛酉,computed_from_public_dataset_time,timed_birth_available_month_requires_solar_term,candidate_pool_with_time_seed_verify_before_final_match,{'rodden': 'AA'}
49,hf-famous-0049-adolf-bastian,Adolf Bastian,https://huggingface.co/datasets/vedastro-org/15000-Famous-People-Birth-Date-Location,public_figure_source_unclassified,,1826-06-26,00:30,timed_public_dataset,,53.075,8.807,+0053,Male,丙戌,gregorian_year_ok,개,,requires_solar_term_engine,壬寅,庚子,computed_from_public_dataset_time,timed_birth_available_month_requires_solar_term,candidate_pool_with_time_seed_verify_before_final_match,{'rodden': 'AA'}
50,hf-famous-0050-adolf-butenandt,Adolf Butenandt,https://huggingface.co/datasets/vedastro-org/15000-Famous-People-Birth-Date-Location,public_figure_source_unclassified,,1903-03-24,22:00,timed_public_dataset,,53.539,8.583,+0100,Male,癸卯,gregorian_year_ok,토끼,,requires_solar_term_engine,辛亥,己亥,computed_from_public_dataset_time,timed_birth_available_month_requires_solar_term,candidate_pool_with_time_seed_verify_before_final_match,{'rodden': 'AA'}
51,hf-famous-0051-adolf-eichmann,Adolf Eichmann,https://huggingface.co/datasets/vedastro-org/15000-Famous-People-Birth-Date-Location,public_figure_source_unclassified,,1906-03-19,19:30,timed_public_dataset,,51.172,7.084,+0100,Male,丙午,gregorian_year_ok,말,,requires_solar_term_engine,壬戌,庚戌,computed_from_public_dataset_time,timed_birth_available_month_requires_solar_term,candidate_pool_with_time_seed_verify_before_final_match,{'rodden': 'AA'}
52,hf-famous-0052-adolf-galland,Adolf Galland,https://huggingface.co/datasets/vedastro-org/15000-Famous-People-Birth-Date-Location,public_figure_source_unclassified,,1912-03-19,12:30,timed_public_dataset,,51.611,7.197,+0100,Male,壬子,gregorian_year_ok,쥐,,requires_solar_term_engine,甲午,庚午,computed_from_public_dataset_time,timed_birth_available_month_requires_solar_term,candidate_pool_with_time_seed_verify_before_final_match,{'rodden': 'AA'}
53,hf-famous-0053-adolf-heusinger,Adolf Heusinger,https://huggingface.co/datasets/vedastro-org/15000-Famous-People-Birth-Date-Location,public_figure_source_unclassified,,1897-08-04,10:30,timed_public_dataset,,51.828,9.45,+0100,Male,丁酉,gregorian_year_ok,닭,,requires_solar_term_engine,甲午,己巳,computed_from_public_dataset_time,timed_birth_available_month_requires_solar_term,candidate_pool_with_time_seed_verify_before_final_match,{'rodden': 'AA'}
54,hf-famous-0054-adolf-hitler,Adolf Hitler,https://huggingface.co/datasets/vedastro-org/15000-Famous-People-Birth-Date-Location,public_figure_source_unclassified,,1889-04-20,18:30,timed_public_dataset,,48.259,13.035,+0105,Male,己丑,gregorian_year_ok,소,,requires_solar_term_engine,丙寅,丁酉,computed_from_public_dataset_time,timed_birth_available_month_requires_solar_term,candidate_pool_with_time_seed_verify_before_final_match,{'rodden': 'AA'}
55,hf-famous-0055-adolf-hugo-dietzel,Adolf Hugo Dietzel,https://huggingface.co/datasets/vedastro-org/15000-Famous-People-Birth-Date-Location,public_figure_source_unclassified,,1902-02-03,06:00,timed_public_dataset,,48.893,8.705,+0100,Male,壬寅,needs_ipchun_check,호랑이,,requires_solar_term_engine,丁巳,癸卯,computed_from_public_dataset_time,timed_birth_available_month_requires_solar_term,candidate_pool_with_time_seed_verify_before_final_match,{'rodden': 'AA'}
56,hf-famous-0056-adolf-reichwein,Adolf Reichwein,https://huggingface.co/datasets/vedastro-org/15000-Famous-People-Birth-Date-Location,public_figure_source_unclassified,,1898-10-03,03:00,timed_public_dataset,,50.336,7.712,+0100,Male,戊戌,gregorian_year_ok,개,,requires_solar_term_engine,己亥,丙寅,computed_from_public_dataset_time,timed_birth_available_month_requires_solar_term,candidate_pool_with_time_seed_verify_before_final_match,{'rodden': 'AA'}
57,hf-famous-0057-adolfh-freiherr-knigge,Adolfh Freiherr Knigge,https://huggingface.co/datasets/vedastro-org/15000-Famous-People-Birth-Date-Location,public_figure_source_unclassified,,1752-10-16,05:30,timed_public_dataset,,51.855,7.489,+0053,Male,壬申,gregorian_year_ok,원숭이,,requires_solar_term_engine,丁卯,癸卯,computed_from_public_dataset_time,timed_birth_available_month_requires_solar_term,candidate_pool_with_time_seed_verify_before_final_match,{'rodden': 'AA'}
58,hf-famous-0058-adolfo-bardini,Adolfo Bardini,https://huggingface.co/datasets/vedastro-org/15000-Famous-People-Birth-Date-Location,public_figure_source_unclassified,,1915-04-09,05:00,timed_public_dataset,,44.407,8.934,+0100,Male,乙卯,gregorian_year_ok,토끼,,requires_solar_term_engine,庚午,己卯,computed_from_public_dataset_time,timed_birth_available_month_requires_solar_term,candidate_pool_with_time_seed_verify_before_final_match,{'rodden': 'AA'}
59,hf-famous-0059-adolfo-celi,Adolfo Celi,https://huggingface.co/datasets/vedastro-org/15000-Famous-People-Birth-Date-Location,public_figure_source_unclassified,,1922-07-27,16:30,timed_public_dataset,,38.192,15.556,+0100,Male,壬戌,gregorian_year_ok,개,,requires_solar_term_engine,丙申,丙申,computed_from_public_dataset_time,timed_birth_available_month_requires_solar_term,candidate_pool_with_time_seed_verify_before_final_match,{'rodden': 'AA'}
60,hf-famous-0060-adolf-von-baeyer,Adolf von Baeyer,https://huggingface.co/datasets/vedastro-org/15000-Famous-People-Birth-Date-Location,public_figure_source_unclassified,,1835-10-31,22:30,timed_public_dataset,,52.523,13.411,+0053,Male,乙未,gregorian_year_ok,양,,requires_solar_term_engine,丙申,己亥,computed_from_public_dataset_time,timed_birth_available_month_requires_solar_term,candidate_pool_with_time_seed_verify_before_final_match,{'rodden': 'AA'}
61,hf-famous-0061-adolf-von-hildebrand,Adolf von Hildebrand,https://huggingface.co/datasets/vedastro-org/15000-Famous-People-Birth-Date-Location,public_figure_source_unclassified,,1847-10-06,16:45,timed_public_dataset,,50.815,8.769,+0053,Male,丁未,gregorian_year_ok,양,,requires_solar_term_engine,甲戌,壬申,computed_from_public_dataset_time,timed_birth_available_month_requires_solar_term,candidate_pool_with_time_seed_verify_before_final_match,{'rodden': 'AA'}
62,hf-famous-0062-adolph-kiefer,Adolph Kiefer,https://huggingface.co/datasets/vedastro-org/15000-Famous-People-Birth-Date-Location,public_figure_source_unclassified,,1918-06-27,14:30,timed_public_dataset,,41.883,-87.632,-0500,Male,戊午,gregorian_year_ok,말,,requires_solar_term_engine,乙巳,癸未,computed_from_public_dataset_time,timed_birth_available_month_requires_solar_term,candidate_pool_with_time_seed_verify_before_final_match,{'rodden': 'AA'}
63,hf-famous-0063-adolph-kolping,Adolph Kolping,https://huggingface.co/datasets/vedastro-org/15000-Famous-People-Birth-Date-Location,public_figure_source_unclassified,,1813-12-08,15:00,timed_public_dataset,,50.873,6.693,+0053,Male,癸酉,gregorian_year_ok,닭,,requires_solar_term_engine,己卯,壬申,computed_from_public_dataset_time,timed_birth_available_month_requires_solar_term,candidate_pool_with_time_seed_verify_before_final_match,{'rodden': 'AA'}
64,hf-famous-0064-adolph-wagner,Adolph Wagner,https://huggingface.co/datasets/vedastro-org/15000-Famous-People-Birth-Date-Location,public_figure_source_unclassified,,1835-03-25,23:45,timed_public_dataset,,49.6,11.006,+0053,Male,乙未,gregorian_year_ok,양,,requires_solar_term_engine,丙辰,戊子,computed_from_public_dataset_time,timed_birth_available_month_requires_solar_term,candidate_pool_with_time_seed_verify_before_final_match,{'rodden': 'AA'}
65,hf-famous-0065-adolphe-charles-adam,Adolphe Charles Adam,https://huggingface.co/datasets/vedastro-org/15000-Famous-People-Birth-Date-Location,public_figure_source_unclassified,,1803-07-24,14:00,timed_public_dataset,,48.857,2.351,+0009,Male,癸亥,gregorian_year_ok,돼지,,requires_solar_term_engine,己巳,辛未,computed_from_public_dataset_time,timed_birth_available_month_requires_solar_term,candidate_pool_with_time_seed_verify_before_final_match,{'rodden': 'AA'}
66,hf-famous-0066-adolphe-dugl-r,Adolphe Dugléré,https://huggingface.co/datasets/vedastro-org/15000-Famous-People-Birth-Date-Location,public_figure_source_unclassified,,1805-06-26,21:00,timed_public_dataset,,44.835,-0.575,+0009,Male,乙丑,gregorian_year_ok,소,,requires_solar_term_engine,壬子,辛亥,computed_from_public_dataset_time,timed_birth_available_month_requires_solar_term,candidate_pool_with_time_seed_verify_before_final_match,{'rodden': 'AA'}
67,hf-famous-0067-adolphe-francois-appia,Adolphe Francois Appia,https://huggingface.co/datasets/vedastro-org/15000-Famous-People-Birth-Date-Location,public_figure_source_unclassified,,1862-09-01,17:00,timed_public_dataset,,46.204,6.14,+0030,Male,壬戌,gregorian_year_ok,개,,requires_solar_term_engine,戊午,辛酉,computed_from_public_dataset_time,timed_birth_available_month_requires_solar_term,candidate_pool_with_time_seed_verify_before_final_match,{'rodden': 'AA'}
68,hf-famous-0068-adolphe-jaureguy,Adolphe Jaureguy,https://huggingface.co/datasets/vedastro-org/15000-Famous-People-Birth-Date-Location,public_figure_source_unclassified,,1898-02-18,14:51,timed_public_dataset,,43.256,-1.072,+0009,Male,戊戌,gregorian_year_ok,개,,requires_solar_term_engine,壬子,丁未,computed_from_public_dataset_time,timed_birth_available_month_requires_solar_term,candidate_pool_with_time_seed_verify_before_final_match,{'rodden': 'AA'}
69,hf-famous-0069-adolphe-monticelli,Adolphe Monticelli,https://huggingface.co/datasets/vedastro-org/15000-Famous-People-Birth-Date-Location,public_figure_source_unclassified,,1824-10-14,14:00,timed_public_dataset,,43.295,5.374,+0009,Male,甲申,gregorian_year_ok,원숭이,,requires_solar_term_engine,壬午,丁未,computed_from_public_dataset_time,timed_birth_available_month_requires_solar_term,candidate_pool_with_time_seed_verify_before_final_match,{'rodden': 'AA'}
70,hf-famous-0070-adolphe-niel,Adolphe Niel,https://huggingface.co/datasets/vedastro-org/15000-Famous-People-Birth-Date-Location,public_figure_source_unclassified,,1802-10-04,04:00,timed_public_dataset,,43.459,1.327,+0009,Male,壬戌,gregorian_year_ok,개,,requires_solar_term_engine,丙子,庚寅,computed_from_public_dataset_time,timed_birth_available_month_requires_solar_term,candidate_pool_with_time_seed_verify_before_final_match,{'rodden': 'AA'}
71,hf-famous-0071-adolphe-sax,Adolphe Sax,https://huggingface.co/datasets/vedastro-org/15000-Famous-People-Birth-Date-Location,public_figure_source_unclassified,,1814-11-06,23:00,timed_public_dataset,,50.261,4.912,+0018,Male,甲戌,gregorian_year_ok,개,,requires_solar_term_engine,壬子,庚子,computed_from_public_dataset_time,timed_birth_available_month_requires_solar_term,candidate_pool_with_time_seed_verify_before_final_match,{'rodden': 'AA'}
72,hf-famous-0072-adolphe-thiers,Adolphe Thiers,https://huggingface.co/datasets/vedastro-org/15000-Famous-People-Birth-Date-Location,public_figure_source_unclassified,,1797-04-15,05:00,timed_public_dataset,,43.295,5.374,+0009,Male,丁巳,gregorian_year_ok,뱀,,requires_solar_term_engine,己未,丁卯,computed_from_public_dataset_time,timed_birth_available_month_requires_solar_term,candidate_pool_with_time_seed_verify_before_final_match,{'rodden': 'AA'}
73,hf-famous-0073-adolphe-willette,Adolphe Willette,https://huggingface.co/datasets/vedastro-org/15000-Famous-People-Birth-Date-Location,public_figure_source_unclassified,,1857-07-30,02:30,timed_public_dataset,,48.955,4.364,+0009,Male,丁巳,gregorian_year_ok,뱀,,requires_solar_term_engine,己未,乙丑,computed_from_public_dataset_time,timed_birth_available_month_requires_solar_term,candidate_pool_with_time_seed_verify_before_final_match,{'rodden': 'AA'}
74,hf-famous-0074-adolphe-yvon,Adolphe Yvon,https://huggingface.co/datasets/vedastro-org/15000-Famous-People-Birth-Date-Location,public_figure_source_unclassified,,1817-01-30,22:30,timed_public_dataset,,50.817,6.273,+0053,Male,丁丑,needs_ipchun_check,소,,requires_solar_term_engine,戊子,癸亥,computed_from_public_dataset_time,timed_birth_available_month_requires_solar_term,candidate_pool_with_time_seed_verify_before_final_match,{'rodden': 'AA'}
75,hf-famous-0075-adolphr-thedore-brongniart,Adolphr Thedore Brongniart,https://huggingface.co/datasets/vedastro-org/15000-Famous-People-Birth-Date-Location,public_figure_source_unclassified,,1801-01-14,21:00,timed_public_dataset,,48.857,2.351,+0009,Male,辛酉,needs_ipchun_check,닭,,requires_solar_term_engine,戊申,癸亥,computed_from_public_dataset_time,timed_birth_available_month_requires_solar_term,candidate_pool_with_time_seed_verify_before_final_match,{'rodden': 'AA'}
76,hf-famous-0076-adolphus-busch,Adolphus Busch,https://huggingface.co/datasets/vedastro-org/15000-Famous-People-Birth-Date-Location,public_figure_source_unclassified,,1839-07-10,16:00,timed_public_dataset,,49.995,8.267,+0053,Male,己亥,gregorian_year_ok,돼지,,requires_solar_term_engine,甲子,壬申,computed_from_public_dataset_time,timed_birth_available_month_requires_solar_term,candidate_pool_with_time_seed_verify_before_final_match,{'rodden': 'AA'}
77,hf-famous-0077-adone-stellin,Adone Stellin,https://huggingface.co/datasets/vedastro-org/15000-Famous-People-Birth-Date-Location,public_figure_source_unclassified,,1921-03-03,08:00,timed_public_dataset,,45.713,11.358,+0100,Male,辛酉,gregorian_year_ok,닭,,requires_solar_term_engine,乙丑,庚辰,computed_from_public_dataset_time,timed_birth_available_month_requires_solar_term,candidate_pool_with_time_seed_verify_before_final_match,{'rodden': 'AA'}
78,hf-famous-0078-adopted-illegally-maria,Adopted illegally: Maria,https://huggingface.co/datasets/vedastro-org/15000-Famous-People-Birth-Date-Location,public_figure_source_unclassified,,2009-01-31,02:10,timed_public_dataset,,38.9,22.434,+0200,Female,己丑,needs_ipchun_check,소,,requires_solar_term_engine,丙子,己丑,computed_from_public_dataset_time,timed_birth_available_month_requires_solar_term,candidate_pool_with_time_seed_verify_before_final_match,{'rodden': 'AA'}
79,hf-famous-0079-adrian-pasdar,Adrian Pasdar,https://huggingface.co/datasets/vedastro-org/15000-Famous-People-Birth-Date-Location,public_figure_source_unclassified,,1965-04-30,09:01,timed_public_dataset,,42.445,-73.253,-0400,Male,乙巳,gregorian_year_ok,뱀,,requires_solar_term_engine,甲寅,己巳,computed_from_public_dataset_time,timed_birth_available_month_requires_solar_term,candidate_pool_with_time_seed_verify_before_final_match,{'rodden': 'AA'}
80,hf-famous-0080-adriana-asti,Adriana Asti,https://huggingface.co/datasets/vedastro-org/15000-Famous-People-Birth-Date-Location,public_figure_source_unclassified,,1933-04-30,03:25,timed_public_dataset,,45.464,9.188,+0100,Female,癸酉,gregorian_year_ok,닭,,requires_solar_term_engine,丙寅,庚寅,computed_from_public_dataset_time,timed_birth_available_month_requires_solar_term,candidate_pool_with_time_seed_verify_before_final_match,{'rodden': 'AA'}
81,hf-famous-0081-adriana-benetti,Adriana Benetti,https://huggingface.co/datasets/vedastro-org/15000-Famous-People-Birth-Date-Location,public_figure_source_unclassified,,1919-12-05,07:00,timed_public_dataset,,44.838,11.62,+0100,Female,己未,gregorian_year_ok,양,,requires_solar_term_engine,辛卯,壬辰,computed_from_public_dataset_time,timed_birth_available_month_requires_solar_term,candidate_pool_with_time_seed_verify_before_final_match,{'rodden': 'AA'}
82,hf-famous-0082-adriana-lima,Adriana Lima,https://huggingface.co/datasets/vedastro-org/15000-Famous-People-Birth-Date-Location,public_figure_source_unclassified,,1981-06-12,16:50,timed_public_dataset,,-12.964,-38.506,-0300,Female,辛酉,gregorian_year_ok,닭,,requires_solar_term_engine,辛酉,丙申,computed_from_public_dataset_time,timed_birth_available_month_requires_solar_term,candidate_pool_with_time_seed_verify_before_final_match,{'rodden': 'AA'}
83,hf-famous-0083-adriano-bassetto,Adriano Bassetto,https://huggingface.co/datasets/vedastro-org/15000-Famous-People-Birth-Date-Location,public_figure_source_unclassified,,1925-09-08,03:30,timed_public_dataset,,45.546,11.54,+0100,Male,乙丑,gregorian_year_ok,소,,requires_solar_term_engine,乙未,戊寅,computed_from_public_dataset_time,timed_birth_available_month_requires_solar_term,candidate_pool_with_time_seed_verify_before_final_match,{'rodden': 'AA'}
84,hf-famous-0084-adriano-buzzati,Adriano Buzzati,https://huggingface.co/datasets/vedastro-org/15000-Famous-People-Birth-Date-Location,public_figure_source_unclassified,,1913-04-06,04:45,timed_public_dataset,,45.464,9.188,+0100,Male,癸丑,gregorian_year_ok,소,,requires_solar_term_engine,丁巳,壬寅,computed_from_public_dataset_time,timed_birth_available_month_requires_solar_term,candidate_pool_with_time_seed_verify_before_final_match,{'rodden': 'AA'}
85,hf-famous-0085-adriano-celentano,Adriano Celentano,https://huggingface.co/datasets/vedastro-org/15000-Famous-People-Birth-Date-Location,public_figure_source_unclassified,,1938-01-06,07:00,timed_public_dataset,,45.464,9.188,+0100,Male,戊寅,needs_ipchun_check,호랑이,,requires_solar_term_engine,戊戌,丙辰,computed_from_public_dataset_time,timed_birth_available_month_requires_solar_term,candidate_pool_with_time_seed_verify_before_final_match,{'rodden': 'AA'}
86,hf-famous-0086-adriano-giannini,Adriano Giannini,https://huggingface.co/datasets/vedastro-org/15000-Famous-People-Birth-Date-Location,public_figure_source_unclassified,,1971-05-10,21:20,timed_public_dataset,,41.891,12.494,+0100,Male,辛亥,gregorian_year_ok,돼지,,requires_solar_term_engine,乙未,丁亥,computed_from_public_dataset_time,timed_birth_available_month_requires_solar_term,candidate_pool_with_time_seed_verify_before_final_match,{'rodden': 'AA'}
87,hf-famous-0087-adriano-olivetti,Adriano Olivetti,https://huggingface.co/datasets/vedastro-org/15000-Famous-People-Birth-Date-Location,public_figure_source_unclassified,,1901-04-11,19:50,timed_public_dataset,,45.467,7.876,+0100,Male,辛丑,gregorian_year_ok,소,,requires_solar_term_engine,己未,甲戌,computed_from_public_dataset_time,timed_birth_available_month_requires_solar_term,candidate_pool_with_time_seed_verify_before_final_match,{'rodden': 'AA'}
88,hf-famous-0088-adriano-peixoto,Adriano Peixoto,https://huggingface.co/datasets/vedastro-org/15000-Famous-People-Birth-Date-Location,public_figure_source_unclassified,,1969-05-31,06:20,timed_public_dataset,,45.767,4.834,+0100,Male,己酉,gregorian_year_ok,닭,,requires_solar_term_engine,丙午,辛卯,computed_from_public_dataset_time,timed_birth_available_month_requires_solar_term,candidate_pool_with_time_seed_verify_before_final_match,{'rodden': 'AA'}
89,hf-famous-0089-adriano-sofri,Adriano Sofri,https://huggingface.co/datasets/vedastro-org/15000-Famous-People-Birth-Date-Location,public_figure_source_unclassified,,1942-08-01,02:30,timed_public_dataset,,45.654,13.779,+0200,Male,壬午,gregorian_year_ok,말,,requires_solar_term_engine,丙戌,己丑,computed_from_public_dataset_time,timed_birth_available_month_requires_solar_term,candidate_pool_with_time_seed_verify_before_final_match,{'rodden': 'AA'}
90,hf-famous-0090-adrianus-roland-holst,Adrianus Roland Holst,https://huggingface.co/datasets/vedastro-org/15000-Famous-People-Birth-Date-Location,public_figure_source_unclassified,,1888-05-23,22:30,timed_public_dataset,,52.373,4.891,+0018,Male,戊子,gregorian_year_ok,쥐,,requires_solar_term_engine,甲午,乙亥,computed_from_public_dataset_time,timed_birth_available_month_requires_solar_term,candidate_pool_with_time_seed_verify_before_final_match,{'rodden': 'AA'}
91,hf-famous-0091-adrien-anneet,Adrien Anneet,https://huggingface.co/datasets/vedastro-org/15000-Famous-People-Birth-Date-Location,public_figure_source_unclassified,,1908-11-18,18:30,timed_public_dataset,,50.846,4.356,+0000,Male,戊申,gregorian_year_ok,원숭이,,requires_solar_term_engine,丁丑,己酉,computed_from_public_dataset_time,timed_birth_available_month_requires_solar_term,candidate_pool_with_time_seed_verify_before_final_match,{'rodden': 'AA'}
92,hf-famous-0092-adrien-bertrand,Adrien Bertrand,https://huggingface.co/datasets/vedastro-org/15000-Famous-People-Birth-Date-Location,public_figure_source_unclassified,,1888-08-04,15:30,timed_public_dataset,,44.36,5.14,+0009,Male,戊子,gregorian_year_ok,쥐,,requires_solar_term_engine,丁未,戊申,computed_from_public_dataset_time,timed_birth_available_month_requires_solar_term,candidate_pool_with_time_seed_verify_before_final_match,{'rodden': 'AA'}
93,hf-famous-0093-adrien-duvillard,Adrien Duvillard,https://huggingface.co/datasets/vedastro-org/15000-Famous-People-Birth-Date-Location,public_figure_source_unclassified,,1934-11-07,11:30,timed_public_dataset,,45.857,6.618,+0000,Male,甲戌,gregorian_year_ok,개,,requires_solar_term_engine,壬午,丙午,computed_from_public_dataset_time,timed_birth_available_month_requires_solar_term,candidate_pool_with_time_seed_verify_before_final_match,{'rodden': 'AA'}
94,hf-famous-0094-adrien-fainsilber,Adrien Fainsilber,https://huggingface.co/datasets/vedastro-org/15000-Famous-People-Birth-Date-Location,public_figure_source_unclassified,,1932-06-15,10:30,timed_public_dataset,,50.017,3.784,+0100,Male,壬申,gregorian_year_ok,원숭이,,requires_solar_term_engine,丁未,乙巳,computed_from_public_dataset_time,timed_birth_available_month_requires_solar_term,candidate_pool_with_time_seed_verify_before_final_match,{'rodden': 'AA'}
95,hf-famous-0095-adrien-morillas,Adrien Morillas,https://huggingface.co/datasets/vedastro-org/15000-Famous-People-Birth-Date-Location,public_figure_source_unclassified,,1958-05-30,11:00,timed_public_dataset,,45.777,3.083,+0100,Male,戊戌,gregorian_year_ok,개,,requires_solar_term_engine,丁未,丙午,computed_from_public_dataset_time,timed_birth_available_month_requires_solar_term,candidate_pool_with_time_seed_verify_before_final_match,{'rodden': 'AA'}
96,hf-famous-0096-adrien-de-gerlache,Adrien de Gerlache,https://huggingface.co/datasets/vedastro-org/15000-Famous-People-Birth-Date-Location,public_figure_source_unclassified,,1866-08-02,08:00,timed_public_dataset,,50.93,5.338,+0018,Male,丙寅,gregorian_year_ok,호랑이,,requires_solar_term_engine,己酉,戊辰,computed_from_public_dataset_time,timed_birth_available_month_requires_solar_term,candidate_pool_with_time_seed_verify_before_final_match,{'rodden': 'AA'}
97,hf-famous-0097-adrienne-frantz,Adrienne Frantz,https://huggingface.co/datasets/vedastro-org/15000-Famous-People-Birth-Date-Location,public_figure_source_unclassified,,1978-06-07,00:43,timed_public_dataset,,42.597,-82.878,-0400,Female,戊午,gregorian_year_ok,말,,requires_solar_term_engine,庚子,丙子,computed_from_public_dataset_time,timed_birth_available_month_requires_solar_term,candidate_pool_with_time_seed_verify_before_final_match,{'rodden': 'AA'}
98,hf-famous-0098-adrienne-rich,Adrienne Rich,https://huggingface.co/datasets/vedastro-org/15000-Famous-People-Birth-Date-Location,public_figure_source_unclassified,,1929-05-16,15:10,timed_public_dataset,,39.29,-76.612,-0400,Female,己巳,gregorian_year_ok,뱀,,requires_solar_term_engine,辛酉,丙申,computed_from_public_dataset_time,timed_birth_available_month_requires_solar_term,candidate_pool_with_time_seed_verify_before_final_match,{'rodden': 'AA'}
99,hf-famous-0099-adua-pavarotti,Adua Pavarotti,https://huggingface.co/datasets/vedastro-org/15000-Famous-People-Birth-Date-Location,public_figure_source_unclassified,,1936-02-21,08:10,timed_public_dataset,,44.647,10.925,+0100,Female,丙子,gregorian_year_ok,쥐,,requires_solar_term_engine,癸酉,丙辰,computed_from_public_dataset_time,timed_birth_available_month_requires_solar_term,candidate_pool_with_time_seed_verify_before_final_match,{'rodden': 'AA'}
100,hf-famous-0100-ad-le-exarchopoulos,Adèle Exarchopoulos,https://huggingface.co/datasets/vedastro-org/15000-Famous-People-Birth-Date-Location,public_figure_source_unclassified,,1993-11-22,01:40,timed_public_dataset,,48.857,2.351,+0100,Female,癸酉,gregorian_year_ok,닭,,requires_solar_term_engine,丁未,辛丑,computed_from_public_dataset_time,timed_birth_available_month_requires_solar_term,candidate_pool_with_time_seed_verify_before_final_match,{'rodden': 'AA'}
101,hf-famous-0101-afro,Afro,https://huggingface.co/datasets/vedastro-org/15000-Famous-People-Birth-Date-Location,public_figure_source_unclassified,,1912-03-04,04:30,timed_public_dataset,,46.065,13.231,+0100,Male,壬子,gregorian_year_ok,쥐,,requires_solar_term_engine,己卯,丙寅,computed_from_public_dataset_time,timed_birth_available_month_requires_solar_term,candidate_pool_with_time_seed_verify_before_final_match,{'rodden': 'AA'}
102,hf-famous-0102-aga-muhlach,Aga Muhlach,https://huggingface.co/datasets/vedastro-org/15000-Famous-People-Birth-Date-Location,public_figure_source_unclassified,,1969-08-12,14:30,timed_public_dataset,,14.582,120.975,+0800,Male,己酉,gregorian_year_ok,닭,,requires_solar_term_engine,己未,辛未,computed_from_public_dataset_time,timed_birth_available_month_requires_solar_term,candidate_pool_with_time_seed_verify_before_final_match,{'rodden': 'AA'}
103,hf-famous-0103-agatha-christie,Agatha Christie,https://huggingface.co/datasets/vedastro-org/15000-Famous-People-Birth-Date-Location,public_figure_source_unclassified,,1890-09-15,14:14,timed_public_dataset,,50.468,-3.532,+0000,Female,庚寅,gregorian_year_ok,호랑이,,requires_solar_term_engine,己亥,辛未,computed_from_public_dataset_time,timed_birth_available_month_requires_solar_term,candidate_pool_with_time_seed_verify_before_final_match,{'rodden': 'AA'}
104,hf-famous-0104-agenore-incrocci,Agenore Incrocci,https://huggingface.co/datasets/vedastro-org/15000-Famous-People-Birth-Date-Location,public_figure_source_unclassified,,1919-07-04,05:05,timed_public_dataset,,45.54,10.223,+0200,Male,己未,gregorian_year_ok,양,,requires_solar_term_engine,丁巳,癸卯,computed_from_public_dataset_time,timed_birth_available_month_requires_solar_term,candidate_pool_with_time_seed_verify_before_final_match,{'rodden': 'AA'}
105,hf-famous-0105-agnes-anne-abbot,Agnes Anne Abbot,https://huggingface.co/datasets/vedastro-org/15000-Famous-People-Birth-Date-Location,public_figure_source_unclassified,,1897-08-19,18:30,timed_public_dataset,,52.396,13.059,+0100,Female,丁酉,gregorian_year_ok,닭,,requires_solar_term_engine,己酉,癸酉,computed_from_public_dataset_time,timed_birth_available_month_requires_solar_term,candidate_pool_with_time_seed_verify_before_final_match,{'rodden': 'AA'}
106,hf-famous-0106-agnes-rankin,Agnes Rankin,https://huggingface.co/datasets/vedastro-org/15000-Famous-People-Birth-Date-Location,public_figure_source_unclassified,,1931-10-16,16:20,timed_public_dataset,,55.776,-4.048,+0000,Female,辛未,gregorian_year_ok,양,,requires_solar_term_engine,甲辰,壬申,computed_from_public_dataset_time,timed_birth_available_month_requires_solar_term,candidate_pool_with_time_seed_verify_before_final_match,{'rodden': 'AA'}
107,hf-famous-0107-agn-s-b,Agnès B.,https://huggingface.co/datasets/vedastro-org/15000-Famous-People-Birth-Date-Location,public_figure_source_unclassified,,1941-11-26,16:15,timed_public_dataset,,48.802,2.13,+0200,Female,辛巳,gregorian_year_ok,뱀,,requires_solar_term_engine,戊寅,庚申,computed_from_public_dataset_time,timed_birth_available_month_requires_solar_term,candidate_pool_with_time_seed_verify_before_final_match,{'rodden': 'AA'}
108,hf-famous-0108-agn-s-capri,Agnès Capri,https://huggingface.co/datasets/vedastro-org/15000-Famous-People-Birth-Date-Location,public_figure_source_unclassified,,1907-04-15,13:00,timed_public_dataset,,45.837,4.617,+0009,Female,丁未,gregorian_year_ok,양,,requires_solar_term_engine,甲午,辛未,computed_from_public_dataset_time,timed_birth_available_month_requires_solar_term,candidate_pool_with_time_seed_verify_before_final_match,{'rodden': 'AA'}
109,hf-famous-0109-agn-s-jaoui,Agnès Jaoui,https://huggingface.co/datasets/vedastro-org/15000-Famous-People-Birth-Date-Location,public_figure_source_unclassified,,1964-10-19,04:30,timed_public_dataset,,48.754,2.297,+0100,Female,甲辰,gregorian_year_ok,용,,requires_solar_term_engine,辛丑,庚寅,computed_from_public_dataset_time,timed_birth_available_month_requires_solar_term,candidate_pool_with_time_seed_verify_before_final_match,{'rodden': 'AA'}
110,hf-famous-0110-agn-s-letestu,Agnès Letestu,https://huggingface.co/datasets/vedastro-org/15000-Famous-People-Birth-Date-Location,public_figure_source_unclassified,,1971-02-01,05:40,timed_public_dataset,,48.798,2.503,+0100,Female,辛亥,needs_ipchun_check,돼지,,requires_solar_term_engine,丁巳,癸卯,computed_from_public_dataset_time,timed_birth_available_month_requires_solar_term,candidate_pool_with_time_seed_verify_before_final_match,{'rodden': 'AA'}
111,hf-famous-0111-agn-s-marin,Agnès Marin,https://huggingface.co/datasets/vedastro-org/15000-Famous-People-Birth-Date-Location,public_figure_source_unclassified,,1997-11-26,09:40,timed_public_dataset,,48.857,2.351,+0100,Female,丁丑,gregorian_year_ok,소,,requires_solar_term_engine,壬申,乙巳,computed_from_public_dataset_time,timed_birth_available_month_requires_solar_term,candidate_pool_with_time_seed_verify_before_final_match,{'rodden': 'AA'}
112,hf-famous-0112-agn-s-soral,Agnès Soral,https://huggingface.co/datasets/vedastro-org/15000-Famous-People-Birth-Date-Location,public_figure_source_unclassified,,1960-06-08,12:00,timed_public_dataset,,45.69,5.916,+0100,Female,庚子,gregorian_year_ok,쥐,,requires_solar_term_engine,丁卯,丙午,computed_from_public_dataset_time,timed_birth_available_month_requires_solar_term,candidate_pool_with_time_seed_verify_before_final_match,{'rodden': 'AA'}
113,hf-famous-0113-agn-s-varda,Agnès Varda,https://huggingface.co/datasets/vedastro-org/15000-Famous-People-Birth-Date-Location,public_figure_source_unclassified,,1928-05-30,07:20,timed_public_dataset,,50.828,4.372,+0100,Female,戊辰,gregorian_year_ok,용,,requires_solar_term_engine,庚午,庚辰,computed_from_public_dataset_time,timed_birth_available_month_requires_solar_term,candidate_pool_with_time_seed_verify_before_final_match,{'rodden': 'AA'}
114,hf-famous-0114-agop-haira,Agop Haira,https://huggingface.co/datasets/vedastro-org/15000-Famous-People-Birth-Date-Location,public_figure_source_unclassified,,1926-11-07,20:30,timed_public_dataset,,44.498,0.969,+0000,Male,丙寅,gregorian_year_ok,호랑이,,requires_solar_term_engine,庚子,丙戌,computed_from_public_dataset_time,timed_birth_available_month_requires_solar_term,candidate_pool_with_time_seed_verify_before_final_match,{'rodden': 'AA'}
115,hf-famous-0115-agostina-belli,Agostina Belli,https://huggingface.co/datasets/vedastro-org/15000-Famous-People-Birth-Date-Location,public_figure_source_unclassified,,1947-04-13,18:00,timed_public_dataset,,45.464,9.188,+0200,Female,丁亥,gregorian_year_ok,돼지,,requires_solar_term_engine,壬戌,己酉,computed_from_public_dataset_time,timed_birth_available_month_requires_solar_term,candidate_pool_with_time_seed_verify_before_final_match,{'rodden': 'AA'}
116,hf-famous-0116-agostino-abbagnale,Agostino Abbagnale,https://huggingface.co/datasets/vedastro-org/15000-Famous-People-Birth-Date-Location,public_figure_source_unclassified,,1966-08-25,11:15,timed_public_dataset,,40.749,14.501,+0200,Male,丙午,gregorian_year_ok,말,,requires_solar_term_engine,丙辰,甲午,computed_from_public_dataset_time,timed_birth_available_month_requires_solar_term,candidate_pool_with_time_seed_verify_before_final_match,{'rodden': 'AA'}
117,hf-famous-0117-agostino-cacciavillan,Agostino Cacciavillan,https://huggingface.co/datasets/vedastro-org/15000-Famous-People-Birth-Date-Location,public_figure_source_unclassified,,1926-08-14,10:00,timed_public_dataset,,45.55,12.072,+0100,Male,丙寅,gregorian_year_ok,호랑이,,requires_solar_term_engine,乙亥,辛巳,computed_from_public_dataset_time,timed_birth_available_month_requires_solar_term,candidate_pool_with_time_seed_verify_before_final_match,{'rodden': 'AA'}
118,hf-famous-0118-agostino-richelmy,Agostino Richelmy,https://huggingface.co/datasets/vedastro-org/15000-Famous-People-Birth-Date-Location,public_figure_source_unclassified,,1900-03-25,11:55,timed_public_dataset,,45.068,7.683,+0100,Male,庚子,gregorian_year_ok,쥐,,requires_solar_term_engine,丁酉,丙午,computed_from_public_dataset_time,timed_birth_available_month_requires_solar_term,candidate_pool_with_time_seed_verify_before_final_match,{'rodden': 'AA'}
119,hf-famous-0119-aguigui-mouna,Aguigui Mouna,https://huggingface.co/datasets/vedastro-org/15000-Famous-People-Birth-Date-Location,public_figure_source_unclassified,,1911-10-01,02:30,timed_public_dataset,,45.917,6.09,+0000,Male,辛亥,gregorian_year_ok,돼지,,requires_solar_term_engine,甲辰,乙丑,computed_from_public_dataset_time,timed_birth_available_month_requires_solar_term,candidate_pool_with_time_seed_verify_before_final_match,{'rodden': 'AA'}
120,hf-famous-0120-aida-amoretti,Aida Amoretti,https://huggingface.co/datasets/vedastro-org/15000-Famous-People-Birth-Date-Location,public_figure_source_unclassified,,1938-12-24,01:45,timed_public_dataset,,44.808,10.33,+0100,Female,戊寅,gregorian_year_ok,호랑이,,requires_solar_term_engine,庚寅,丁丑,computed_from_public_dataset_time,timed_birth_available_month_requires_solar_term,candidate_pool_with_time_seed_verify_before_final_match,{'rodden': 'AA'}
121,hf-famous-0121-aidan-daley-mitchell,Aidan Daley Mitchell,https://huggingface.co/datasets/vedastro-org/15000-Famous-People-Birth-Date-Location,public_figure_source_unclassified,,1993-10-04,19:50,timed_public_dataset,,42.359,-71.059,-0400,Male,癸酉,gregorian_year_ok,닭,,requires_solar_term_engine,戊午,壬戌,computed_from_public_dataset_time,timed_birth_available_month_requires_solar_term,candidate_pool_with_time_seed_verify_before_final_match,{'rodden': 'AA'}
122,hf-famous-0122-aidan-solomon,Aidan Solomon,https://huggingface.co/datasets/vedastro-org/15000-Famous-People-Birth-Date-Location,public_figure_source_unclassified,,2005-04-06,02:34,timed_public_dataset,,34.085,-117.96,-0700,Male,乙酉,gregorian_year_ok,닭,,requires_solar_term_engine,庚申,丁丑,computed_from_public_dataset_time,timed_birth_available_month_requires_solar_term,candidate_pool_with_time_seed_verify_before_final_match,{'rodden': 'AA'}
123,hf-famous-0123-aileen-mcgillivary,Aileen McGillivary,https://huggingface.co/datasets/vedastro-org/15000-Famous-People-Birth-Date-Location,public_figure_source_unclassified,,1970-08-13,15:10,timed_public_dataset,,55.866,-4.257,+0100,Female,庚戌,gregorian_year_ok,개,,requires_solar_term_engine,乙丑,甲申,computed_from_public_dataset_time,timed_birth_available_month_requires_solar_term,candidate_pool_with_time_seed_verify_before_final_match,{'rodden': 'AA'}
124,hf-famous-0124-aimable,Aimable,https://huggingface.co/datasets/vedastro-org/15000-Famous-People-Birth-Date-Location,public_figure_source_unclassified,,1922-05-10,08:00,timed_public_dataset,,50.324,3.485,+0100,Male,壬戌,gregorian_year_ok,개,,requires_solar_term_engine,戊寅,丙辰,computed_from_public_dataset_time,timed_birth_available_month_requires_solar_term,candidate_pool_with_time_seed_verify_before_final_match,{'rodden': 'AA'}
125,hf-famous-0125-aime-auguste-cotton,Aime Auguste Cotton,https://huggingface.co/datasets/vedastro-org/15000-Famous-People-Birth-Date-Location,public_figure_source_unclassified,,1869-10-09,09:17,timed_public_dataset,,46.205,5.226,+0009,Male,己巳,gregorian_year_ok,뱀,,requires_solar_term_engine,癸酉,丁巳,computed_from_public_dataset_time,timed_birth_available_month_requires_solar_term,candidate_pool_with_time_seed_verify_before_final_match,{'rodden': 'AA'}
126,hf-famous-0126-aime-etienne-jacquet,Aime Etienne Jacquet,https://huggingface.co/datasets/vedastro-org/15000-Famous-People-Birth-Date-Location,public_figure_source_unclassified,,1941-11-27,00:15,timed_public_dataset,,45.734,3.971,+0200,Male,辛巳,gregorian_year_ok,뱀,,requires_solar_term_engine,己卯,甲子,computed_from_public_dataset_time,timed_birth_available_month_requires_solar_term,candidate_pool_with_time_seed_verify_before_final_match,{'rodden': 'AA'}
127,hf-famous-0127-aime-felix-pyat,Aime Felix Pyat,https://huggingface.co/datasets/vedastro-org/15000-Famous-People-Birth-Date-Location,public_figure_source_unclassified,,1810-10-04,20:00,timed_public_dataset,,48.969,2.285,+0009,Male,庚午,gregorian_year_ok,말,,requires_solar_term_engine,戊午,壬戌,computed_from_public_dataset_time,timed_birth_available_month_requires_solar_term,candidate_pool_with_time_seed_verify_before_final_match,{'rodden': 'AA'}
128,hf-famous-0128-aime-girard,Aime Girard,https://huggingface.co/datasets/vedastro-org/15000-Famous-People-Birth-Date-Location,public_figure_source_unclassified,,1830-12-22,18:15,timed_public_dataset,,48.857,2.351,+0009,Male,庚寅,gregorian_year_ok,호랑이,,requires_solar_term_engine,壬戌,己酉,computed_from_public_dataset_time,timed_birth_available_month_requires_solar_term,candidate_pool_with_time_seed_verify_before_final_match,{'rodden': 'AA'}
129,hf-famous-0129-aime-jules-romand,Aime Jules Romand,https://huggingface.co/datasets/vedastro-org/15000-Famous-People-Birth-Date-Location,public_figure_source_unclassified,,1918-10-20,07:00,timed_public_dataset,,46.576,5.75,+0000,Male,戊午,gregorian_year_ok,말,,requires_solar_term_engine,庚子,庚辰,computed_from_public_dataset_time,timed_birth_available_month_requires_solar_term,candidate_pool_with_time_seed_verify_before_final_match,{'rodden': 'AA'}
130,hf-famous-0130-aim-clariond,Aimé Clariond,https://huggingface.co/datasets/vedastro-org/15000-Famous-People-Birth-Date-Location,public_figure_source_unclassified,,1894-05-10,11:00,timed_public_dataset,,45.187,0.722,+0009,Male,甲午,gregorian_year_ok,말,,requires_solar_term_engine,壬子,丙午,computed_from_public_dataset_time,timed_birth_available_month_requires_solar_term,candidate_pool_with_time_seed_verify_before_final_match,{'rodden': 'AA'}
131,hf-famous-0131-aim-c-saire,Aimé Césaire,https://huggingface.co/datasets/vedastro-org/15000-Famous-People-Birth-Date-Location,public_figure_source_unclassified,,1913-06-26,20:00,timed_public_dataset,,14.869,-61.114,-0400,Male,癸丑,gregorian_year_ok,소,,requires_solar_term_engine,戊寅,壬戌,computed_from_public_dataset_time,timed_birth_available_month_requires_solar_term,candidate_pool_with_time_seed_verify_before_final_match,{'rodden': 'AA'}
132,hf-famous-0132-aim-escudi,Aimé Escudié,https://huggingface.co/datasets/vedastro-org/15000-Famous-People-Birth-Date-Location,public_figure_source_unclassified,,1927-05-28,23:00,timed_public_dataset,,43.342,3.218,+0100,Male,丁卯,gregorian_year_ok,토끼,,requires_solar_term_engine,壬戌,庚子,computed_from_public_dataset_time,timed_birth_available_month_requires_solar_term,candidate_pool_with_time_seed_verify_before_final_match,{'rodden': 'AA'}
133,hf-famous-0133-aim-maillart,Aimé Maillart,https://huggingface.co/datasets/vedastro-org/15000-Famous-People-Birth-Date-Location,public_figure_source_unclassified,,1817-03-24,15:00,timed_public_dataset,,43.608,3.88,+0009,Male,丁丑,gregorian_year_ok,소,,requires_solar_term_engine,辛巳,丙申,computed_from_public_dataset_time,timed_birth_available_month_requires_solar_term,candidate_pool_with_time_seed_verify_before_final_match,{'rodden': 'AA'}
134,hf-famous-0134-aim-raffaeli,Aimé Raffaeli,https://huggingface.co/datasets/vedastro-org/15000-Famous-People-Birth-Date-Location,public_figure_source_unclassified,,1905-02-05,07:00,timed_public_dataset,,43.295,5.374,+0009,Male,乙巳,needs_ipchun_check,뱀,,requires_solar_term_engine,乙亥,庚辰,computed_from_public_dataset_time,timed_birth_available_month_requires_solar_term,candidate_pool_with_time_seed_verify_before_final_match,{'rodden': 'AA'}
135,hf-famous-0135-aine-rosny,Aine Rosny,https://huggingface.co/datasets/vedastro-org/15000-Famous-People-Birth-Date-Location,public_figure_source_unclassified,,1856-02-17,21:00,timed_public_dataset,,50.846,4.356,+0018,Male,丙辰,gregorian_year_ok,용,,requires_solar_term_engine,庚午,丁亥,computed_from_public_dataset_time,timed_birth_available_month_requires_solar_term,candidate_pool_with_time_seed_verify_before_final_match,{'rodden': 'AA'}
136,hf-famous-0136-aissa-wayne-gionis,Aissa Wayne Gionis,https://huggingface.co/datasets/vedastro-org/15000-Famous-People-Birth-Date-Location,public_figure_source_unclassified,,1956-03-31,14:08,timed_public_dataset,,34.182,-118.307,-0800,Female,丙申,gregorian_year_ok,원숭이,,requires_solar_term_engine,丁酉,丁未,computed_from_public_dataset_time,timed_birth_available_month_requires_solar_term,candidate_pool_with_time_seed_verify_before_final_match,{'rodden': 'AA'}
137,hf-famous-0137-al-aber,Al Aber,https://huggingface.co/datasets/vedastro-org/15000-Famous-People-Birth-Date-Location,public_figure_source_unclassified,,1927-07-31,21:00,timed_public_dataset,,41.505,-81.691,-0400,Male,丁卯,gregorian_year_ok,토끼,,requires_solar_term_engine,丙寅,己亥,computed_from_public_dataset_time,timed_birth_available_month_requires_solar_term,candidate_pool_with_time_seed_verify_before_final_match,{'rodden': 'AA'}
138,hf-famous-0138-al-bano,Al Bano,https://huggingface.co/datasets/vedastro-org/15000-Famous-People-Birth-Date-Location,public_figure_source_unclassified,,1943-05-20,18:00,timed_public_dataset,,40.473,17.967,+0200,Male,癸未,gregorian_year_ok,양,,requires_solar_term_engine,戊寅,辛酉,computed_from_public_dataset_time,timed_birth_available_month_requires_solar_term,candidate_pool_with_time_seed_verify_before_final_match,{'rodden': 'AA'}
139,hf-famous-0139-al-berto,Al Berto,https://huggingface.co/datasets/vedastro-org/15000-Famous-People-Birth-Date-Location,public_figure_source_unclassified,,1948-01-11,13:30,timed_public_dataset,,40.211,-8.429,+0000,Male,戊子,needs_ipchun_check,쥐,,requires_solar_term_engine,乙未,癸未,computed_from_public_dataset_time,timed_birth_available_month_requires_solar_term,candidate_pool_with_time_seed_verify_before_final_match,{'rodden': 'AA'}
140,hf-famous-0140-al-blanchard,Al Blanchard,https://huggingface.co/datasets/vedastro-org/15000-Famous-People-Birth-Date-Location,public_figure_source_unclassified,,1945-05-13,21:20,timed_public_dataset,,42.376,-71.239,-0400,Male,乙酉,gregorian_year_ok,닭,,requires_solar_term_engine,壬午,辛亥,computed_from_public_dataset_time,timed_birth_available_month_requires_solar_term,candidate_pool_with_time_seed_verify_before_final_match,{'rodden': 'AA'}
141,hf-famous-0141-al-blozis,Al Blozis,https://huggingface.co/datasets/vedastro-org/15000-Famous-People-Birth-Date-Location,public_figure_source_unclassified,,1919-01-05,19:00,timed_public_dataset,,40.882,-74.109,-0500,Male,己未,needs_ipchun_check,양,,requires_solar_term_engine,丁巳,庚戌,computed_from_public_dataset_time,timed_birth_available_month_requires_solar_term,candidate_pool_with_time_seed_verify_before_final_match,{'rodden': 'AA'}
142,hf-famous-0142-al-checchi,Al Checchi,https://huggingface.co/datasets/vedastro-org/15000-Famous-People-Birth-Date-Location,public_figure_source_unclassified,,1948-06-06,22:04,timed_public_dataset,,42.389,-71.097,-0400,Male,戊子,gregorian_year_ok,쥐,,requires_solar_term_engine,壬戌,辛亥,computed_from_public_dataset_time,timed_birth_available_month_requires_solar_term,candidate_pool_with_time_seed_verify_before_final_match,{'rodden': 'AA'}
143,hf-famous-0143-al-di-meola,Al Di Meola,https://huggingface.co/datasets/vedastro-org/15000-Famous-People-Birth-Date-Location,public_figure_source_unclassified,,1954-07-22,03:45,timed_public_dataset,,40.718,-74.044,-0400,Male,甲午,gregorian_year_ok,말,,requires_solar_term_engine,己卯,丙寅,computed_from_public_dataset_time,timed_birth_available_month_requires_solar_term,candidate_pool_with_time_seed_verify_before_final_match,{'rodden': 'AA'}
144,hf-famous-0144-al-fairweather,Al Fairweather,https://huggingface.co/datasets/vedastro-org/15000-Famous-People-Birth-Date-Location,public_figure_source_unclassified,,1927-06-12,11:30,timed_public_dataset,,55.95,-3.188,+0100,Male,丁卯,gregorian_year_ok,토끼,,requires_solar_term_engine,丁丑,丙午,computed_from_public_dataset_time,timed_birth_available_month_requires_solar_term,candidate_pool_with_time_seed_verify_before_final_match,{'rodden': 'AA'}
145,hf-famous-0145-al-fann,Al Fann,https://huggingface.co/datasets/vedastro-org/15000-Famous-People-Birth-Date-Location,public_figure_source_unclassified,,1925-02-21,12:15,timed_public_dataset,,41.52,-81.556,-0500,Male,乙丑,gregorian_year_ok,소,,requires_solar_term_engine,丙子,甲午,computed_from_public_dataset_time,timed_birth_available_month_requires_solar_term,candidate_pool_with_time_seed_verify_before_final_match,{'rodden': 'AA'}
146,hf-famous-0146-al-geiberger,Al Geiberger,https://huggingface.co/datasets/vedastro-org/15000-Famous-People-Birth-Date-Location,public_figure_source_unclassified,,1937-09-01,04:16,timed_public_dataset,,40.177,-122.234,-0800,Male,丁丑,gregorian_year_ok,소,,requires_solar_term_engine,辛卯,庚寅,computed_from_public_dataset_time,timed_birth_available_month_requires_solar_term,candidate_pool_with_time_seed_verify_before_final_match,{'rodden': 'AA'}
147,hf-famous-0147-al-gore,Al Gore,https://huggingface.co/datasets/vedastro-org/15000-Famous-People-Birth-Date-Location,public_figure_source_unclassified,,1948-03-31,12:53,timed_public_dataset,,38.892,-77.02,-0500,Male,戊子,gregorian_year_ok,쥐,,requires_solar_term_engine,乙卯,壬午,computed_from_public_dataset_time,timed_birth_available_month_requires_solar_term,candidate_pool_with_time_seed_verify_before_final_match,{'rodden': 'AA'}
148,hf-famous-0148-al-jardine,Al Jardine,https://huggingface.co/datasets/vedastro-org/15000-Famous-People-Birth-Date-Location,public_figure_source_unclassified,,1942-09-03,10:14,timed_public_dataset,,40.743,-84.105,-0400,Male,壬午,gregorian_year_ok,말,,requires_solar_term_engine,己未,己巳,computed_from_public_dataset_time,timed_birth_available_month_requires_solar_term,candidate_pool_with_time_seed_verify_before_final_match,{'rodden': 'AA'}
149,hf-famous-0149-al-jarreau,Al Jarreau,https://huggingface.co/datasets/vedastro-org/15000-Famous-People-Birth-Date-Location,public_figure_source_unclassified,,1940-03-12,01:20,timed_public_dataset,,43.041,-87.909,-0600,Male,庚辰,gregorian_year_ok,용,,requires_solar_term_engine,甲寅,乙丑,computed_from_public_dataset_time,timed_birth_available_month_requires_solar_term,candidate_pool_with_time_seed_verify_before_final_match,{'rodden': 'AA'}
150,hf-famous-0150-al-lakeman,Al Lakeman,https://huggingface.co/datasets/vedastro-org/15000-Famous-People-Birth-Date-Location,public_figure_source_unclassified,,1918-12-31,23:45,timed_public_dataset,,39.104,-84.514,-0500,Male,戊午,gregorian_year_ok,말,,requires_solar_term_engine,壬子,庚子,computed_from_public_dataset_time,timed_birth_available_month_requires_solar_term,candidate_pool_with_time_seed_verify_before_final_match,{'rodden': 'AA'}
151,hf-famous-0151-al-nelson,Al Nelson,https://huggingface.co/datasets/vedastro-org/15000-Famous-People-Birth-Date-Location,public_figure_source_unclassified,,1943-10-27,06:20,timed_public_dataset,,39.104,-84.514,-0400,Male,癸未,gregorian_year_ok,양,,requires_solar_term_engine,戊午,乙卯,computed_from_public_dataset_time,timed_birth_available_month_requires_solar_term,candidate_pool_with_time_seed_verify_before_final_match,{'rodden': 'AA'}
152,hf-famous-0152-al-oliver,Al Oliver,https://huggingface.co/datasets/vedastro-org/15000-Famous-People-Birth-Date-Location,public_figure_source_unclassified,,1946-10-14,11:38,timed_public_dataset,,38.74,-82.985,-0500,Male,丙戌,gregorian_year_ok,개,,requires_solar_term_engine,辛酉,甲午,computed_from_public_dataset_time,timed_birth_available_month_requires_solar_term,candidate_pool_with_time_seed_verify_before_final_match,{'rodden': 'AA'}
153,hf-famous-0153-al-pacino,Al Pacino,https://huggingface.co/datasets/vedastro-org/15000-Famous-People-Birth-Date-Location,public_figure_source_unclassified,,1940-04-25,11:02,timed_public_dataset,,40.713,-74.007,-0500,Male,庚辰,gregorian_year_ok,용,,requires_solar_term_engine,戊戌,戊午,computed_from_public_dataset_time,timed_birth_available_month_requires_solar_term,candidate_pool_with_time_seed_verify_before_final_match,{'rodden': 'AA'}
154,hf-famous-0154-al-parker,Al Parker,https://huggingface.co/datasets/vedastro-org/15000-Famous-People-Birth-Date-Location,public_figure_source_unclassified,,1952-06-25,15:13,timed_public_dataset,,42.284,-71.347,-0400,Male,壬辰,gregorian_year_ok,용,,requires_solar_term_engine,壬寅,戊申,computed_from_public_dataset_time,timed_birth_available_month_requires_solar_term,candidate_pool_with_time_seed_verify_before_final_match,{'rodden': 'AA'}
155,hf-famous-0155-al-unser,Al Unser,https://huggingface.co/datasets/vedastro-org/15000-Famous-People-Birth-Date-Location,public_figure_source_unclassified,,1939-05-29,08:10,timed_public_dataset,,35.084,-106.649,-0700,Male,己卯,gregorian_year_ok,토끼,,requires_solar_term_engine,丙寅,壬辰,computed_from_public_dataset_time,timed_birth_available_month_requires_solar_term,candidate_pool_with_time_seed_verify_before_final_match,{'rodden': 'AA'}
156,hf-famous-0156-al-widmar,Al Widmar,https://huggingface.co/datasets/vedastro-org/15000-Famous-People-Birth-Date-Location,public_figure_source_unclassified,,1925-03-20,19:30,timed_public_dataset,,41.505,-81.691,-0500,Male,乙丑,gregorian_year_ok,소,,requires_solar_term_engine,癸卯,壬戌,computed_from_public_dataset_time,timed_birth_available_month_requires_solar_term,candidate_pool_with_time_seed_verify_before_final_match,{'rodden': 'AA'}
157,hf-famous-0157-alain,Alain,https://huggingface.co/datasets/vedastro-org/15000-Famous-People-Birth-Date-Location,public_figure_source_unclassified,,1868-03-03,15:00,timed_public_dataset,,48.521,0.547,+0009,Male,戊辰,gregorian_year_ok,용,,requires_solar_term_engine,戊子,庚申,computed_from_public_dataset_time,timed_birth_available_month_requires_solar_term,candidate_pool_with_time_seed_verify_before_final_match,{'rodden': 'AA'}
158,hf-famous-0158-alain,Alain,https://huggingface.co/datasets/vedastro-org/15000-Famous-People-Birth-Date-Location,public_figure_source_unclassified,,1886-10-03,05:00,timed_public_dataset,,47.363,2.434,+0009,Male,丙戌,gregorian_year_ok,개,,requires_solar_term_engine,丙申,辛卯,computed_from_public_dataset_time,timed_birth_available_month_requires_solar_term,candidate_pool_with_time_seed_verify_before_final_match,{'rodden': 'AA'}
159,hf-famous-0159-alain,Alain,https://huggingface.co/datasets/vedastro-org/15000-Famous-People-Birth-Date-Location,public_figure_source_unclassified,,1994-03-18,14:17,timed_public_dataset,,47.693,2.633,+0100,Male,甲戌,gregorian_year_ok,개,,requires_solar_term_engine,癸卯,己未,computed_from_public_dataset_time,timed_birth_available_month_requires_solar_term,candidate_pool_with_time_seed_verify_before_final_match,{'rodden': 'AA'}
160,hf-famous-0160-alain,Alain,https://huggingface.co/datasets/vedastro-org/15000-Famous-People-Birth-Date-Location,public_figure_source_unclassified,,2000-01-01,00:00,timed_public_dataset,,4.59,101.0,+0800,Male,庚辰,needs_ipchun_check,용,,requires_solar_term_engine,戊午,壬子,computed_from_public_dataset_time,timed_birth_available_month_requires_solar_term,candidate_pool_with_time_seed_verify_before_final_match,{'rodden': 'AA'}
161,hf-famous-0161-alain-bailhache,Alain Bailhache,https://huggingface.co/datasets/vedastro-org/15000-Famous-People-Birth-Date-Location,public_figure_source_unclassified,,1937-11-27,12:00,timed_public_dataset,,46.169,1.869,+0000,Male,丁丑,gregorian_year_ok,소,,requires_solar_term_engine,戊午,戊午,computed_from_public_dataset_time,timed_birth_available_month_requires_solar_term,candidate_pool_with_time_seed_verify_before_final_match,{'rodden': 'AA'}
162,hf-famous-0162-alain-baran,Alain Baran,https://huggingface.co/datasets/vedastro-org/15000-Famous-People-Birth-Date-Location,public_figure_source_unclassified,,1951-02-04,15:20,timed_public_dataset,,50.846,4.356,+0100,Male,辛卯,needs_ipchun_check,토끼,,requires_solar_term_engine,乙亥,甲申,computed_from_public_dataset_time,timed_birth_available_month_requires_solar_term,candidate_pool_with_time_seed_verify_before_final_match,{'rodden': 'AA'}
163,hf-famous-0163-alain-bashung,Alain Bashung,https://huggingface.co/datasets/vedastro-org/15000-Famous-People-Birth-Date-Location,public_figure_source_unclassified,,1947-12-01,09:55,timed_public_dataset,,48.857,2.351,+0100,Male,丁亥,gregorian_year_ok,돼지,,requires_solar_term_engine,甲寅,己巳,computed_from_public_dataset_time,timed_birth_available_month_requires_solar_term,candidate_pool_with_time_seed_verify_before_final_match,{'rodden': 'AA'}
164,hf-famous-0164-alain-bernard,Alain Bernard,https://huggingface.co/datasets/vedastro-org/15000-Famous-People-Birth-Date-Location,public_figure_source_unclassified,,1983-05-01,06:05,timed_public_dataset,,43.293,5.57,+0200,Male,癸亥,gregorian_year_ok,돼지,,requires_solar_term_engine,己丑,丁卯,computed_from_public_dataset_time,timed_birth_available_month_requires_solar_term,candidate_pool_with_time_seed_verify_before_final_match,{'rodden': 'AA'}
165,hf-famous-0165-alain-besancon,Alain Besancon,https://huggingface.co/datasets/vedastro-org/15000-Famous-People-Birth-Date-Location,public_figure_source_unclassified,,1932-04-25,20:30,timed_public_dataset,,48.857,2.351,+0100,Male,壬申,gregorian_year_ok,원숭이,,requires_solar_term_engine,丙辰,戊戌,computed_from_public_dataset_time,timed_birth_available_month_requires_solar_term,candidate_pool_with_time_seed_verify_before_final_match,{'rodden': 'AA'}
166,hf-famous-0166-alain-binard,Alain Binard,https://huggingface.co/datasets/vedastro-org/15000-Famous-People-Birth-Date-Location,public_figure_source_unclassified,,1947-10-07,01:30,timed_public_dataset,,49.638,-1.624,+0100,Male,丁亥,gregorian_year_ok,돼지,,requires_solar_term_engine,己未,乙丑,computed_from_public_dataset_time,timed_birth_available_month_requires_solar_term,candidate_pool_with_time_seed_verify_before_final_match,{'rodden': 'AA'}
167,hf-famous-0167-alain-blondel,Alain Blondel,https://huggingface.co/datasets/vedastro-org/15000-Famous-People-Birth-Date-Location,public_figure_source_unclassified,,1962-12-07,18:55,timed_public_dataset,,49.43,1.053,+0100,Male,壬寅,gregorian_year_ok,호랑이,,requires_solar_term_engine,己卯,癸酉,computed_from_public_dataset_time,timed_birth_available_month_requires_solar_term,candidate_pool_with_time_seed_verify_before_final_match,{'rodden': 'AA'}
168,hf-famous-0168-alain-bougrain,Alain Bougrain,https://huggingface.co/datasets/vedastro-org/15000-Famous-People-Birth-Date-Location,public_figure_source_unclassified,,1948-08-17,15:35,timed_public_dataset,,48.857,2.351,+0100,Male,戊子,gregorian_year_ok,쥐,,requires_solar_term_engine,甲戌,壬申,computed_from_public_dataset_time,timed_birth_available_month_requires_solar_term,candidate_pool_with_time_seed_verify_before_final_match,{'rodden': 'AA'}
169,hf-famous-0169-alain-boullet,Alain Boullet,https://huggingface.co/datasets/vedastro-org/15000-Famous-People-Birth-Date-Location,public_figure_source_unclassified,,1946-08-21,03:45,timed_public_dataset,,48.974,2.347,+0100,Male,丙戌,gregorian_year_ok,개,,requires_solar_term_engine,丁卯,壬寅,computed_from_public_dataset_time,timed_birth_available_month_requires_solar_term,candidate_pool_with_time_seed_verify_before_final_match,{'rodden': 'AA'}
170,hf-famous-0170-alain-b-jart,Alain Béjart,https://huggingface.co/datasets/vedastro-org/15000-Famous-People-Birth-Date-Location,public_figure_source_unclassified,,1946-05-18,03:45,timed_public_dataset,,43.295,5.374,+0100,Male,丙戌,gregorian_year_ok,개,,requires_solar_term_engine,壬辰,壬寅,computed_from_public_dataset_time,timed_birth_available_month_requires_solar_term,candidate_pool_with_time_seed_verify_before_final_match,{'rodden': 'AA'}
171,hf-famous-0171-alain-carpentier,Alain Carpentier,https://huggingface.co/datasets/vedastro-org/15000-Famous-People-Birth-Date-Location,public_figure_source_unclassified,,1933-08-11,00:15,timed_public_dataset,,43.604,1.445,+0100,Male,癸酉,gregorian_year_ok,닭,,requires_solar_term_engine,己酉,甲子,computed_from_public_dataset_time,timed_birth_available_month_requires_solar_term,candidate_pool_with_time_seed_verify_before_final_match,{'rodden': 'AA'}
172,hf-famous-0172-alain-chabat,Alain Chabat,https://huggingface.co/datasets/vedastro-org/15000-Famous-People-Birth-Date-Location,public_figure_source_unclassified,,1958-11-24,01:30,timed_public_dataset,,35.699,-0.632,+0100,Male,戊戌,gregorian_year_ok,개,,requires_solar_term_engine,乙巳,丁丑,computed_from_public_dataset_time,timed_birth_available_month_requires_solar_term,candidate_pool_with_time_seed_verify_before_final_match,{'rodden': 'AA'}
173,hf-famous-0173-alain-chamfort,Alain Chamfort,https://huggingface.co/datasets/vedastro-org/15000-Famous-People-Birth-Date-Location,public_figure_source_unclassified,,1949-03-02,12:15,timed_public_dataset,,48.857,2.351,+0100,Male,己丑,gregorian_year_ok,소,,requires_solar_term_engine,辛卯,甲午,computed_from_public_dataset_time,timed_birth_available_month_requires_solar_term,candidate_pool_with_time_seed_verify_before_final_match,{'rodden': 'AA'}
174,hf-famous-0174-alain-chapel,Alain Chapel,https://huggingface.co/datasets/vedastro-org/15000-Famous-People-Birth-Date-Location,public_figure_source_unclassified,,1937-12-30,15:50,timed_public_dataset,,45.767,4.834,+0000,Male,丁丑,gregorian_year_ok,소,,requires_solar_term_engine,辛卯,丙申,computed_from_public_dataset_time,timed_birth_available_month_requires_solar_term,candidate_pool_with_time_seed_verify_before_final_match,{'rodden': 'AA'}
175,hf-famous-0175-alain-corneau,Alain Corneau,https://huggingface.co/datasets/vedastro-org/15000-Famous-People-Birth-Date-Location,public_figure_source_unclassified,,1943-08-07,02:15,timed_public_dataset,,47.901,1.904,+0200,Male,癸未,gregorian_year_ok,양,,requires_solar_term_engine,丁酉,辛丑,computed_from_public_dataset_time,timed_birth_available_month_requires_solar_term,candidate_pool_with_time_seed_verify_before_final_match,{'rodden': 'AA'}
176,hf-famous-0176-alain-cuny,Alain Cuny,https://huggingface.co/datasets/vedastro-org/15000-Famous-People-Birth-Date-Location,public_figure_source_unclassified,,1908-07-12,12:00,timed_public_dataset,,48.648,-2.026,+0009,Male,戊申,gregorian_year_ok,원숭이,,requires_solar_term_engine,戊辰,戊午,computed_from_public_dataset_time,timed_birth_available_month_requires_solar_term,candidate_pool_with_time_seed_verify_before_final_match,{'rodden': 'AA'}
177,hf-famous-0177-alain-decaux,Alain Decaux,https://huggingface.co/datasets/vedastro-org/15000-Famous-People-Birth-Date-Location,public_figure_source_unclassified,,1925-07-23,02:15,timed_public_dataset,,50.631,3.063,+0100,Male,乙丑,gregorian_year_ok,소,,requires_solar_term_engine,戊申,癸丑,computed_from_public_dataset_time,timed_birth_available_month_requires_solar_term,candidate_pool_with_time_seed_verify_before_final_match,{'rodden': 'AA'}
178,hf-famous-0178-alain-delon,Alain Delon,https://huggingface.co/datasets/vedastro-org/15000-Famous-People-Birth-Date-Location,public_figure_source_unclassified,,1935-11-08,03:25,timed_public_dataset,,48.779,2.291,+0000,Male,乙亥,gregorian_year_ok,돼지,,requires_solar_term_engine,戊子,甲寅,computed_from_public_dataset_time,timed_birth_available_month_requires_solar_term,candidate_pool_with_time_seed_verify_before_final_match,{'rodden': 'AA'}
179,hf-famous-0179-alain-ducasse,Alain Ducasse,https://huggingface.co/datasets/vedastro-org/15000-Famous-People-Birth-Date-Location,public_figure_source_unclassified,,1956-09-13,15:00,timed_public_dataset,,43.488,-0.773,+0100,Male,丙申,gregorian_year_ok,원숭이,,requires_solar_term_engine,癸未,庚申,computed_from_public_dataset_time,timed_birth_available_month_requires_solar_term,candidate_pool_with_time_seed_verify_before_final_match,{'rodden': 'AA'}
180,hf-famous-0180-alain-escada,Alain Escada,https://huggingface.co/datasets/vedastro-org/15000-Famous-People-Birth-Date-Location,public_figure_source_unclassified,,1970-05-16,11:15,timed_public_dataset,,50.846,4.356,+0100,Male,庚戌,gregorian_year_ok,개,,requires_solar_term_engine,丙申,甲午,computed_from_public_dataset_time,timed_birth_available_month_requires_solar_term,candidate_pool_with_time_seed_verify_before_final_match,{'rodden': 'AA'}
181,hf-famous-0181-alain-feutrier,Alain Feutrier,https://huggingface.co/datasets/vedastro-org/15000-Famous-People-Birth-Date-Location,public_figure_source_unclassified,,1968-02-16,02:10,timed_public_dataset,,45.277,6.345,+0100,Male,戊申,gregorian_year_ok,원숭이,,requires_solar_term_engine,丙辰,己丑,computed_from_public_dataset_time,timed_birth_available_month_requires_solar_term,candidate_pool_with_time_seed_verify_before_final_match,{'rodden': 'AA'}
182,hf-famous-0182-alain-feydeau,Alain Feydeau,https://huggingface.co/datasets/vedastro-org/15000-Famous-People-Birth-Date-Location,public_figure_source_unclassified,,1934-07-21,15:45,timed_public_dataset,,48.834,2.243,+0100,Male,甲戌,gregorian_year_ok,개,,requires_solar_term_engine,癸巳,庚申,computed_from_public_dataset_time,timed_birth_available_month_requires_solar_term,candidate_pool_with_time_seed_verify_before_final_match,{'rodden': 'AA'}
183,hf-famous-0183-alain-finkielkraut,Alain Finkielkraut,https://huggingface.co/datasets/vedastro-org/15000-Famous-People-Birth-Date-Location,public_figure_source_unclassified,,1949-06-30,01:15,timed_public_dataset,,48.857,2.351,+0100,Male,己丑,gregorian_year_ok,소,,requires_solar_term_engine,辛卯,己丑,computed_from_public_dataset_time,timed_birth_available_month_requires_solar_term,candidate_pool_with_time_seed_verify_before_final_match,{'rodden': 'AA'}
184,hf-famous-0184-alain-fran-ois-savary,Alain François Savary,https://huggingface.co/datasets/vedastro-org/15000-Famous-People-Birth-Date-Location,public_figure_source_unclassified,,1918-04-25,00:30,timed_public_dataset,,36.772,3.052,+0100,Male,戊午,gregorian_year_ok,말,,requires_solar_term_engine,壬寅,庚子,computed_from_public_dataset_time,timed_birth_available_month_requires_solar_term,candidate_pool_with_time_seed_verify_before_final_match,{'rodden': 'AA'}
185,hf-famous-0185-alain-garcia,Alain Garcia,https://huggingface.co/datasets/vedastro-org/15000-Famous-People-Birth-Date-Location,public_figure_source_unclassified,,1942-05-04,12:00,timed_public_dataset,,36.644,2.691,+0100,Male,壬午,gregorian_year_ok,말,,requires_solar_term_engine,丁巳,丙午,computed_from_public_dataset_time,timed_birth_available_month_requires_solar_term,candidate_pool_with_time_seed_verify_before_final_match,{'rodden': 'AA'}
186,hf-famous-0186-alain-geismar,Alain Geismar,https://huggingface.co/datasets/vedastro-org/15000-Famous-People-Birth-Date-Location,public_figure_source_unclassified,,1939-07-17,20:20,timed_public_dataset,,48.857,2.351,+0100,Male,己卯,gregorian_year_ok,토끼,,requires_solar_term_engine,乙卯,丙戌,computed_from_public_dataset_time,timed_birth_available_month_requires_solar_term,candidate_pool_with_time_seed_verify_before_final_match,{'rodden': 'AA'}
187,hf-famous-0187-alain-giletti,Alain Giletti,https://huggingface.co/datasets/vedastro-org/15000-Famous-People-Birth-Date-Location,public_figure_source_unclassified,,1939-09-11,07:45,timed_public_dataset,,46.205,5.226,+0100,Male,己卯,gregorian_year_ok,토끼,,requires_solar_term_engine,辛亥,壬辰,computed_from_public_dataset_time,timed_birth_available_month_requires_solar_term,candidate_pool_with_time_seed_verify_before_final_match,{'rodden': 'AA'}
188,hf-famous-0188-alain-gillot,Alain Gillot,https://huggingface.co/datasets/vedastro-org/15000-Famous-People-Birth-Date-Location,public_figure_source_unclassified,,1950-06-16,17:00,timed_public_dataset,,48.802,2.13,+0100,Male,庚寅,gregorian_year_ok,호랑이,,requires_solar_term_engine,壬午,己酉,computed_from_public_dataset_time,timed_birth_available_month_requires_solar_term,candidate_pool_with_time_seed_verify_before_final_match,{'rodden': 'AA'}
189,hf-famous-0189-alain-girard,Alain Girard,https://huggingface.co/datasets/vedastro-org/15000-Famous-People-Birth-Date-Location,public_figure_source_unclassified,,1914-03-13,11:30,timed_public_dataset,,48.857,2.351,+0000,Male,甲寅,gregorian_year_ok,호랑이,,requires_solar_term_engine,戊戌,戊午,computed_from_public_dataset_time,timed_birth_available_month_requires_solar_term,candidate_pool_with_time_seed_verify_before_final_match,{'rodden': 'AA'}
190,hf-famous-0190-alain-giresse,Alain Giresse,https://huggingface.co/datasets/vedastro-org/15000-Famous-People-Birth-Date-Location,public_figure_source_unclassified,,1952-08-02,14:00,timed_public_dataset,,44.709,-0.401,+0100,Male,壬辰,gregorian_year_ok,용,,requires_solar_term_engine,庚辰,癸未,computed_from_public_dataset_time,timed_birth_available_month_requires_solar_term,candidate_pool_with_time_seed_verify_before_final_match,{'rodden': 'AA'}
191,hf-famous-0191-alain-goffin,Alain Goffin,https://huggingface.co/datasets/vedastro-org/15000-Famous-People-Birth-Date-Location,public_figure_source_unclassified,,1956-08-15,01:35,timed_public_dataset,,50.828,4.372,+0100,Male,丙申,gregorian_year_ok,원숭이,,requires_solar_term_engine,甲寅,乙丑,computed_from_public_dataset_time,timed_birth_available_month_requires_solar_term,candidate_pool_with_time_seed_verify_before_final_match,{'rodden': 'AA'}
192,hf-famous-0192-alain-had-s,Alain Hadès,https://huggingface.co/datasets/vedastro-org/15000-Famous-People-Birth-Date-Location,public_figure_source_unclassified,,1931-11-06,16:20,timed_public_dataset,,48.899,2.094,+0000,Male,辛未,gregorian_year_ok,양,,requires_solar_term_engine,乙丑,甲申,computed_from_public_dataset_time,timed_birth_available_month_requires_solar_term,candidate_pool_with_time_seed_verify_before_final_match,{'rodden': 'AA'}
193,hf-famous-0193-alain-jean-assailly,Alain Jean Assailly,https://huggingface.co/datasets/vedastro-org/15000-Famous-People-Birth-Date-Location,public_figure_source_unclassified,,2000-01-01,00:00,timed_public_dataset,,4.59,101.0,+0800,Male,庚辰,needs_ipchun_check,용,,requires_solar_term_engine,戊午,壬子,computed_from_public_dataset_time,timed_birth_available_month_requires_solar_term,candidate_pool_with_time_seed_verify_before_final_match,{'rodden': 'AA'}
194,hf-famous-0194-alain-jessua,Alain Jessua,https://huggingface.co/datasets/vedastro-org/15000-Famous-People-Birth-Date-Location,public_figure_source_unclassified,,1932-01-16,16:30,timed_public_dataset,,48.857,2.351,+0000,Male,壬申,needs_ipchun_check,원숭이,,requires_solar_term_engine,丙子,丙申,computed_from_public_dataset_time,timed_birth_available_month_requires_solar_term,candidate_pool_with_time_seed_verify_before_final_match,{'rodden': 'AA'}
195,hf-famous-0195-alain-jupp,Alain Juppé,https://huggingface.co/datasets/vedastro-org/15000-Famous-People-Birth-Date-Location,public_figure_source_unclassified,,1945-08-15,04:00,timed_public_dataset,,43.891,-0.498,+0200,Male,乙酉,gregorian_year_ok,닭,,requires_solar_term_engine,丙辰,庚寅,computed_from_public_dataset_time,timed_birth_available_month_requires_solar_term,candidate_pool_with_time_seed_verify_before_final_match,{'rodden': 'AA'}
196,hf-famous-0196-alain-lancelot,Alain Lancelot,https://huggingface.co/datasets/vedastro-org/15000-Famous-People-Birth-Date-Location,public_figure_source_unclassified,,1937-01-12,21:30,timed_public_dataset,,46.198,6.185,+0100,Male,丁丑,needs_ipchun_check,소,,requires_solar_term_engine,己亥,乙亥,computed_from_public_dataset_time,timed_birth_available_month_requires_solar_term,candidate_pool_with_time_seed_verify_before_final_match,{'rodden': 'AA'}
197,hf-famous-0197-alain-lecointe,Alain Lecointe,https://huggingface.co/datasets/vedastro-org/15000-Famous-People-Birth-Date-Location,public_figure_source_unclassified,,1948-10-17,07:50,timed_public_dataset,,49.493,0.106,+0100,Male,戊子,gregorian_year_ok,쥐,,requires_solar_term_engine,乙亥,庚辰,computed_from_public_dataset_time,timed_birth_available_month_requires_solar_term,candidate_pool_with_time_seed_verify_before_final_match,{'rodden': 'AA'}
198,hf-famous-0198-alain-lemyse,Alain Lemyse,https://huggingface.co/datasets/vedastro-org/15000-Famous-People-Birth-Date-Location,public_figure_source_unclassified,,1931-11-06,09:30,timed_public_dataset,,50.691,3.173,+0000,Male,辛未,gregorian_year_ok,양,,requires_solar_term_engine,乙丑,辛巳,computed_from_public_dataset_time,timed_birth_available_month_requires_solar_term,candidate_pool_with_time_seed_verify_before_final_match,{'rodden': 'AA'}
199,hf-famous-0199-alain-lipietz,Alain Lipietz,https://huggingface.co/datasets/vedastro-org/15000-Famous-People-Birth-Date-Location,public_figure_source_unclassified,,1947-09-19,15:00,timed_public_dataset,,48.826,2.407,+0100,Male,丁亥,gregorian_year_ok,돼지,,requires_solar_term_engine,辛丑,丙申,computed_from_public_dataset_time,timed_birth_available_month_requires_solar_term,candidate_pool_with_time_seed_verify_before_final_match,{'rodden': 'AA'}
200,hf-famous-0200-alain-penaud,Alain Penaud,https://huggingface.co/datasets/vedastro-org/15000-Famous-People-Birth-Date-Location,public_figure_source_unclassified,,1969-07-19,06:30,timed_public_dataset,,45.159,1.533,+0100,Male,己酉,gregorian_year_ok,닭,,requires_solar_term_engine,乙未,己卯,computed_from_public_dataset_time,timed_birth_available_month_requires_solar_term,candidate_pool_with_time_seed_verify_before_final_match,{'rodden': 'AA'}
201,hf-famous-0201-alain-peyrefitte,Alain Peyrefitte,https://huggingface.co/datasets/vedastro-org/15000-Famous-People-Birth-Date-Location,public_figure_source_unclassified,,1925-08-26,10:00,timed_public_dataset,,44.22,1.979,+0100,Male,乙丑,gregorian_year_ok,소,,requires_solar_term_engine,壬午,乙巳,computed_from_public_dataset_time,timed_birth_available_month_requires_solar_term,candidate_pool_with_time_seed_verify_before_final_match,{'rodden': 'AA'}
202,hf-famous-0202-alain-poher,Alain Poher,https://huggingface.co/datasets/vedastro-org/15000-Famous-People-Birth-Date-Location,public_figure_source_unclassified,,1909-04-17,08:00,timed_public_dataset,,48.722,2.418,+0009,Male,己酉,gregorian_year_ok,닭,,requires_solar_term_engine,丁未,甲辰,computed_from_public_dataset_time,timed_birth_available_month_requires_solar_term,candidate_pool_with_time_seed_verify_before_final_match,{'rodden': 'AA'}
203,hf-famous-0203-alain-poir,Alain Poiré,https://huggingface.co/datasets/vedastro-org/15000-Famous-People-Birth-Date-Location,public_figure_source_unclassified,,1917-02-13,04:00,timed_public_dataset,,48.857,2.351,+0000,Male,丁巳,gregorian_year_ok,뱀,,requires_solar_term_engine,丙戌,庚寅,computed_from_public_dataset_time,timed_birth_available_month_requires_solar_term,candidate_pool_with_time_seed_verify_before_final_match,{'rodden': 'AA'}
204,hf-famous-0204-alain-prost,Alain Prost,https://huggingface.co/datasets/vedastro-org/15000-Famous-People-Birth-Date-Location,public_figure_source_unclassified,,1955-02-24,11:45,timed_public_dataset,,45.515,4.582,+0100,Male,乙未,gregorian_year_ok,양,,requires_solar_term_engine,丙辰,甲午,computed_from_public_dataset_time,timed_birth_available_month_requires_solar_term,candidate_pool_with_time_seed_verify_before_final_match,{'rodden': 'AA'}
205,hf-famous-0205-alain-resnais,Alain Resnais,https://huggingface.co/datasets/vedastro-org/15000-Famous-People-Birth-Date-Location,public_figure_source_unclassified,,1922-06-03,20:15,timed_public_dataset,,47.655,-2.76,+0100,Male,壬戌,gregorian_year_ok,개,,requires_solar_term_engine,壬寅,庚戌,computed_from_public_dataset_time,timed_birth_available_month_requires_solar_term,candidate_pool_with_time_seed_verify_before_final_match,{'rodden': 'AA'}
206,hf-famous-0206-alain-rey,Alain Rey,https://huggingface.co/datasets/vedastro-org/15000-Famous-People-Birth-Date-Location,public_figure_source_unclassified,,1974-09-10,22:16,timed_public_dataset,,46.178,6.869,+0100,Male,甲寅,gregorian_year_ok,호랑이,,requires_solar_term_engine,甲寅,乙亥,computed_from_public_dataset_time,timed_birth_available_month_requires_solar_term,candidate_pool_with_time_seed_verify_before_final_match,{'rodden': 'AA'}
207,hf-famous-0207-alain-robbe,Alain Robbe,https://huggingface.co/datasets/vedastro-org/15000-Famous-People-Birth-Date-Location,public_figure_source_unclassified,,1922-08-18,07:30,timed_public_dataset,,48.39,-4.487,+0100,Male,壬戌,gregorian_year_ok,개,,requires_solar_term_engine,戊午,丙辰,computed_from_public_dataset_time,timed_birth_available_month_requires_solar_term,candidate_pool_with_time_seed_verify_before_final_match,{'rodden': 'AA'}
208,hf-famous-0208-alain-robert,Alain Robert,https://huggingface.co/datasets/vedastro-org/15000-Famous-People-Birth-Date-Location,public_figure_source_unclassified,,1962-08-07,06:00,timed_public_dataset,,46.481,3.978,+0100,Male,壬寅,gregorian_year_ok,호랑이,,requires_solar_term_engine,丁丑,癸卯,computed_from_public_dataset_time,timed_birth_available_month_requires_solar_term,candidate_pool_with_time_seed_verify_before_final_match,{'rodden': 'AA'}
209,hf-famous-0209-alain-senderens,Alain Senderens,https://huggingface.co/datasets/vedastro-org/15000-Famous-People-Birth-Date-Location,public_figure_source_unclassified,,1939-12-02,10:30,timed_public_dataset,,43.12,6.129,+0000,Male,己卯,gregorian_year_ok,토끼,,requires_solar_term_engine,癸酉,丁巳,computed_from_public_dataset_time,timed_birth_available_month_requires_solar_term,candidate_pool_with_time_seed_verify_before_final_match,{'rodden': 'AA'}
210,hf-famous-0210-alain-souchon,Alain Souchon,https://huggingface.co/datasets/vedastro-org/15000-Famous-People-Birth-Date-Location,public_figure_source_unclassified,,1944-05-27,07:00,timed_public_dataset,,33.596,-7.615,+0100,Male,甲申,gregorian_year_ok,원숭이,,requires_solar_term_engine,辛卯,壬辰,computed_from_public_dataset_time,timed_birth_available_month_requires_solar_term,candidate_pool_with_time_seed_verify_before_final_match,{'rodden': 'AA'}
211,hf-famous-0211-alain-toutain,Alain Toutain,https://huggingface.co/datasets/vedastro-org/15000-Famous-People-Birth-Date-Location,public_figure_source_unclassified,,1947-03-09,12:00,timed_public_dataset,,49.547,0.956,+0100,Male,丁亥,gregorian_year_ok,돼지,,requires_solar_term_engine,丁亥,丙午,computed_from_public_dataset_time,timed_birth_available_month_requires_solar_term,candidate_pool_with_time_seed_verify_before_final_match,{'rodden': 'AA'}
212,hf-famous-0212-alain-trautman,Alain Trautman,https://huggingface.co/datasets/vedastro-org/15000-Famous-People-Birth-Date-Location,public_figure_source_unclassified,,1948-12-26,22:40,timed_public_dataset,,48.82,7.791,+0100,Male,戊子,gregorian_year_ok,쥐,,requires_solar_term_engine,乙酉,丁亥,computed_from_public_dataset_time,timed_birth_available_month_requires_solar_term,candidate_pool_with_time_seed_verify_before_final_match,{'rodden': 'AA'}
213,hf-famous-0213-alain-vareille,Alain Vareille,https://huggingface.co/datasets/vedastro-org/15000-Famous-People-Birth-Date-Location,public_figure_source_unclassified,,1956-05-03,07:45,timed_public_dataset,,48.802,2.13,+0100,Male,丙申,gregorian_year_ok,원숭이,,requires_solar_term_engine,庚午,庚辰,computed_from_public_dataset_time,timed_birth_available_month_requires_solar_term,candidate_pool_with_time_seed_verify_before_final_match,{'rodden': 'AA'}
214,hf-famous-0214-alaina-reed-hall,Alaina Reed Hall,https://huggingface.co/datasets/vedastro-org/15000-Famous-People-Birth-Date-Location,public_figure_source_unclassified,,1946-11-10,18:00,timed_public_dataset,,39.925,-83.81,-0500,Female,丙戌,gregorian_year_ok,개,,requires_solar_term_engine,戊子,辛酉,computed_from_public_dataset_time,timed_birth_available_month_requires_solar_term,candidate_pool_with_time_seed_verify_before_final_match,{'rodden': 'AA'}
215,hf-famous-0215-alain-de-boissieu,Alain de Boissieu,https://huggingface.co/datasets/vedastro-org/15000-Famous-People-Birth-Date-Location,public_figure_source_unclassified,,1914-07-05,07:00,timed_public_dataset,,48.444,1.484,+0000,Male,甲寅,gregorian_year_ok,호랑이,,requires_solar_term_engine,壬辰,甲辰,computed_from_public_dataset_time,timed_birth_available_month_requires_solar_term,candidate_pool_with_time_seed_verify_before_final_match,{'rodden': 'AA'}
216,hf-famous-0216-alan-arkin,Alan Arkin,https://huggingface.co/datasets/vedastro-org/15000-Famous-People-Birth-Date-Location,public_figure_source_unclassified,,1934-03-26,04:17,timed_public_dataset,,40.713,-74.007,-0500,Male,甲戌,gregorian_year_ok,개,,requires_solar_term_engine,丙申,庚寅,computed_from_public_dataset_time,timed_birth_available_month_requires_solar_term,candidate_pool_with_time_seed_verify_before_final_match,{'rodden': 'AA'}
217,hf-famous-0217-alan-bean,Alan Bean,https://huggingface.co/datasets/vedastro-org/15000-Famous-People-Birth-Date-Location,public_figure_source_unclassified,,1932-03-15,15:10,timed_public_dataset,,35.445,-100.272,-0600,Male,壬申,gregorian_year_ok,원숭이,,requires_solar_term_engine,乙亥,甲申,computed_from_public_dataset_time,timed_birth_available_month_requires_solar_term,candidate_pool_with_time_seed_verify_before_final_match,{'rodden': 'AA'}
218,hf-famous-0218-alan-bilzerian,Alan Bilzerian,https://huggingface.co/datasets/vedastro-org/15000-Famous-People-Birth-Date-Location,public_figure_source_unclassified,,1944-03-30,10:17,timed_public_dataset,,42.262,-71.802,-0400,Male,甲申,gregorian_year_ok,원숭이,,requires_solar_term_engine,癸巳,丁巳,computed_from_public_dataset_time,timed_birth_available_month_requires_solar_term,candidate_pool_with_time_seed_verify_before_final_match,{'rodden': 'AA'}
219,hf-famous-0219-alan-cranston,Alan Cranston,https://huggingface.co/datasets/vedastro-org/15000-Famous-People-Birth-Date-Location,public_figure_source_unclassified,,1914-06-19,07:00,timed_public_dataset,,37.445,-122.16,-0800,Male,甲寅,gregorian_year_ok,호랑이,,requires_solar_term_engine,丙子,壬辰,computed_from_public_dataset_time,timed_birth_available_month_requires_solar_term,candidate_pool_with_time_seed_verify_before_final_match,{'rodden': 'AA'}
220,hf-famous-0220-alan-cumming,Alan Cumming,https://huggingface.co/datasets/vedastro-org/15000-Famous-People-Birth-Date-Location,public_figure_source_unclassified,,1965-01-27,08:20,timed_public_dataset,,56.62,-3.865,+0000,Male,乙巳,needs_ipchun_check,뱀,,requires_solar_term_engine,辛巳,壬辰,computed_from_public_dataset_time,timed_birth_available_month_requires_solar_term,candidate_pool_with_time_seed_verify_before_final_match,{'rodden': 'AA'}
221,hf-famous-0221-alan-d-ameche,Alan D. Ameche,https://huggingface.co/datasets/vedastro-org/15000-Famous-People-Birth-Date-Location,public_figure_source_unclassified,,1933-06-01,20:00,timed_public_dataset,,42.588,-87.823,-0500,Male,癸酉,gregorian_year_ok,닭,,requires_solar_term_engine,戊戌,壬戌,computed_from_public_dataset_time,timed_birth_available_month_requires_solar_term,candidate_pool_with_time_seed_verify_before_final_match,{'rodden': 'AA'}
222,hf-famous-0222-alan-dershowitz,Alan Dershowitz,https://huggingface.co/datasets/vedastro-org/15000-Famous-People-Birth-Date-Location,public_figure_source_unclassified,,1938-09-01,23:28,timed_public_dataset,,40.713,-74.007,-0400,Male,戊寅,gregorian_year_ok,호랑이,,requires_solar_term_engine,丙申,戊子,computed_from_public_dataset_time,timed_birth_available_month_requires_solar_term,candidate_pool_with_time_seed_verify_before_final_match,{'rodden': 'AA'}
223,hf-famous-0223-alan-francis-brooke,Alan Francis Brooke,https://huggingface.co/datasets/vedastro-org/15000-Famous-People-Birth-Date-Location,public_figure_source_unclassified,,1883-07-23,02:00,timed_public_dataset,,43.065,0.15,+0009,Male,癸未,gregorian_year_ok,양,,requires_solar_term_engine,戊辰,癸丑,computed_from_public_dataset_time,timed_birth_available_month_requires_solar_term,candidate_pool_with_time_seed_verify_before_final_match,{'rodden': 'AA'}
224,hf-famous-0224-alan-gorrie,Alan Gorrie,https://huggingface.co/datasets/vedastro-org/15000-Famous-People-Birth-Date-Location,public_figure_source_unclassified,,1946-07-19,09:00,timed_public_dataset,,56.395,-3.435,+0100,Male,丙戌,gregorian_year_ok,개,,requires_solar_term_engine,甲午,己巳,computed_from_public_dataset_time,timed_birth_available_month_requires_solar_term,candidate_pool_with_time_seed_verify_before_final_match,{'rodden': 'AA'}
225,hf-famous-0225-alan-harvey-guth,Alan Harvey Guth,https://huggingface.co/datasets/vedastro-org/15000-Famous-People-Birth-Date-Location,public_figure_source_unclassified,,1947-02-27,11:37,timed_public_dataset,,40.511,-74.269,-0500,Male,丁亥,gregorian_year_ok,돼지,,requires_solar_term_engine,丁丑,丙午,computed_from_public_dataset_time,timed_birth_available_month_requires_solar_term,candidate_pool_with_time_seed_verify_before_final_match,{'rodden': 'AA'}
226,hf-famous-0226-alan-kay,Alan Kay,https://huggingface.co/datasets/vedastro-org/15000-Famous-People-Birth-Date-Location,public_figure_source_unclassified,,1940-05-17,11:56,timed_public_dataset,,42.102,-72.586,-0400,Male,庚辰,gregorian_year_ok,용,,requires_solar_term_engine,庚申,壬午,computed_from_public_dataset_time,timed_birth_available_month_requires_solar_term,candidate_pool_with_time_seed_verify_before_final_match,{'rodden': 'AA'}
227,hf-famous-0227-alan-ladd-jr,Alan Ladd Jr.,https://huggingface.co/datasets/vedastro-org/15000-Famous-People-Birth-Date-Location,public_figure_source_unclassified,,1937-10-22,23:50,timed_public_dataset,,34.052,-118.243,-0800,Male,丁丑,gregorian_year_ok,소,,requires_solar_term_engine,壬午,庚子,computed_from_public_dataset_time,timed_birth_available_month_requires_solar_term,candidate_pool_with_time_seed_verify_before_final_match,{'rodden': 'AA'}
228,hf-famous-0228-alan-longmuir,Alan Longmuir,https://huggingface.co/datasets/vedastro-org/15000-Famous-People-Birth-Date-Location,public_figure_source_unclassified,,1948-06-20,23:35,timed_public_dataset,,55.95,-3.188,+0100,Male,戊子,gregorian_year_ok,쥐,,requires_solar_term_engine,丙子,戊子,computed_from_public_dataset_time,timed_birth_available_month_requires_solar_term,candidate_pool_with_time_seed_verify_before_final_match,{'rodden': 'AA'}
229,hf-famous-0229-alan-macnaughtan,Alan MacNaughtan,https://huggingface.co/datasets/vedastro-org/15000-Famous-People-Birth-Date-Location,public_figure_source_unclassified,,1920-03-04,11:30,timed_public_dataset,,55.919,-4.334,+0000,Male,庚申,gregorian_year_ok,원숭이,,requires_solar_term_engine,辛酉,甲午,computed_from_public_dataset_time,timed_birth_available_month_requires_solar_term,candidate_pool_with_time_seed_verify_before_final_match,{'rodden': 'AA'}
230,hf-famous-0230-alan-mcgee,Alan McGee,https://huggingface.co/datasets/vedastro-org/15000-Famous-People-Birth-Date-Location,public_figure_source_unclassified,,1960-09-29,19:40,timed_public_dataset,,55.866,-4.257,+0100,Male,庚子,gregorian_year_ok,쥐,,requires_solar_term_engine,庚申,丙戌,computed_from_public_dataset_time,timed_birth_available_month_requires_solar_term,candidate_pool_with_time_seed_verify_before_final_match,{'rodden': 'AA'}
231,hf-famous-0231-alan-n-trefler,Alan N. Trefler,https://huggingface.co/datasets/vedastro-org/15000-Famous-People-Birth-Date-Location,public_figure_source_unclassified,,1956-03-10,17:21,timed_public_dataset,,42.359,-71.059,-0500,Male,丙申,gregorian_year_ok,원숭이,,requires_solar_term_engine,丙子,丁酉,computed_from_public_dataset_time,timed_birth_available_month_requires_solar_term,candidate_pool_with_time_seed_verify_before_final_match,{'rodden': 'AA'}
232,hf-famous-0232-alan-page,Alan Page,https://huggingface.co/datasets/vedastro-org/15000-Famous-People-Birth-Date-Location,public_figure_source_unclassified,,1945-08-07,20:23,timed_public_dataset,,40.797,-81.377,-0400,Male,乙酉,gregorian_year_ok,닭,,requires_solar_term_engine,戊申,壬戌,computed_from_public_dataset_time,timed_birth_available_month_requires_solar_term,candidate_pool_with_time_seed_verify_before_final_match,{'rodden': 'AA'}
233,hf-famous-0233-alan-richard-mackin,Alan Richard Mackin,https://huggingface.co/datasets/vedastro-org/15000-Famous-People-Birth-Date-Location,public_figure_source_unclassified,,1981-08-11,21:44,timed_public_dataset,,55.866,-4.257,+0100,Male,辛酉,gregorian_year_ok,닭,,requires_solar_term_engine,辛酉,己亥,computed_from_public_dataset_time,timed_birth_available_month_requires_solar_term,candidate_pool_with_time_seed_verify_before_final_match,{'rodden': 'AA'}
234,hf-famous-0234-alan-robertson-gemmell,Alan Robertson Gemmell,https://huggingface.co/datasets/vedastro-org/15000-Famous-People-Birth-Date-Location,public_figure_source_unclassified,,1913-05-10,06:45,timed_public_dataset,,55.866,-4.257,+0000,Male,癸丑,gregorian_year_ok,소,,requires_solar_term_engine,辛卯,辛卯,computed_from_public_dataset_time,timed_birth_available_month_requires_solar_term,candidate_pool_with_time_seed_verify_before_final_match,{'rodden': 'AA'}
235,hf-famous-0235-alan-stivell,Alan Stivell,https://huggingface.co/datasets/vedastro-org/15000-Famous-People-Birth-Date-Location,public_figure_source_unclassified,,1944-01-06,07:15,timed_public_dataset,,45.892,3.113,+0100,Male,甲申,needs_ipchun_check,원숭이,,requires_solar_term_engine,己巳,戊辰,computed_from_public_dataset_time,timed_birth_available_month_requires_solar_term,candidate_pool_with_time_seed_verify_before_final_match,{'rodden': 'AA'}
236,hf-famous-0236-alan-strachan,Alan Strachan,https://huggingface.co/datasets/vedastro-org/15000-Famous-People-Birth-Date-Location,public_figure_source_unclassified,,1944-09-03,01:17,timed_public_dataset,,56.461,-2.968,+0200,Male,甲申,gregorian_year_ok,원숭이,,requires_solar_term_engine,庚午,丁丑,computed_from_public_dataset_time,timed_birth_available_month_requires_solar_term,candidate_pool_with_time_seed_verify_before_final_match,{'rodden': 'AA'}
237,hf-famous-0237-alan-wilson,Alan Wilson,https://huggingface.co/datasets/vedastro-org/15000-Famous-People-Birth-Date-Location,public_figure_source_unclassified,,1943-07-04,08:00,timed_public_dataset,,42.359,-71.059,-0400,Male,癸未,gregorian_year_ok,양,,requires_solar_term_engine,癸亥,丙辰,computed_from_public_dataset_time,timed_birth_available_month_requires_solar_term,candidate_pool_with_time_seed_verify_before_final_match,{'rodden': 'AA'}
238,hf-famous-0238-alana-ladd,Alana Ladd,https://huggingface.co/datasets/vedastro-org/15000-Famous-People-Birth-Date-Location,public_figure_source_unclassified,,1943-04-21,02:14,timed_public_dataset,,34.052,-118.243,-0700,Female,癸未,gregorian_year_ok,양,,requires_solar_term_engine,己酉,乙丑,computed_from_public_dataset_time,timed_birth_available_month_requires_solar_term,candidate_pool_with_time_seed_verify_before_final_match,{'rodden': 'AA'}
239,hf-famous-0239-alastair-george-sharp,Alastair George Sharp,https://huggingface.co/datasets/vedastro-org/15000-Famous-People-Birth-Date-Location,public_figure_source_unclassified,,1911-05-25,04:30,timed_public_dataset,,57.147,-2.095,+0000,Male,辛亥,gregorian_year_ok,돼지,,requires_solar_term_engine,乙未,戊寅,computed_from_public_dataset_time,timed_birth_available_month_requires_solar_term,candidate_pool_with_time_seed_verify_before_final_match,{'rodden': 'AA'}
240,hf-famous-0240-alastair-sim,Alastair Sim,https://huggingface.co/datasets/vedastro-org/15000-Famous-People-Birth-Date-Location,public_figure_source_unclassified,,1900-10-09,01:00,timed_public_dataset,,55.95,-3.188,+0000,Male,庚子,gregorian_year_ok,쥐,,requires_solar_term_engine,乙卯,丁丑,computed_from_public_dataset_time,timed_birth_available_month_requires_solar_term,candidate_pool_with_time_seed_verify_before_final_match,{'rodden': 'AA'}
241,hf-famous-0241-alba-parietta,Alba Parietta,https://huggingface.co/datasets/vedastro-org/15000-Famous-People-Birth-Date-Location,public_figure_source_unclassified,,1961-07-02,07:20,timed_public_dataset,,45.068,7.683,+0100,Female,辛丑,gregorian_year_ok,소,,requires_solar_term_engine,丙申,壬辰,computed_from_public_dataset_time,timed_birth_available_month_requires_solar_term,candidate_pool_with_time_seed_verify_before_final_match,{'rodden': 'AA'}
242,hf-famous-0242-alba-rigazzi,Alba Rigazzi,https://huggingface.co/datasets/vedastro-org/15000-Famous-People-Birth-Date-Location,public_figure_source_unclassified,,1947-01-24,13:30,timed_public_dataset,,45.464,9.188,+0100,Female,丁亥,needs_ipchun_check,돼지,,requires_solar_term_engine,癸卯,己未,computed_from_public_dataset_time,timed_birth_available_month_requires_solar_term,candidate_pool_with_time_seed_verify_before_final_match,{'rodden': 'AA'}
243,hf-famous-0243-alban-moga,Alban Moga,https://huggingface.co/datasets/vedastro-org/15000-Famous-People-Birth-Date-Location,public_figure_source_unclassified,,1923-05-01,09:30,timed_public_dataset,,44.835,-0.575,+0000,Male,癸亥,gregorian_year_ok,돼지,,requires_solar_term_engine,甲戌,己巳,computed_from_public_dataset_time,timed_birth_available_month_requires_solar_term,candidate_pool_with_time_seed_verify_before_final_match,{'rodden': 'AA'}
244,hf-famous-0244-alban-pr-aubert,Alban Préaubert,https://huggingface.co/datasets/vedastro-org/15000-Famous-People-Birth-Date-Location,public_figure_source_unclassified,,1985-09-20,12:25,timed_public_dataset,,45.194,5.732,+0200,Male,乙丑,gregorian_year_ok,소,,requires_solar_term_engine,壬戌,丙午,computed_from_public_dataset_time,timed_birth_available_month_requires_solar_term,candidate_pool_with_time_seed_verify_before_final_match,{'rodden': 'AA'}
245,hf-famous-0245-albercht-kr-gel,Albercht Krügel,https://huggingface.co/datasets/vedastro-org/15000-Famous-People-Birth-Date-Location,public_figure_source_unclassified,,1913-04-22,14:30,timed_public_dataset,,52.436,7.074,+0100,Male,癸丑,gregorian_year_ok,소,,requires_solar_term_engine,癸酉,己未,computed_from_public_dataset_time,timed_birth_available_month_requires_solar_term,candidate_pool_with_time_seed_verify_before_final_match,{'rodden': 'AA'}
246,hf-famous-0246-alberic-magnard,Alberic Magnard,https://huggingface.co/datasets/vedastro-org/15000-Famous-People-Birth-Date-Location,public_figure_source_unclassified,,1865-06-09,21:00,timed_public_dataset,,48.857,2.351,+0009,Male,乙丑,gregorian_year_ok,소,,requires_solar_term_engine,庚戌,丁亥,computed_from_public_dataset_time,timed_birth_available_month_requires_solar_term,candidate_pool_with_time_seed_verify_before_final_match,{'rodden': 'AA'}
247,hf-famous-0247-alberic-o-kelly-de-galway,Alberic O'Kelly De Galway,https://huggingface.co/datasets/vedastro-org/15000-Famous-People-Birth-Date-Location,public_figure_source_unclassified,,1911-05-17,01:00,timed_public_dataset,,50.837,4.307,+0000,Male,辛亥,gregorian_year_ok,돼지,,requires_solar_term_engine,丁亥,辛丑,computed_from_public_dataset_time,timed_birth_available_month_requires_solar_term,candidate_pool_with_time_seed_verify_before_final_match,{'rodden': 'AA'}
248,hf-famous-0248-alberico-evani,Alberico Evani,https://huggingface.co/datasets/vedastro-org/15000-Famous-People-Birth-Date-Location,public_figure_source_unclassified,,1963-01-01,11:30,timed_public_dataset,,44.039,10.144,+0100,Male,癸卯,needs_ipchun_check,토끼,,requires_solar_term_engine,甲辰,庚午,computed_from_public_dataset_time,timed_birth_available_month_requires_solar_term,candidate_pool_with_time_seed_verify_before_final_match,{'rodden': 'AA'}
249,hf-famous-0249-albert-anastasia,Albert Anastasia,https://huggingface.co/datasets/vedastro-org/15000-Famous-People-Birth-Date-Location,public_figure_source_unclassified,,1902-09-26,10:15,timed_public_dataset,,38.679,15.896,+0100,Male,壬寅,gregorian_year_ok,호랑이,,requires_solar_term_engine,壬子,乙巳,computed_from_public_dataset_time,timed_birth_available_month_requires_solar_term,candidate_pool_with_time_seed_verify_before_final_match,{'rodden': 'AA'}
250,hf-famous-0250-albert-ayler,Albert Ayler,https://huggingface.co/datasets/vedastro-org/15000-Famous-People-Birth-Date-Location,public_figure_source_unclassified,,1936-07-13,01:27,timed_public_dataset,,41.505,-81.691,-0400,Male,丙子,gregorian_year_ok,쥐,,requires_solar_term_engine,丙申,己丑,computed_from_public_dataset_time,timed_birth_available_month_requires_solar_term,candidate_pool_with_time_seed_verify_before_final_match,{'rodden': 'AA'}
251,hf-famous-0251-albert-bassermann,Albert Bassermann,https://huggingface.co/datasets/vedastro-org/15000-Famous-People-Birth-Date-Location,public_figure_source_unclassified,,1867-09-07,22:30,timed_public_dataset,,49.485,8.477,+0053,Male,丁卯,gregorian_year_ok,토끼,,requires_solar_term_engine,庚寅,丁亥,computed_from_public_dataset_time,timed_birth_available_month_requires_solar_term,candidate_pool_with_time_seed_verify_before_final_match,{'rodden': 'AA'}
252,hf-famous-0252-albert-batteux,Albert Batteux,https://huggingface.co/datasets/vedastro-org/15000-Famous-People-Birth-Date-Location,public_figure_source_unclassified,,1919-07-02,23:00,timed_public_dataset,,49.257,4.033,+0100,Male,己未,gregorian_year_ok,양,,requires_solar_term_engine,乙卯,丙子,computed_from_public_dataset_time,timed_birth_available_month_requires_solar_term,candidate_pool_with_time_seed_verify_before_final_match,{'rodden': 'AA'}
253,hf-famous-0253-albert-brooks,Albert Brooks,https://huggingface.co/datasets/vedastro-org/15000-Famous-People-Birth-Date-Location,public_figure_source_unclassified,,1947-07-22,03:00,timed_public_dataset,,34.052,-118.243,-0800,Male,丁亥,gregorian_year_ok,돼지,,requires_solar_term_engine,壬寅,壬寅,computed_from_public_dataset_time,timed_birth_available_month_requires_solar_term,candidate_pool_with_time_seed_verify_before_final_match,{'rodden': 'AA'}
254,hf-famous-0254-albert-calmette,Albert Calmette,https://huggingface.co/datasets/vedastro-org/15000-Famous-People-Birth-Date-Location,public_figure_source_unclassified,,1863-07-12,23:00,timed_public_dataset,,43.703,7.266,+0009,Male,癸亥,gregorian_year_ok,돼지,,requires_solar_term_engine,壬申,庚子,computed_from_public_dataset_time,timed_birth_available_month_requires_solar_term,candidate_pool_with_time_seed_verify_before_final_match,{'rodden': 'AA'}
255,hf-famous-0255-albert-camus,Albert Camus,https://huggingface.co/datasets/vedastro-org/15000-Famous-People-Birth-Date-Location,public_figure_source_unclassified,,1913-11-07,02:00,timed_public_dataset,,36.684,7.752,+0000,Male,癸丑,gregorian_year_ok,소,,requires_solar_term_engine,壬辰,辛丑,computed_from_public_dataset_time,timed_birth_available_month_requires_solar_term,candidate_pool_with_time_seed_verify_before_final_match,{'rodden': 'AA'}
256,hf-famous-0256-albert-collins,Albert Collins,https://huggingface.co/datasets/vedastro-org/15000-Famous-People-Birth-Date-Location,public_figure_source_unclassified,,1932-10-01,23:00,timed_public_dataset,,31.155,-95.969,-0600,Male,壬申,gregorian_year_ok,원숭이,,requires_solar_term_engine,乙未,丙子,computed_from_public_dataset_time,timed_birth_available_month_requires_solar_term,candidate_pool_with_time_seed_verify_before_final_match,{'rodden': 'AA'}
257,hf-famous-0257-albert-copp,Albert Coppé,https://huggingface.co/datasets/vedastro-org/15000-Famous-People-Birth-Date-Location,public_figure_source_unclassified,,1911-11-26,18:00,timed_public_dataset,,51.209,3.225,+0000,Male,辛亥,gregorian_year_ok,돼지,,requires_solar_term_engine,庚子,乙酉,computed_from_public_dataset_time,timed_birth_available_month_requires_solar_term,candidate_pool_with_time_seed_verify_before_final_match,{'rodden': 'AA'}
258,hf-famous-0258-albert-decaris,Albert Decaris,https://huggingface.co/datasets/vedastro-org/15000-Famous-People-Birth-Date-Location,public_figure_source_unclassified,,1901-05-06,05:20,timed_public_dataset,,49.539,-1.753,+0009,Male,辛丑,gregorian_year_ok,소,,requires_solar_term_engine,甲申,丁卯,computed_from_public_dataset_time,timed_birth_available_month_requires_solar_term,candidate_pool_with_time_seed_verify_before_final_match,{'rodden': 'AA'}
259,hf-famous-0259-albert-decourtray,Albert Decourtray,https://huggingface.co/datasets/vedastro-org/15000-Famous-People-Birth-Date-Location,public_figure_source_unclassified,,1925-04-09,19:00,timed_public_dataset,,50.588,3.052,+0100,Male,乙丑,gregorian_year_ok,소,,requires_solar_term_engine,癸亥,壬戌,computed_from_public_dataset_time,timed_birth_available_month_requires_solar_term,candidate_pool_with_time_seed_verify_before_final_match,{'rodden': 'AA'}
260,hf-famous-0260-albert-delegue,Albert Delegue,https://huggingface.co/datasets/vedastro-org/15000-Famous-People-Birth-Date-Location,public_figure_source_unclassified,,1963-05-02,15:20,timed_public_dataset,,48.643,1.826,+0100,Male,癸卯,gregorian_year_ok,토끼,,requires_solar_term_engine,乙巳,甲申,computed_from_public_dataset_time,timed_birth_available_month_requires_solar_term,candidate_pool_with_time_seed_verify_before_final_match,{'rodden': 'AA'}
261,hf-famous-0261-albert-dubreucq,Albert Dubreucq,https://huggingface.co/datasets/vedastro-org/15000-Famous-People-Birth-Date-Location,public_figure_source_unclassified,,1924-06-03,13:25,timed_public_dataset,,50.631,3.063,+0100,Male,甲子,gregorian_year_ok,쥐,,requires_solar_term_engine,癸丑,己未,computed_from_public_dataset_time,timed_birth_available_month_requires_solar_term,candidate_pool_with_time_seed_verify_before_final_match,{'rodden': 'AA'}
262,hf-famous-0262-albert-dupontel,Albert Dupontel,https://huggingface.co/datasets/vedastro-org/15000-Famous-People-Birth-Date-Location,public_figure_source_unclassified,,1961-01-11,20:50,timed_public_dataset,,48.899,2.094,+0100,Male,辛丑,needs_ipchun_check,소,,requires_solar_term_engine,甲辰,甲戌,computed_from_public_dataset_time,timed_birth_available_month_requires_solar_term,candidate_pool_with_time_seed_verify_before_final_match,{'rodden': 'AA'}
263,hf-famous-0263-albert-einstein,Albert Einstein,https://huggingface.co/datasets/vedastro-org/15000-Famous-People-Birth-Date-Location,public_figure_source_unclassified,,1879-03-14,11:30,timed_public_dataset,,48.4,9.997,+0053,Male,己卯,gregorian_year_ok,토끼,,requires_solar_term_engine,丙申,甲午,computed_from_public_dataset_time,timed_birth_available_month_requires_solar_term,candidate_pool_with_time_seed_verify_before_final_match,{'rodden': 'AA'}
264,hf-famous-0264-albert-frey,Albert Frey,https://huggingface.co/datasets/vedastro-org/15000-Famous-People-Birth-Date-Location,public_figure_source_unclassified,,1913-02-16,16:30,timed_public_dataset,,49.402,8.68,+0100,Male,癸丑,gregorian_year_ok,소,,requires_solar_term_engine,戊辰,庚申,computed_from_public_dataset_time,timed_birth_available_month_requires_solar_term,candidate_pool_with_time_seed_verify_before_final_match,{'rodden': 'AA'}
265,hf-famous-0265-albert-f-raud,Albert Féraud,https://huggingface.co/datasets/vedastro-org/15000-Famous-People-Birth-Date-Location,public_figure_source_unclassified,,1921-11-26,08:00,timed_public_dataset,,48.857,2.351,+0000,Male,辛酉,gregorian_year_ok,닭,,requires_solar_term_engine,癸巳,丙辰,computed_from_public_dataset_time,timed_birth_available_month_requires_solar_term,candidate_pool_with_time_seed_verify_before_final_match,{'rodden': 'AA'}
266,hf-famous-0266-albert-gazier,Albert Gazier,https://huggingface.co/datasets/vedastro-org/15000-Famous-People-Birth-Date-Location,public_figure_source_unclassified,,1908-05-16,14:05,timed_public_dataset,,50.358,3.523,+0009,Male,戊申,gregorian_year_ok,원숭이,,requires_solar_term_engine,辛未,乙未,computed_from_public_dataset_time,timed_birth_available_month_requires_solar_term,candidate_pool_with_time_seed_verify_before_final_match,{'rodden': 'AA'}
267,hf-famous-0267-albert-gleizes,Albert Gleizes,https://huggingface.co/datasets/vedastro-org/15000-Famous-People-Birth-Date-Location,public_figure_source_unclassified,,1881-12-08,03:00,timed_public_dataset,,48.857,2.351,+0009,Male,辛巳,gregorian_year_ok,뱀,,requires_solar_term_engine,丙子,庚寅,computed_from_public_dataset_time,timed_birth_available_month_requires_solar_term,candidate_pool_with_time_seed_verify_before_final_match,{'rodden': 'AA'}
268,hf-famous-0268-albert-hassler,Albert Hassler,https://huggingface.co/datasets/vedastro-org/15000-Famous-People-Birth-Date-Location,public_figure_source_unclassified,,1903-11-02,01:00,timed_public_dataset,,45.925,6.87,+0009,Male,癸卯,gregorian_year_ok,토끼,,requires_solar_term_engine,甲午,乙丑,computed_from_public_dataset_time,timed_birth_available_month_requires_solar_term,candidate_pool_with_time_seed_verify_before_final_match,{'rodden': 'AA'}
269,hf-famous-0269-albert-hopf,Albert Hopf,https://huggingface.co/datasets/vedastro-org/15000-Famous-People-Birth-Date-Location,public_figure_source_unclassified,,1813-05-27,19:00,timed_public_dataset,,52.724,14.279,+0053,Male,癸酉,gregorian_year_ok,닭,,requires_solar_term_engine,甲子,甲戌,computed_from_public_dataset_time,timed_birth_available_month_requires_solar_term,candidate_pool_with_time_seed_verify_before_final_match,{'rodden': 'AA'}
270,hf-famous-0270-albert-jacquard,Albert Jacquard,https://huggingface.co/datasets/vedastro-org/15000-Famous-People-Birth-Date-Location,public_figure_source_unclassified,,1925-12-23,17:00,timed_public_dataset,,45.767,4.834,+0000,Male,乙丑,gregorian_year_ok,소,,requires_solar_term_engine,辛巳,丁酉,computed_from_public_dataset_time,timed_birth_available_month_requires_solar_term,candidate_pool_with_time_seed_verify_before_final_match,{'rodden': 'AA'}
271,hf-famous-0271-albert-kahn,Albert Kahn,https://huggingface.co/datasets/vedastro-org/15000-Famous-People-Birth-Date-Location,public_figure_source_unclassified,,1860-03-03,15:00,timed_public_dataset,,48.691,7.381,+0009,Male,庚申,gregorian_year_ok,원숭이,,requires_solar_term_engine,丙午,丙申,computed_from_public_dataset_time,timed_birth_available_month_requires_solar_term,candidate_pool_with_time_seed_verify_before_final_match,{'rodden': 'AA'}
272,hf-famous-0272-albert-kesselring,Albert Kesselring,https://huggingface.co/datasets/vedastro-org/15000-Famous-People-Birth-Date-Location,public_figure_source_unclassified,,1885-11-20,12:30,timed_public_dataset,,49.697,10.135,+0053,Male,乙酉,gregorian_year_ok,닭,,requires_solar_term_engine,己卯,庚午,computed_from_public_dataset_time,timed_birth_available_month_requires_solar_term,candidate_pool_with_time_seed_verify_before_final_match,{'rodden': 'AA'}
273,hf-famous-0273-albert-kluyver,Albert Kluyver,https://huggingface.co/datasets/vedastro-org/15000-Famous-People-Birth-Date-Location,public_figure_source_unclassified,,1888-06-03,11:00,timed_public_dataset,,51.589,4.774,+0018,Male,戊子,gregorian_year_ok,쥐,,requires_solar_term_engine,乙巳,壬午,computed_from_public_dataset_time,timed_birth_available_month_requires_solar_term,candidate_pool_with_time_seed_verify_before_final_match,{'rodden': 'AA'}
274,hf-famous-0274-albert-lamorisse,Albert Lamorisse,https://huggingface.co/datasets/vedastro-org/15000-Famous-People-Birth-Date-Location,public_figure_source_unclassified,,1922-01-13,21:00,timed_public_dataset,,48.857,2.351,+0000,Male,壬戌,needs_ipchun_check,개,,requires_solar_term_engine,辛巳,己亥,computed_from_public_dataset_time,timed_birth_available_month_requires_solar_term,candidate_pool_with_time_seed_verify_before_final_match,{'rodden': 'AA'}
275,hf-famous-0275-albert-lauzero,Albert Lauzero,https://huggingface.co/datasets/vedastro-org/15000-Famous-People-Birth-Date-Location,public_figure_source_unclassified,,1909-08-16,23:00,timed_public_dataset,,43.85,0.663,+0009,Male,己酉,gregorian_year_ok,닭,,requires_solar_term_engine,戊申,壬子,computed_from_public_dataset_time,timed_birth_available_month_requires_solar_term,candidate_pool_with_time_seed_verify_before_final_match,{'rodden': 'AA'}
276,hf-famous-0276-albert-lebourg,Albert Lebourg,https://huggingface.co/datasets/vedastro-org/15000-Famous-People-Birth-Date-Location,public_figure_source_unclassified,,1849-02-01,18:00,timed_public_dataset,,49.296,0.664,+0009,Male,己酉,needs_ipchun_check,닭,,requires_solar_term_engine,戊寅,辛酉,computed_from_public_dataset_time,timed_birth_available_month_requires_solar_term,candidate_pool_with_time_seed_verify_before_final_match,{'rodden': 'AA'}
277,hf-famous-0277-albert-lebrun,Albert Lebrun,https://huggingface.co/datasets/vedastro-org/15000-Famous-People-Birth-Date-Location,public_figure_source_unclassified,,1871-08-29,14:30,timed_public_dataset,,49.368,5.825,+0009,Male,辛未,gregorian_year_ok,양,,requires_solar_term_engine,壬寅,丁未,computed_from_public_dataset_time,timed_birth_available_month_requires_solar_term,candidate_pool_with_time_seed_verify_before_final_match,{'rodden': 'AA'}
278,hf-famous-0278-albert-lempereur,Albert Lempereur,https://huggingface.co/datasets/vedastro-org/15000-Famous-People-Birth-Date-Location,public_figure_source_unclassified,,1902-04-29,02:00,timed_public_dataset,,48.845,4.774,+0009,Male,壬寅,gregorian_year_ok,호랑이,,requires_solar_term_engine,壬午,辛丑,computed_from_public_dataset_time,timed_birth_available_month_requires_solar_term,candidate_pool_with_time_seed_verify_before_final_match,{'rodden': 'AA'}
279,hf-famous-0279-albert-londe,Albert Londe,https://huggingface.co/datasets/vedastro-org/15000-Famous-People-Birth-Date-Location,public_figure_source_unclassified,,1858-11-26,12:30,timed_public_dataset,,43.174,5.604,+0009,Male,戊午,gregorian_year_ok,말,,requires_solar_term_engine,癸亥,戊午,computed_from_public_dataset_time,timed_birth_available_month_requires_solar_term,candidate_pool_with_time_seed_verify_before_final_match,{'rodden': 'AA'}
280,hf-famous-0280-albert-lortzing,Albert Lortzing,https://huggingface.co/datasets/vedastro-org/15000-Famous-People-Birth-Date-Location,public_figure_source_unclassified,,1801-10-23,17:00,timed_public_dataset,,52.523,13.411,+0053,Male,辛酉,gregorian_year_ok,닭,,requires_solar_term_engine,庚寅,乙酉,computed_from_public_dataset_time,timed_birth_available_month_requires_solar_term,candidate_pool_with_time_seed_verify_before_final_match,{'rodden': 'AA'}
281,hf-famous-0281-albert-millet,Albert Millet,https://huggingface.co/datasets/vedastro-org/15000-Famous-People-Birth-Date-Location,public_figure_source_unclassified,,1929-07-02,17:00,timed_public_dataset,,43.12,6.129,+0100,Male,己巳,gregorian_year_ok,뱀,,requires_solar_term_engine,戊申,辛酉,computed_from_public_dataset_time,timed_birth_available_month_requires_solar_term,candidate_pool_with_time_seed_verify_before_final_match,{'rodden': 'AA'}
282,hf-famous-0282-albert-mockel,Albert Mockel,https://huggingface.co/datasets/vedastro-org/15000-Famous-People-Birth-Date-Location,public_figure_source_unclassified,,1866-12-27,06:00,timed_public_dataset,,50.644,5.572,+0018,Male,丙寅,gregorian_year_ok,호랑이,,requires_solar_term_engine,丙子,辛卯,computed_from_public_dataset_time,timed_birth_available_month_requires_solar_term,candidate_pool_with_time_seed_verify_before_final_match,{'rodden': 'AA'}
283,hf-famous-0283-albert-m-rat,Albert Mérat,https://huggingface.co/datasets/vedastro-org/15000-Famous-People-Birth-Date-Location,public_figure_source_unclassified,,1840-03-23,00:30,timed_public_dataset,,48.298,4.075,+0009,Male,庚子,gregorian_year_ok,쥐,,requires_solar_term_engine,辛巳,戊子,computed_from_public_dataset_time,timed_birth_available_month_requires_solar_term,candidate_pool_with_time_seed_verify_before_final_match,{'rodden': 'AA'}
284,hf-famous-0284-albert-neuhuys,Albert Neuhuys,https://huggingface.co/datasets/vedastro-org/15000-Famous-People-Birth-Date-Location,public_figure_source_unclassified,,1844-06-10,21:30,timed_public_dataset,,52.092,5.12,+0018,Male,甲辰,gregorian_year_ok,용,,requires_solar_term_engine,辛酉,己亥,computed_from_public_dataset_time,timed_birth_available_month_requires_solar_term,candidate_pool_with_time_seed_verify_before_final_match,{'rodden': 'AA'}
285,hf-famous-0285-albert-palle,Albert Palle,https://huggingface.co/datasets/vedastro-org/15000-Famous-People-Birth-Date-Location,public_figure_source_unclassified,,1916-09-14,04:00,timed_public_dataset,,49.493,0.106,+0100,Male,丙辰,gregorian_year_ok,용,,requires_solar_term_engine,甲寅,丙寅,computed_from_public_dataset_time,timed_birth_available_month_requires_solar_term,candidate_pool_with_time_seed_verify_before_final_match,{'rodden': 'AA'}
286,hf-famous-0286-albert-robida,Albert Robida,https://huggingface.co/datasets/vedastro-org/15000-Famous-People-Birth-Date-Location,public_figure_source_unclassified,,1848-05-14,15:00,timed_public_dataset,,49.416,2.822,+0009,Male,戊申,gregorian_year_ok,원숭이,,requires_solar_term_engine,乙卯,甲申,computed_from_public_dataset_time,timed_birth_available_month_requires_solar_term,candidate_pool_with_time_seed_verify_before_final_match,{'rodden': 'AA'}
287,hf-famous-0287-albert-rochas-d-aiglun,Albert Rochas D'Aiglun,https://huggingface.co/datasets/vedastro-org/15000-Famous-People-Birth-Date-Location,public_figure_source_unclassified,,1837-05-20,17:00,timed_public_dataset,,46.829,4.469,+0009,Male,丁酉,gregorian_year_ok,닭,,requires_solar_term_engine,癸亥,辛酉,computed_from_public_dataset_time,timed_birth_available_month_requires_solar_term,candidate_pool_with_time_seed_verify_before_final_match,{'rodden': 'AA'}
288,hf-famous-0288-albert-r-my,Albert Rémy,https://huggingface.co/datasets/vedastro-org/15000-Famous-People-Birth-Date-Location,public_figure_source_unclassified,,1915-04-09,16:00,timed_public_dataset,,48.824,2.211,+0000,Male,乙卯,gregorian_year_ok,토끼,,requires_solar_term_engine,庚午,甲申,computed_from_public_dataset_time,timed_birth_available_month_requires_solar_term,candidate_pool_with_time_seed_verify_before_final_match,{'rodden': 'AA'}
289,hf-famous-0289-albert-sacco-jr,Albert Sacco Jr.,https://huggingface.co/datasets/vedastro-org/15000-Famous-People-Birth-Date-Location,public_figure_source_unclassified,,1949-05-03,20:05,timed_public_dataset,,42.359,-71.059,-0400,Male,己丑,gregorian_year_ok,소,,requires_solar_term_engine,癸巳,壬戌,computed_from_public_dataset_time,timed_birth_available_month_requires_solar_term,candidate_pool_with_time_seed_verify_before_final_match,{'rodden': 'AA'}
290,hf-famous-0290-albert-schoendienst,Albert Schoendienst,https://huggingface.co/datasets/vedastro-org/15000-Famous-People-Birth-Date-Location,public_figure_source_unclassified,,1923-02-02,18:00,timed_public_dataset,,38.552,-89.535,-0600,Male,癸亥,needs_ipchun_check,돼지,,requires_solar_term_engine,丙午,丁酉,computed_from_public_dataset_time,timed_birth_available_month_requires_solar_term,candidate_pool_with_time_seed_verify_before_final_match,{'rodden': 'AA'}
291,hf-famous-0291-albert-schweitzer,Albert Schweitzer,https://huggingface.co/datasets/vedastro-org/15000-Famous-People-Birth-Date-Location,public_figure_source_unclassified,,1875-01-14,23:50,timed_public_dataset,,48.139,7.264,+0009,Male,乙亥,needs_ipchun_check,돼지,,requires_solar_term_engine,丙子,戊子,computed_from_public_dataset_time,timed_birth_available_month_requires_solar_term,candidate_pool_with_time_seed_verify_before_final_match,{'rodden': 'AA'}
292,hf-famous-0292-albert-scott-crossfield,Albert Scott Crossfield,https://huggingface.co/datasets/vedastro-org/15000-Famous-People-Birth-Date-Location,public_figure_source_unclassified,,1921-10-02,08:45,timed_public_dataset,,37.869,-122.27,-0800,Male,辛酉,gregorian_year_ok,닭,,requires_solar_term_engine,戊戌,丙辰,computed_from_public_dataset_time,timed_birth_available_month_requires_solar_term,candidate_pool_with_time_seed_verify_before_final_match,{'rodden': 'AA'}
293,hf-famous-0293-albert-simonin,Albert Simonin,https://huggingface.co/datasets/vedastro-org/15000-Famous-People-Birth-Date-Location,public_figure_source_unclassified,,1905-04-18,06:00,timed_public_dataset,,48.857,2.351,+0009,Male,乙巳,gregorian_year_ok,뱀,,requires_solar_term_engine,丁亥,癸卯,computed_from_public_dataset_time,timed_birth_available_month_requires_solar_term,candidate_pool_with_time_seed_verify_before_final_match,{'rodden': 'AA'}
294,hf-famous-0294-albert-sorel,Albert Sorel,https://huggingface.co/datasets/vedastro-org/15000-Famous-People-Birth-Date-Location,public_figure_source_unclassified,,1842-08-13,01:00,timed_public_dataset,,49.42,0.233,+0009,Male,壬寅,gregorian_year_ok,호랑이,,requires_solar_term_engine,甲寅,乙丑,computed_from_public_dataset_time,timed_birth_available_month_requires_solar_term,candidate_pool_with_time_seed_verify_before_final_match,{'rodden': 'AA'}
295,hf-famous-0295-albert-spaggiari,Albert Spaggiari,https://huggingface.co/datasets/vedastro-org/15000-Famous-People-Birth-Date-Location,public_figure_source_unclassified,,1932-12-14,14:30,timed_public_dataset,,44.314,5.824,+0000,Male,壬申,gregorian_year_ok,원숭이,,requires_solar_term_engine,己酉,辛未,computed_from_public_dataset_time,timed_birth_available_month_requires_solar_term,candidate_pool_with_time_seed_verify_before_final_match,{'rodden': 'AA'}
296,hf-famous-0296-albert-speer,Albert Speer,https://huggingface.co/datasets/vedastro-org/15000-Famous-People-Birth-Date-Location,public_figure_source_unclassified,,1905-03-19,11:15,timed_public_dataset,,49.485,8.477,+0100,Male,乙巳,gregorian_year_ok,뱀,,requires_solar_term_engine,丁巳,丙午,computed_from_public_dataset_time,timed_birth_available_month_requires_solar_term,candidate_pool_with_time_seed_verify_before_final_match,{'rodden': 'AA'}
297,hf-famous-0297-albert-uderzo,Albert Uderzo,https://huggingface.co/datasets/vedastro-org/15000-Famous-People-Birth-Date-Location,public_figure_source_unclassified,,1927-04-25,07:00,timed_public_dataset,,49.307,3.68,+0100,Male,丁卯,gregorian_year_ok,토끼,,requires_solar_term_engine,己丑,戊辰,computed_from_public_dataset_time,timed_birth_available_month_requires_solar_term,candidate_pool_with_time_seed_verify_before_final_match,{'rodden': 'AA'}
298,hf-famous-0298-albert-voisin,Albert Voisin,https://huggingface.co/datasets/vedastro-org/15000-Famous-People-Birth-Date-Location,public_figure_source_unclassified,,1921-09-03,20:00,timed_public_dataset,,50.109,4.958,+0100,Male,辛酉,gregorian_year_ok,닭,,requires_solar_term_engine,己巳,甲戌,computed_from_public_dataset_time,timed_birth_available_month_requires_solar_term,candidate_pool_with_time_seed_verify_before_final_match,{'rodden': 'AA'}
299,hf-famous-0299-albert-warren,Albert Warren,https://huggingface.co/datasets/vedastro-org/15000-Famous-People-Birth-Date-Location,public_figure_source_unclassified,,1920-05-18,05:30,timed_public_dataset,,41.236,-80.816,-0400,Male,庚申,gregorian_year_ok,원숭이,,requires_solar_term_engine,丙子,辛卯,computed_from_public_dataset_time,timed_birth_available_month_requires_solar_term,candidate_pool_with_time_seed_verify_before_final_match,{'rodden': 'AA'}
300,hf-famous-0300-albert-yvel,Albert Yvel,https://huggingface.co/datasets/vedastro-org/15000-Famous-People-Birth-Date-Location,public_figure_source_unclassified,,1927-02-27,20:00,timed_public_dataset,,36.772,3.052,+0000,Male,丁卯,gregorian_year_ok,토끼,,requires_solar_term_engine,壬辰,庚戌,computed_from_public_dataset_time,timed_birth_available_month_requires_solar_term,candidate_pool_with_time_seed_verify_before_final_match,{'rodden': 'AA'}
301,hf-famous-0301-albert-de-lapparent,Albert de Lapparent,https://huggingface.co/datasets/vedastro-org/15000-Famous-People-Birth-Date-Location,public_figure_source_unclassified,,1839-12-30,06:00,timed_public_dataset,,47.082,2.397,+0009,Male,己亥,gregorian_year_ok,돼지,,requires_solar_term_engine,丁巳,癸卯,computed_from_public_dataset_time,timed_birth_available_month_requires_solar_term,candidate_pool_with_time_seed_verify_before_final_match,{'rodden': 'AA'}
302,hf-famous-0302-alberto-angelini,Alberto Angelini,https://huggingface.co/datasets/vedastro-org/15000-Famous-People-Birth-Date-Location,public_figure_source_unclassified,,1974-09-28,12:55,timed_public_dataset,,44.311,8.477,+0200,Male,甲寅,gregorian_year_ok,호랑이,,requires_solar_term_engine,壬申,丙午,computed_from_public_dataset_time,timed_birth_available_month_requires_solar_term,candidate_pool_with_time_seed_verify_before_final_match,{'rodden': 'AA'}
303,hf-famous-0303-alberto-ascari,Alberto Ascari,https://huggingface.co/datasets/vedastro-org/15000-Famous-People-Birth-Date-Location,public_figure_source_unclassified,,1918-07-13,14:00,timed_public_dataset,,45.464,9.188,+0200,Male,戊午,gregorian_year_ok,말,,requires_solar_term_engine,辛酉,乙未,computed_from_public_dataset_time,timed_birth_available_month_requires_solar_term,candidate_pool_with_time_seed_verify_before_final_match,{'rodden': 'AA'}
304,hf-famous-0304-alberto-bertuccelli,Alberto Bertuccelli,https://huggingface.co/datasets/vedastro-org/15000-Famous-People-Birth-Date-Location,public_figure_source_unclassified,,1924-01-14,14:00,timed_public_dataset,,43.875,10.257,+0100,Male,甲子,needs_ipchun_check,쥐,,requires_solar_term_engine,壬辰,丁未,computed_from_public_dataset_time,timed_birth_available_month_requires_solar_term,candidate_pool_with_time_seed_verify_before_final_match,{'rodden': 'AA'}
305,hf-famous-0305-alberto-bertuzzi,Alberto Bertuzzi,https://huggingface.co/datasets/vedastro-org/15000-Famous-People-Birth-Date-Location,public_figure_source_unclassified,,1913-01-11,09:25,timed_public_dataset,,45.435,12.339,+0100,Male,癸丑,needs_ipchun_check,소,,requires_solar_term_engine,壬辰,乙巳,computed_from_public_dataset_time,timed_birth_available_month_requires_solar_term,candidate_pool_with_time_seed_verify_before_final_match,{'rodden': 'AA'}
306,hf-famous-0306-alberto-bevilacqua,Alberto Bevilacqua,https://huggingface.co/datasets/vedastro-org/15000-Famous-People-Birth-Date-Location,public_figure_source_unclassified,,1934-06-27,07:00,timed_public_dataset,,44.808,10.33,+0100,Male,甲戌,gregorian_year_ok,개,,requires_solar_term_engine,己巳,戊辰,computed_from_public_dataset_time,timed_birth_available_month_requires_solar_term,candidate_pool_with_time_seed_verify_before_final_match,{'rodden': 'AA'}
307,hf-famous-0307-alberto-bonucci,Alberto Bonucci,https://huggingface.co/datasets/vedastro-org/15000-Famous-People-Birth-Date-Location,public_figure_source_unclassified,,1918-05-19,05:15,timed_public_dataset,,41.56,14.665,+0200,Male,戊午,gregorian_year_ok,말,,requires_solar_term_engine,丙寅,辛卯,computed_from_public_dataset_time,timed_birth_available_month_requires_solar_term,candidate_pool_with_time_seed_verify_before_final_match,{'rodden': 'AA'}
308,hf-famous-0308-alberto-boschi,Alberto Boschi,https://huggingface.co/datasets/vedastro-org/15000-Famous-People-Birth-Date-Location,public_figure_source_unclassified,,1946-09-08,05:00,timed_public_dataset,,44.808,10.33,+0200,Male,丙戌,gregorian_year_ok,개,,requires_solar_term_engine,乙酉,己卯,computed_from_public_dataset_time,timed_birth_available_month_requires_solar_term,candidate_pool_with_time_seed_verify_before_final_match,{'rodden': 'AA'}
309,hf-famous-0309-alberto-castagna,Alberto Castagna,https://huggingface.co/datasets/vedastro-org/15000-Famous-People-Birth-Date-Location,public_figure_source_unclassified,,1945-12-23,23:00,timed_public_dataset,,43.342,11.916,+0100,Male,乙酉,gregorian_year_ok,닭,,requires_solar_term_engine,丙寅,戊子,computed_from_public_dataset_time,timed_birth_available_month_requires_solar_term,candidate_pool_with_time_seed_verify_before_final_match,{'rodden': 'AA'}
310,hf-famous-0310-alberto-colussi,Alberto Colussi,https://huggingface.co/datasets/vedastro-org/15000-Famous-People-Birth-Date-Location,public_figure_source_unclassified,,1938-07-14,16:30,timed_public_dataset,,45.435,12.339,+0100,Male,戊寅,gregorian_year_ok,호랑이,,requires_solar_term_engine,丁未,戊申,computed_from_public_dataset_time,timed_birth_available_month_requires_solar_term,candidate_pool_with_time_seed_verify_before_final_match,{'rodden': 'AA'}
311,hf-famous-0311-alberto-contador,Alberto Contador,https://huggingface.co/datasets/vedastro-org/15000-Famous-People-Birth-Date-Location,public_figure_source_unclassified,,1982-12-06,18:45,timed_public_dataset,,40.417,-3.7,+0100,Male,壬戌,gregorian_year_ok,개,,requires_solar_term_engine,癸亥,辛酉,computed_from_public_dataset_time,timed_birth_available_month_requires_solar_term,candidate_pool_with_time_seed_verify_before_final_match,{'rodden': 'AA'}
312,hf-famous-0312-alberto-cova,Alberto Cova,https://huggingface.co/datasets/vedastro-org/15000-Famous-People-Birth-Date-Location,public_figure_source_unclassified,,1958-12-01,06:40,timed_public_dataset,,45.738,9.219,+0100,Male,戊戌,gregorian_year_ok,개,,requires_solar_term_engine,壬子,癸卯,computed_from_public_dataset_time,timed_birth_available_month_requires_solar_term,candidate_pool_with_time_seed_verify_before_final_match,{'rodden': 'AA'}
313,hf-famous-0313-alberto-dall-ora,Alberto Dall'Ora,https://huggingface.co/datasets/vedastro-org/15000-Famous-People-Birth-Date-Location,public_figure_source_unclassified,,1923-05-06,04:25,timed_public_dataset,,45.438,10.992,+0100,Male,癸亥,gregorian_year_ok,돼지,,requires_solar_term_engine,己卯,丙寅,computed_from_public_dataset_time,timed_birth_available_month_requires_solar_term,candidate_pool_with_time_seed_verify_before_final_match,{'rodden': 'AA'}
314,hf-famous-0314-alberto-falck,Alberto Falck,https://huggingface.co/datasets/vedastro-org/15000-Famous-People-Birth-Date-Location,public_figure_source_unclassified,,1938-06-19,14:00,timed_public_dataset,,45.918,9.32,+0100,Male,戊寅,gregorian_year_ok,호랑이,,requires_solar_term_engine,壬午,丁未,computed_from_public_dataset_time,timed_birth_available_month_requires_solar_term,candidate_pool_with_time_seed_verify_before_final_match,{'rodden': 'AA'}
315,hf-famous-0315-alberto-fujimori,Alberto Fujimori,https://huggingface.co/datasets/vedastro-org/15000-Famous-People-Birth-Date-Location,public_figure_source_unclassified,,1938-07-28,01:20,timed_public_dataset,,-12.058,-77.037,-0500,Male,戊寅,gregorian_year_ok,호랑이,,requires_solar_term_engine,辛酉,己丑,computed_from_public_dataset_time,timed_birth_available_month_requires_solar_term,candidate_pool_with_time_seed_verify_before_final_match,{'rodden': 'AA'}
316,hf-famous-0316-alberto-galassi,Alberto Galassi,https://huggingface.co/datasets/vedastro-org/15000-Famous-People-Birth-Date-Location,public_figure_source_unclassified,,1922-10-16,14:00,timed_public_dataset,,42.78,12.408,+0100,Male,壬戌,gregorian_year_ok,개,,requires_solar_term_engine,丁巳,丁未,computed_from_public_dataset_time,timed_birth_available_month_requires_solar_term,candidate_pool_with_time_seed_verify_before_final_match,{'rodden': 'AA'}
317,hf-famous-0317-alberto-giacometti,Alberto Giacometti,https://huggingface.co/datasets/vedastro-org/15000-Famous-People-Birth-Date-Location,public_figure_source_unclassified,,1901-10-10,01:00,timed_public_dataset,,46.351,9.622,+0100,Male,辛丑,gregorian_year_ok,소,,requires_solar_term_engine,辛酉,己丑,computed_from_public_dataset_time,timed_birth_available_month_requires_solar_term,candidate_pool_with_time_seed_verify_before_final_match,{'rodden': 'AA'}
318,hf-famous-0318-alberto-gimignani,Alberto Gimignani,https://huggingface.co/datasets/vedastro-org/15000-Famous-People-Birth-Date-Location,public_figure_source_unclassified,,1961-08-21,09:30,timed_public_dataset,,43.017,11.948,+0100,Male,辛丑,gregorian_year_ok,소,,requires_solar_term_engine,丙戌,癸巳,computed_from_public_dataset_time,timed_birth_available_month_requires_solar_term,candidate_pool_with_time_seed_verify_before_final_match,{'rodden': 'AA'}
319,hf-famous-0319-alberto-jardim,Alberto Jardim,https://huggingface.co/datasets/vedastro-org/15000-Famous-People-Birth-Date-Location,public_figure_source_unclassified,,1943-02-04,06:50,timed_public_dataset,,32.648,-16.905,-0100,Male,癸未,needs_ipchun_check,양,,requires_solar_term_engine,癸巳,乙卯,computed_from_public_dataset_time,timed_birth_available_month_requires_solar_term,candidate_pool_with_time_seed_verify_before_final_match,{'rodden': 'AA'}
320,hf-famous-0320-alberto-lattuada,Alberto Lattuada,https://huggingface.co/datasets/vedastro-org/15000-Famous-People-Birth-Date-Location,public_figure_source_unclassified,,1914-11-13,06:30,timed_public_dataset,,45.464,9.188,+0100,Male,甲寅,gregorian_year_ok,호랑이,,requires_solar_term_engine,癸卯,乙卯,computed_from_public_dataset_time,timed_birth_available_month_requires_solar_term,candidate_pool_with_time_seed_verify_before_final_match,{'rodden': 'AA'}
321,hf-famous-0321-alberto-lionello,Alberto Lionello,https://huggingface.co/datasets/vedastro-org/15000-Famous-People-Birth-Date-Location,public_figure_source_unclassified,,1930-07-12,02:00,timed_public_dataset,,45.464,9.188,+0100,Male,庚午,gregorian_year_ok,말,,requires_solar_term_engine,癸亥,癸丑,computed_from_public_dataset_time,timed_birth_available_month_requires_solar_term,candidate_pool_with_time_seed_verify_before_final_match,{'rodden': 'AA'}
322,hf-famous-0322-alberto-lupo,Alberto Lupo,https://huggingface.co/datasets/vedastro-org/15000-Famous-People-Birth-Date-Location,public_figure_source_unclassified,,1924-12-19,17:00,timed_public_dataset,,44.407,8.934,+0100,Male,甲子,gregorian_year_ok,쥐,,requires_solar_term_engine,壬申,己酉,computed_from_public_dataset_time,timed_birth_available_month_requires_solar_term,candidate_pool_with_time_seed_verify_before_final_match,{'rodden': 'AA'}
323,hf-famous-0323-alberto-martini,Alberto Martini,https://huggingface.co/datasets/vedastro-org/15000-Famous-People-Birth-Date-Location,public_figure_source_unclassified,,1876-11-24,13:00,timed_public_dataset,,45.781,12.494,+0050,Male,丙子,gregorian_year_ok,쥐,,requires_solar_term_engine,丙申,乙未,computed_from_public_dataset_time,timed_birth_available_month_requires_solar_term,candidate_pool_with_time_seed_verify_before_final_match,{'rodden': 'AA'}
324,hf-famous-0324-alberto-moravia,Alberto Moravia,https://huggingface.co/datasets/vedastro-org/15000-Famous-People-Birth-Date-Location,public_figure_source_unclassified,,1907-11-28,05:00,timed_public_dataset,,41.891,12.494,+0100,Male,丁未,gregorian_year_ok,양,,requires_solar_term_engine,辛巳,辛卯,computed_from_public_dataset_time,timed_birth_available_month_requires_solar_term,candidate_pool_with_time_seed_verify_before_final_match,{'rodden': 'AA'}
325,hf-famous-0325-alberto-piccinini,Alberto Piccinini,https://huggingface.co/datasets/vedastro-org/15000-Famous-People-Birth-Date-Location,public_figure_source_unclassified,,1923-01-25,04:00,timed_public_dataset,,41.891,12.494,+0100,Male,癸亥,needs_ipchun_check,돼지,,requires_solar_term_engine,戊戌,甲寅,computed_from_public_dataset_time,timed_birth_available_month_requires_solar_term,candidate_pool_with_time_seed_verify_before_final_match,{'rodden': 'AA'}
326,hf-famous-0326-alberto-pimenta,Alberto Pimenta,https://huggingface.co/datasets/vedastro-org/15000-Famous-People-Birth-Date-Location,public_figure_source_unclassified,,1937-12-26,08:30,timed_public_dataset,,41.15,-8.61,+0000,Male,丁丑,gregorian_year_ok,소,,requires_solar_term_engine,丁亥,甲辰,computed_from_public_dataset_time,timed_birth_available_month_requires_solar_term,candidate_pool_with_time_seed_verify_before_final_match,{'rodden': 'AA'}
327,hf-famous-0327-alberto-rabagliati,Alberto Rabagliati,https://huggingface.co/datasets/vedastro-org/15000-Famous-People-Birth-Date-Location,public_figure_source_unclassified,,1906-06-26,18:40,timed_public_dataset,,45.464,9.188,+0100,Male,丙午,gregorian_year_ok,말,,requires_solar_term_engine,辛丑,丁酉,computed_from_public_dataset_time,timed_birth_available_month_requires_solar_term,candidate_pool_with_time_seed_verify_before_final_match,{'rodden': 'AA'}
328,hf-famous-0328-alberto-sordi,Alberto Sordi,https://huggingface.co/datasets/vedastro-org/15000-Famous-People-Birth-Date-Location,public_figure_source_unclassified,,1920-06-15,07:25,timed_public_dataset,,41.891,12.494,+0200,Male,庚申,gregorian_year_ok,원숭이,,requires_solar_term_engine,甲辰,戊辰,computed_from_public_dataset_time,timed_birth_available_month_requires_solar_term,candidate_pool_with_time_seed_verify_before_final_match,{'rodden': 'AA'}
329,hf-famous-0329-albino-galvano,Albino Galvano,https://huggingface.co/datasets/vedastro-org/15000-Famous-People-Birth-Date-Location,public_figure_source_unclassified,,1907-12-16,06:00,timed_public_dataset,,45.068,7.683,+0100,Male,丁未,gregorian_year_ok,양,,requires_solar_term_engine,己亥,丁卯,computed_from_public_dataset_time,timed_birth_available_month_requires_solar_term,candidate_pool_with_time_seed_verify_before_final_match,{'rodden': 'AA'}
330,hf-famous-0330-albrecht-fleckenstein,Albrecht Fleckenstein,https://huggingface.co/datasets/vedastro-org/15000-Famous-People-Birth-Date-Location,public_figure_source_unclassified,,1917-05-03,19:30,timed_public_dataset,,49.973,9.149,+0200,Male,丁巳,gregorian_year_ok,뱀,,requires_solar_term_engine,乙巳,丙戌,computed_from_public_dataset_time,timed_birth_available_month_requires_solar_term,candidate_pool_with_time_seed_verify_before_final_match,{'rodden': 'AA'}
331,hf-famous-0331-albrecht-penck,Albrecht Penck,https://huggingface.co/datasets/vedastro-org/15000-Famous-People-Birth-Date-Location,public_figure_source_unclassified,,1858-09-25,16:15,timed_public_dataset,,51.34,12.371,+0053,Male,戊午,gregorian_year_ok,말,,requires_solar_term_engine,辛酉,丙申,computed_from_public_dataset_time,timed_birth_available_month_requires_solar_term,candidate_pool_with_time_seed_verify_before_final_match,{'rodden': 'AA'}
332,hf-famous-0332-albrecht-ritschl,Albrecht Ritschl,https://huggingface.co/datasets/vedastro-org/15000-Famous-People-Birth-Date-Location,public_figure_source_unclassified,,1822-03-25,04:15,timed_public_dataset,,52.523,13.411,+0053,Male,壬午,gregorian_year_ok,말,,requires_solar_term_engine,戊申,甲寅,computed_from_public_dataset_time,timed_birth_available_month_requires_solar_term,candidate_pool_with_time_seed_verify_before_final_match,{'rodden': 'AA'}
333,hf-famous-0333-alcala-zamora,Alcala Zamora,https://huggingface.co/datasets/vedastro-org/15000-Famous-People-Birth-Date-Location,public_figure_source_unclassified,,1877-07-06,05:45,timed_public_dataset,,40.449,-2.315,-0015,Male,丁丑,gregorian_year_ok,소,,requires_solar_term_engine,庚辰,己卯,computed_from_public_dataset_time,timed_birth_available_month_requires_solar_term,candidate_pool_with_time_seed_verify_before_final_match,{'rodden': 'AA'}
334,hf-famous-0334-alcide-de-gasperi,Alcide De Gasperi,https://huggingface.co/datasets/vedastro-org/15000-Famous-People-Birth-Date-Location,public_figure_source_unclassified,,1881-04-03,04:00,timed_public_dataset,,46.069,11.611,+0050,Male,辛巳,gregorian_year_ok,뱀,,requires_solar_term_engine,丁卯,壬寅,computed_from_public_dataset_time,timed_birth_available_month_requires_solar_term,candidate_pool_with_time_seed_verify_before_final_match,{'rodden': 'AA'}
335,hf-famous-0335-alda-d-eusanio,Alda D'Eusanio,https://huggingface.co/datasets/vedastro-org/15000-Famous-People-Birth-Date-Location,public_figure_source_unclassified,,1950-10-14,08:00,timed_public_dataset,,42.349,14.319,+0100,Female,庚寅,gregorian_year_ok,호랑이,,requires_solar_term_engine,壬午,甲辰,computed_from_public_dataset_time,timed_birth_available_month_requires_solar_term,candidate_pool_with_time_seed_verify_before_final_match,{'rodden': 'AA'}
336,hf-famous-0336-alda-merini,Alda Merini,https://huggingface.co/datasets/vedastro-org/15000-Famous-People-Birth-Date-Location,public_figure_source_unclassified,,1931-03-21,05:00,timed_public_dataset,,45.464,9.188,+0100,Female,辛未,gregorian_year_ok,양,,requires_solar_term_engine,乙亥,己卯,computed_from_public_dataset_time,timed_birth_available_month_requires_solar_term,candidate_pool_with_time_seed_verify_before_final_match,{'rodden': 'AA'}
337,hf-famous-0337-alden-partridge-colvocoresses,Alden Partridge Colvocoresses,https://huggingface.co/datasets/vedastro-org/15000-Famous-People-Birth-Date-Location,public_figure_source_unclassified,,1918-09-23,03:55,timed_public_dataset,,34.528,-112.241,-0600,Male,戊午,gregorian_year_ok,말,,requires_solar_term_engine,癸酉,甲寅,computed_from_public_dataset_time,timed_birth_available_month_requires_solar_term,candidate_pool_with_time_seed_verify_before_final_match,{'rodden': 'AA'}
338,hf-famous-0338-aldo,Aldo,https://huggingface.co/datasets/vedastro-org/15000-Famous-People-Birth-Date-Location,public_figure_source_unclassified,,1958-09-28,05:30,timed_public_dataset,,38.116,13.361,+0100,Male,戊戌,gregorian_year_ok,개,,requires_solar_term_engine,戊申,乙卯,computed_from_public_dataset_time,timed_birth_available_month_requires_solar_term,candidate_pool_with_time_seed_verify_before_final_match,{'rodden': 'AA'}
339,hf-famous-0339-aldo-baglia,Aldo Baglia,https://huggingface.co/datasets/vedastro-org/15000-Famous-People-Birth-Date-Location,public_figure_source_unclassified,,1958-09-28,05:30,timed_public_dataset,,38.116,13.361,+0100,Male,戊戌,gregorian_year_ok,개,,requires_solar_term_engine,戊申,乙卯,computed_from_public_dataset_time,timed_birth_available_month_requires_solar_term,candidate_pool_with_time_seed_verify_before_final_match,{'rodden': 'AA'}
340,hf-famous-0340-aldo-ballarin,Aldo Ballarin,https://huggingface.co/datasets/vedastro-org/15000-Famous-People-Birth-Date-Location,public_figure_source_unclassified,,1922-01-10,07:00,timed_public_dataset,,45.22,12.279,+0100,Male,壬戌,needs_ipchun_check,개,,requires_solar_term_engine,戊寅,丙辰,computed_from_public_dataset_time,timed_birth_available_month_requires_solar_term,candidate_pool_with_time_seed_verify_before_final_match,{'rodden': 'AA'}
341,hf-famous-0341-aldo-boffi,Aldo Boffi,https://huggingface.co/datasets/vedastro-org/15000-Famous-People-Birth-Date-Location,public_figure_source_unclassified,,1915-01-26,18:00,timed_public_dataset,,45.7,9.209,+0100,Male,乙卯,needs_ipchun_check,토끼,,requires_solar_term_engine,丁巳,己酉,computed_from_public_dataset_time,timed_birth_available_month_requires_solar_term,candidate_pool_with_time_seed_verify_before_final_match,{'rodden': 'AA'}
342,hf-famous-0342-aldo-busi,Aldo Busi,https://huggingface.co/datasets/vedastro-org/15000-Famous-People-Birth-Date-Location,public_figure_source_unclassified,,1948-02-25,07:00,timed_public_dataset,,45.412,10.393,+0100,Male,戊子,gregorian_year_ok,쥐,,requires_solar_term_engine,庚辰,庚辰,computed_from_public_dataset_time,timed_birth_available_month_requires_solar_term,candidate_pool_with_time_seed_verify_before_final_match,{'rodden': 'AA'}
343,hf-famous-0343-aldo-campatelli,Aldo Campatelli,https://huggingface.co/datasets/vedastro-org/15000-Famous-People-Birth-Date-Location,public_figure_source_unclassified,,1919-04-07,15:00,timed_public_dataset,,45.464,9.188,+0200,Male,己未,gregorian_year_ok,양,,requires_solar_term_engine,己丑,壬申,computed_from_public_dataset_time,timed_birth_available_month_requires_solar_term,candidate_pool_with_time_seed_verify_before_final_match,{'rodden': 'AA'}
344,hf-famous-0344-aldo-capitini,Aldo Capitini,https://huggingface.co/datasets/vedastro-org/15000-Famous-People-Birth-Date-Location,public_figure_source_unclassified,,1899-12-23,23:00,timed_public_dataset,,43.112,12.39,+0100,Male,己亥,gregorian_year_ok,돼지,,requires_solar_term_engine,乙丑,丙子,computed_from_public_dataset_time,timed_birth_available_month_requires_solar_term,candidate_pool_with_time_seed_verify_before_final_match,{'rodden': 'AA'}
345,hf-famous-0345-aldo-ceccato,Aldo Ceccato,https://huggingface.co/datasets/vedastro-org/15000-Famous-People-Birth-Date-Location,public_figure_source_unclassified,,1934-02-18,15:30,timed_public_dataset,,45.464,9.188,+0100,Male,甲戌,gregorian_year_ok,개,,requires_solar_term_engine,庚申,甲申,computed_from_public_dataset_time,timed_birth_available_month_requires_solar_term,candidate_pool_with_time_seed_verify_before_final_match,{'rodden': 'AA'}
346,hf-famous-0346-aldo-fabrizi,Aldo Fabrizi,https://huggingface.co/datasets/vedastro-org/15000-Famous-People-Birth-Date-Location,public_figure_source_unclassified,,1905-11-01,17:00,timed_public_dataset,,41.891,12.494,+0100,Male,乙巳,gregorian_year_ok,뱀,,requires_solar_term_engine,甲辰,癸酉,computed_from_public_dataset_time,timed_birth_available_month_requires_solar_term,candidate_pool_with_time_seed_verify_before_final_match,{'rodden': 'AA'}
347,hf-famous-0347-aldo-garzanti,Aldo Garzanti,https://huggingface.co/datasets/vedastro-org/15000-Famous-People-Birth-Date-Location,public_figure_source_unclassified,,1883-06-04,22:00,timed_public_dataset,,44.221,12.043,+0050,Male,癸未,gregorian_year_ok,양,,requires_solar_term_engine,己卯,乙亥,computed_from_public_dataset_time,timed_birth_available_month_requires_solar_term,candidate_pool_with_time_seed_verify_before_final_match,{'rodden': 'AA'}
348,hf-famous-0348-aldo-graziati,Aldo Graziati,https://huggingface.co/datasets/vedastro-org/15000-Famous-People-Birth-Date-Location,public_figure_source_unclassified,,1905-01-01,05:00,timed_public_dataset,,45.571,12.108,+0100,Male,乙巳,needs_ipchun_check,뱀,,requires_solar_term_engine,庚子,己卯,computed_from_public_dataset_time,timed_birth_available_month_requires_solar_term,candidate_pool_with_time_seed_verify_before_final_match,{'rodden': 'AA'}
349,hf-famous-0349-aldo-gucci,Aldo Gucci,https://huggingface.co/datasets/vedastro-org/15000-Famous-People-Birth-Date-Location,public_figure_source_unclassified,,1905-05-23,15:00,timed_public_dataset,,43.769,11.257,+0100,Male,乙巳,gregorian_year_ok,뱀,,requires_solar_term_engine,壬戌,戊申,computed_from_public_dataset_time,timed_birth_available_month_requires_solar_term,candidate_pool_with_time_seed_verify_before_final_match,{'rodden': 'AA'}
350,hf-famous-0350-aldo-maccione,Aldo Maccione,https://huggingface.co/datasets/vedastro-org/15000-Famous-People-Birth-Date-Location,public_figure_source_unclassified,,1935-11-27,17:20,timed_public_dataset,,45.068,7.683,+0100,Male,乙亥,gregorian_year_ok,돼지,,requires_solar_term_engine,丁未,己酉,computed_from_public_dataset_time,timed_birth_available_month_requires_solar_term,candidate_pool_with_time_seed_verify_before_final_match,{'rodden': 'AA'}
351,hf-famous-0351-aldo-moro,Aldo Moro,https://huggingface.co/datasets/vedastro-org/15000-Famous-People-Birth-Date-Location,public_figure_source_unclassified,,1916-09-23,09:00,timed_public_dataset,,40.12,18.3,+0200,Male,丙辰,gregorian_year_ok,용,,requires_solar_term_engine,癸亥,丁巳,computed_from_public_dataset_time,timed_birth_available_month_requires_solar_term,candidate_pool_with_time_seed_verify_before_final_match,{'rodden': 'AA'}
352,hf-famous-0352-aldo-olivieri,Aldo Olivieri,https://huggingface.co/datasets/vedastro-org/15000-Famous-People-Birth-Date-Location,public_figure_source_unclassified,,1910-10-02,11:30,timed_public_dataset,,45.438,10.992,+0100,Male,庚戌,gregorian_year_ok,개,,requires_solar_term_engine,庚子,壬午,computed_from_public_dataset_time,timed_birth_available_month_requires_solar_term,candidate_pool_with_time_seed_verify_before_final_match,{'rodden': 'AA'}
353,hf-famous-0353-aldo-palazzeschi,Aldo Palazzeschi,https://huggingface.co/datasets/vedastro-org/15000-Famous-People-Birth-Date-Location,public_figure_source_unclassified,,1885-02-02,01:00,timed_public_dataset,,43.769,11.257,+0050,Male,乙酉,needs_ipchun_check,닭,,requires_solar_term_engine,戊子,癸丑,computed_from_public_dataset_time,timed_birth_available_month_requires_solar_term,candidate_pool_with_time_seed_verify_before_final_match,{'rodden': 'AA'}
354,hf-famous-0354-aldo-puccinelli,Aldo Puccinelli,https://huggingface.co/datasets/vedastro-org/15000-Famous-People-Birth-Date-Location,public_figure_source_unclassified,,1920-12-25,19:30,timed_public_dataset,,43.71,10.62,+0100,Male,庚申,gregorian_year_ok,원숭이,,requires_solar_term_engine,丁巳,庚戌,computed_from_public_dataset_time,timed_birth_available_month_requires_solar_term,candidate_pool_with_time_seed_verify_before_final_match,{'rodden': 'AA'}
355,hf-famous-0355-aldo-serena,Aldo Serena,https://huggingface.co/datasets/vedastro-org/15000-Famous-People-Birth-Date-Location,public_figure_source_unclassified,,1960-06-25,02:20,timed_public_dataset,,45.778,12.046,+0100,Male,庚子,gregorian_year_ok,쥐,,requires_solar_term_engine,甲申,乙丑,computed_from_public_dataset_time,timed_birth_available_month_requires_solar_term,candidate_pool_with_time_seed_verify_before_final_match,{'rodden': 'AA'}
356,hf-famous-0356-aldo-silvani,Aldo Silvani,https://huggingface.co/datasets/vedastro-org/15000-Famous-People-Birth-Date-Location,public_figure_source_unclassified,,1891-01-21,11:00,timed_public_dataset,,45.068,7.683,+0050,Male,辛卯,needs_ipchun_check,토끼,,requires_solar_term_engine,丁未,丙午,computed_from_public_dataset_time,timed_birth_available_month_requires_solar_term,candidate_pool_with_time_seed_verify_before_final_match,{'rodden': 'AA'}
357,hf-famous-0357-aldo-spoldi,Aldo Spoldi,https://huggingface.co/datasets/vedastro-org/15000-Famous-People-Birth-Date-Location,public_figure_source_unclassified,,1912-01-23,08:56,timed_public_dataset,,45.22,9.695,+0100,Male,壬子,needs_ipchun_check,쥐,,requires_solar_term_engine,戊戌,丙辰,computed_from_public_dataset_time,timed_birth_available_month_requires_solar_term,candidate_pool_with_time_seed_verify_before_final_match,{'rodden': 'AA'}
358,hf-famous-0358-alec-william-badenoch,Alec William Badenoch,https://huggingface.co/datasets/vedastro-org/15000-Famous-People-Birth-Date-Location,public_figure_source_unclassified,,1903-06-23,16:20,timed_public_dataset,,57.663,-2.523,+0000,Male,癸卯,gregorian_year_ok,토끼,,requires_solar_term_engine,壬午,戊申,computed_from_public_dataset_time,timed_birth_available_month_requires_solar_term,candidate_pool_with_time_seed_verify_before_final_match,{'rodden': 'AA'}
359,hf-famous-0359-alene-bertha-duerk,Alene Bertha Duerk,https://huggingface.co/datasets/vedastro-org/15000-Famous-People-Birth-Date-Location,public_figure_source_unclassified,,1920-03-29,01:15,timed_public_dataset,,41.287,-84.362,-0400,Female,庚申,gregorian_year_ok,원숭이,,requires_solar_term_engine,丙戌,己丑,computed_from_public_dataset_time,timed_birth_available_month_requires_solar_term,candidate_pool_with_time_seed_verify_before_final_match,{'rodden': 'AA'}
360,hf-famous-0360-alenya-bortolotto,Alenya Bortolotto,https://huggingface.co/datasets/vedastro-org/15000-Famous-People-Birth-Date-Location,public_figure_source_unclassified,,1976-03-21,01:30,timed_public_dataset,,45.853,9.39,+0100,Female,丙辰,gregorian_year_ok,용,,requires_solar_term_engine,壬申,辛丑,computed_from_public_dataset_time,timed_birth_available_month_requires_solar_term,candidate_pool_with_time_seed_verify_before_final_match,{'rodden': 'AA'}
361,hf-famous-0361-alessandra-canale,Alessandra Canale,https://huggingface.co/datasets/vedastro-org/15000-Famous-People-Birth-Date-Location,public_figure_source_unclassified,,1963-10-31,22:00,timed_public_dataset,,41.256,13.606,+0100,Female,癸卯,gregorian_year_ok,토끼,,requires_solar_term_engine,丁未,辛亥,computed_from_public_dataset_time,timed_birth_available_month_requires_solar_term,candidate_pool_with_time_seed_verify_before_final_match,{'rodden': 'AA'}
362,hf-famous-0362-alessandra-meloni,Alessandra Meloni,https://huggingface.co/datasets/vedastro-org/15000-Famous-People-Birth-Date-Location,public_figure_source_unclassified,,1972-11-02,06:35,timed_public_dataset,,39.215,9.109,+0100,Female,壬子,gregorian_year_ok,쥐,,requires_solar_term_engine,丁酉,癸卯,computed_from_public_dataset_time,timed_birth_available_month_requires_solar_term,candidate_pool_with_time_seed_verify_before_final_match,{'rodden': 'AA'}
363,hf-famous-0363-alessandra-mussolini,Alessandra Mussolini,https://huggingface.co/datasets/vedastro-org/15000-Famous-People-Birth-Date-Location,public_figure_source_unclassified,,1962-12-30,13:00,timed_public_dataset,,41.891,12.494,+0100,Female,壬寅,gregorian_year_ok,호랑이,,requires_solar_term_engine,壬寅,丁未,computed_from_public_dataset_time,timed_birth_available_month_requires_solar_term,candidate_pool_with_time_seed_verify_before_final_match,{'rodden': 'AA'}
364,hf-famous-0364-alessandra-sensini,Alessandra Sensini,https://huggingface.co/datasets/vedastro-org/15000-Famous-People-Birth-Date-Location,public_figure_source_unclassified,,1970-01-26,15:30,timed_public_dataset,,42.763,11.113,+0100,Female,庚戌,needs_ipchun_check,개,,requires_solar_term_engine,丙午,丙申,computed_from_public_dataset_time,timed_birth_available_month_requires_solar_term,candidate_pool_with_time_seed_verify_before_final_match,{'rodden': 'AA'}
365,hf-famous-0365-alessandra-sublet,Alessandra Sublet,https://huggingface.co/datasets/vedastro-org/15000-Famous-People-Birth-Date-Location,public_figure_source_unclassified,,1976-10-05,14:30,timed_public_dataset,,45.767,4.834,+0100,Female,丙辰,gregorian_year_ok,용,,requires_solar_term_engine,庚寅,癸未,computed_from_public_dataset_time,timed_birth_available_month_requires_solar_term,candidate_pool_with_time_seed_verify_before_final_match,{'rodden': 'AA'}
366,hf-famous-0366-alessandra-virginio,Alessandra Virginio,https://huggingface.co/datasets/vedastro-org/15000-Famous-People-Birth-Date-Location,public_figure_source_unclassified,,1965-02-19,10:20,timed_public_dataset,,45.907,13.311,+0100,Female,乙巳,gregorian_year_ok,뱀,,requires_solar_term_engine,甲辰,己巳,computed_from_public_dataset_time,timed_birth_available_month_requires_solar_term,candidate_pool_with_time_seed_verify_before_final_match,{'rodden': 'AA'}
367,hf-famous-0367-alessandro-benetton,Alessandro Benetton,https://huggingface.co/datasets/vedastro-org/15000-Famous-People-Birth-Date-Location,public_figure_source_unclassified,,1964-03-02,11:00,timed_public_dataset,,45.666,12.242,+0100,Male,甲辰,gregorian_year_ok,용,,requires_solar_term_engine,庚戌,壬午,computed_from_public_dataset_time,timed_birth_available_month_requires_solar_term,candidate_pool_with_time_seed_verify_before_final_match,{'rodden': 'AA'}
368,hf-famous-0368-alessandro-benvenuti,Alessandro Benvenuti,https://huggingface.co/datasets/vedastro-org/15000-Famous-People-Birth-Date-Location,public_figure_source_unclassified,,1950-01-31,05:00,timed_public_dataset,,43.772,11.504,+0100,Male,庚寅,needs_ipchun_check,호랑이,,requires_solar_term_engine,丙寅,辛卯,computed_from_public_dataset_time,timed_birth_available_month_requires_solar_term,candidate_pool_with_time_seed_verify_before_final_match,{'rodden': 'AA'}
369,hf-famous-0369-alessandro-blasetti,Alessandro Blasetti,https://huggingface.co/datasets/vedastro-org/15000-Famous-People-Birth-Date-Location,public_figure_source_unclassified,,1900-07-03,11:20,timed_public_dataset,,41.891,12.494,+0100,Male,庚子,gregorian_year_ok,쥐,,requires_solar_term_engine,丁丑,丙午,computed_from_public_dataset_time,timed_birth_available_month_requires_solar_term,candidate_pool_with_time_seed_verify_before_final_match,{'rodden': 'AA'}
370,hf-famous-0370-alessandro-calcaterra,Alessandro Calcaterra,https://huggingface.co/datasets/vedastro-org/15000-Famous-People-Birth-Date-Location,public_figure_source_unclassified,,1975-05-26,09:30,timed_public_dataset,,42.091,11.797,+0100,Male,乙卯,gregorian_year_ok,토끼,,requires_solar_term_engine,壬申,乙巳,computed_from_public_dataset_time,timed_birth_available_month_requires_solar_term,candidate_pool_with_time_seed_verify_before_final_match,{'rodden': 'AA'}
371,hf-famous-0371-alessandro-campagna,Alessandro Campagna,https://huggingface.co/datasets/vedastro-org/15000-Famous-People-Birth-Date-Location,public_figure_source_unclassified,,1963-06-26,01:00,timed_public_dataset,,38.116,13.361,+0100,Male,癸卯,gregorian_year_ok,토끼,,requires_solar_term_engine,庚子,丁丑,computed_from_public_dataset_time,timed_birth_available_month_requires_solar_term,candidate_pool_with_time_seed_verify_before_final_match,{'rodden': 'AA'}
372,hf-famous-0372-alessandro-chionna,Alessandro Chionna,https://huggingface.co/datasets/vedastro-org/15000-Famous-People-Birth-Date-Location,public_figure_source_unclassified,,1967-07-05,12:10,timed_public_dataset,,45.464,9.188,+0200,Male,丁未,gregorian_year_ok,양,,requires_solar_term_engine,庚午,壬午,computed_from_public_dataset_time,timed_birth_available_month_requires_solar_term,candidate_pool_with_time_seed_verify_before_final_match,{'rodden': 'AA'}
373,hf-famous-0373-alessandro-cicognini,Alessandro Cicognini,https://huggingface.co/datasets/vedastro-org/15000-Famous-People-Birth-Date-Location,public_figure_source_unclassified,,1906-01-25,04:00,timed_public_dataset,,42.465,14.214,+0100,Male,丙午,needs_ipchun_check,말,,requires_solar_term_engine,己巳,丙寅,computed_from_public_dataset_time,timed_birth_available_month_requires_solar_term,candidate_pool_with_time_seed_verify_before_final_match,{'rodden': 'AA'}
374,hf-famous-0374-alessandro-d-ottavio,Alessandro D'Ottavio,https://huggingface.co/datasets/vedastro-org/15000-Famous-People-Birth-Date-Location,public_figure_source_unclassified,,1926-08-26,07:00,timed_public_dataset,,41.891,12.494,+0100,Male,丙寅,gregorian_year_ok,호랑이,,requires_solar_term_engine,丁亥,甲辰,computed_from_public_dataset_time,timed_birth_available_month_requires_solar_term,candidate_pool_with_time_seed_verify_before_final_match,{'rodden': 'AA'}
375,hf-famous-0375-alessandro-de-simone,Alessandro De Simone,https://huggingface.co/datasets/vedastro-org/15000-Famous-People-Birth-Date-Location,public_figure_source_unclassified,,1980-10-19,13:50,timed_public_dataset,,44.494,11.347,+0100,Male,庚申,gregorian_year_ok,원숭이,,requires_solar_term_engine,乙丑,癸未,computed_from_public_dataset_time,timed_birth_available_month_requires_solar_term,candidate_pool_with_time_seed_verify_before_final_match,{'rodden': 'AA'}
376,hf-famous-0376-alessandro-grego,Alessandro Grego,https://huggingface.co/datasets/vedastro-org/15000-Famous-People-Birth-Date-Location,public_figure_source_unclassified,,1972-03-07,10:00,timed_public_dataset,,40.54,17.435,+0100,Male,壬子,gregorian_year_ok,쥐,,requires_solar_term_engine,丁酉,乙巳,computed_from_public_dataset_time,timed_birth_available_month_requires_solar_term,candidate_pool_with_time_seed_verify_before_final_match,{'rodden': 'AA'}
377,hf-famous-0377-alessandro-haber,Alessandro Haber,https://huggingface.co/datasets/vedastro-org/15000-Famous-People-Birth-Date-Location,public_figure_source_unclassified,,1947-01-19,09:40,timed_public_dataset,,44.494,11.347,+0100,Male,丁亥,needs_ipchun_check,돼지,,requires_solar_term_engine,戊戌,丁巳,computed_from_public_dataset_time,timed_birth_available_month_requires_solar_term,candidate_pool_with_time_seed_verify_before_final_match,{'rodden': 'AA'}
378,hf-famous-0378-alessandro-lorenti,Alessandro Lorenti,https://huggingface.co/datasets/vedastro-org/15000-Famous-People-Birth-Date-Location,public_figure_source_unclassified,,1977-04-12,20:35,timed_public_dataset,,44.494,11.347,+0100,Male,丁巳,gregorian_year_ok,뱀,,requires_solar_term_engine,己亥,甲戌,computed_from_public_dataset_time,timed_birth_available_month_requires_solar_term,candidate_pool_with_time_seed_verify_before_final_match,{'rodden': 'AA'}
379,hf-famous-0379-alessandro-manzoni,Alessandro Manzoni,https://huggingface.co/datasets/vedastro-org/15000-Famous-People-Birth-Date-Location,public_figure_source_unclassified,,1785-03-07,08:00,timed_public_dataset,,45.464,9.188,+0050,Male,乙巳,gregorian_year_ok,뱀,,requires_solar_term_engine,丁丑,甲辰,computed_from_public_dataset_time,timed_birth_available_month_requires_solar_term,candidate_pool_with_time_seed_verify_before_final_match,{'rodden': 'AA'}
380,hf-famous-0380-alessandro-momo,Alessandro Momo,https://huggingface.co/datasets/vedastro-org/15000-Famous-People-Birth-Date-Location,public_figure_source_unclassified,,1956-11-26,12:50,timed_public_dataset,,41.891,12.494,+0100,Male,丙申,gregorian_year_ok,원숭이,,requires_solar_term_engine,丁酉,丙午,computed_from_public_dataset_time,timed_birth_available_month_requires_solar_term,candidate_pool_with_time_seed_verify_before_final_match,{'rodden': 'AA'}
381,hf-famous-0381-alessandro-moreschi,Alessandro Moreschi,https://huggingface.co/datasets/vedastro-org/15000-Famous-People-Birth-Date-Location,public_figure_source_unclassified,,1858-11-11,11:00,timed_public_dataset,,41.807,12.736,+0050,Male,戊午,gregorian_year_ok,말,,requires_solar_term_engine,戊申,戊午,computed_from_public_dataset_time,timed_birth_available_month_requires_solar_term,candidate_pool_with_time_seed_verify_before_final_match,{'rodden': 'AA'}
382,hf-famous-0382-alessandro-nannini,Alessandro Nannini,https://huggingface.co/datasets/vedastro-org/15000-Famous-People-Birth-Date-Location,public_figure_source_unclassified,,1959-07-07,20:00,timed_public_dataset,,43.319,11.331,+0100,Male,己亥,gregorian_year_ok,돼지,,requires_solar_term_engine,庚寅,丙戌,computed_from_public_dataset_time,timed_birth_available_month_requires_solar_term,candidate_pool_with_time_seed_verify_before_final_match,{'rodden': 'AA'}
383,hf-famous-0383-alessandro-natta,Alessandro Natta,https://huggingface.co/datasets/vedastro-org/15000-Famous-People-Birth-Date-Location,public_figure_source_unclassified,,1918-01-07,02:00,timed_public_dataset,,43.888,8.032,+0100,Male,戊午,needs_ipchun_check,말,,requires_solar_term_engine,甲寅,乙丑,computed_from_public_dataset_time,timed_birth_available_month_requires_solar_term,candidate_pool_with_time_seed_verify_before_final_match,{'rodden': 'AA'}
384,hf-famous-0384-alessandro-nivola,Alessandro Nivola,https://huggingface.co/datasets/vedastro-org/15000-Famous-People-Birth-Date-Location,public_figure_source_unclassified,,1972-06-28,06:30,timed_public_dataset,,42.359,-71.059,-0400,Male,壬子,gregorian_year_ok,쥐,,requires_solar_term_engine,庚寅,己卯,computed_from_public_dataset_time,timed_birth_available_month_requires_solar_term,candidate_pool_with_time_seed_verify_before_final_match,{'rodden': 'AA'}
385,hf-famous-0385-alessandro-penna,Alessandro Penna,https://huggingface.co/datasets/vedastro-org/15000-Famous-People-Birth-Date-Location,public_figure_source_unclassified,,1906-06-12,01:45,timed_public_dataset,,43.112,12.39,+0100,Male,丙午,gregorian_year_ok,말,,requires_solar_term_engine,丁亥,辛丑,computed_from_public_dataset_time,timed_birth_available_month_requires_solar_term,candidate_pool_with_time_seed_verify_before_final_match,{'rodden': 'AA'}
386,hf-famous-0386-alessandro-puccini,Alessandro Puccini,https://huggingface.co/datasets/vedastro-org/15000-Famous-People-Birth-Date-Location,public_figure_source_unclassified,,1968-08-28,10:15,timed_public_dataset,,43.677,10.547,+0200,Male,戊申,gregorian_year_ok,원숭이,,requires_solar_term_engine,庚午,辛巳,computed_from_public_dataset_time,timed_birth_available_month_requires_solar_term,candidate_pool_with_time_seed_verify_before_final_match,{'rodden': 'AA'}
387,hf-famous-0387-alessandro-ruffo,Alessandro Ruffo,https://huggingface.co/datasets/vedastro-org/15000-Famous-People-Birth-Date-Location,public_figure_source_unclassified,,1964-11-04,20:30,timed_public_dataset,,45.068,7.683,+0100,Male,甲辰,gregorian_year_ok,용,,requires_solar_term_engine,丁巳,庚戌,computed_from_public_dataset_time,timed_birth_available_month_requires_solar_term,candidate_pool_with_time_seed_verify_before_final_match,{'rodden': 'AA'}
388,hf-famous-0388-alessia-marcuzzi,Alessia Marcuzzi,https://huggingface.co/datasets/vedastro-org/15000-Famous-People-Birth-Date-Location,public_figure_source_unclassified,,1972-11-11,14:45,timed_public_dataset,,41.891,12.494,+0100,Female,壬子,gregorian_year_ok,쥐,,requires_solar_term_engine,丙午,乙未,computed_from_public_dataset_time,timed_birth_available_month_requires_solar_term,candidate_pool_with_time_seed_verify_before_final_match,{'rodden': 'AA'}
389,hf-famous-0389-alessio-boni,Alessio Boni,https://huggingface.co/datasets/vedastro-org/15000-Famous-People-Birth-Date-Location,public_figure_source_unclassified,,1966-07-04,10:30,timed_public_dataset,,45.668,9.958,+0200,Male,丙午,gregorian_year_ok,말,,requires_solar_term_engine,甲子,己巳,computed_from_public_dataset_time,timed_birth_available_month_requires_solar_term,candidate_pool_with_time_seed_verify_before_final_match,{'rodden': 'AA'}
390,hf-famous-0390-alex-arredondo,Alex Arredondo,https://huggingface.co/datasets/vedastro-org/15000-Famous-People-Birth-Date-Location,public_figure_source_unclassified,,1984-08-05,01:22,timed_public_dataset,,42.359,-71.059,-0400,Male,甲子,gregorian_year_ok,쥐,,requires_solar_term_engine,辛未,己丑,computed_from_public_dataset_time,timed_birth_available_month_requires_solar_term,candidate_pool_with_time_seed_verify_before_final_match,{'rodden': 'AA'}
391,hf-famous-0391-alex-baroni,Alex Baroni,https://huggingface.co/datasets/vedastro-org/15000-Famous-People-Birth-Date-Location,public_figure_source_unclassified,,1966-12-22,15:40,timed_public_dataset,,45.464,9.188,+0100,Male,丙午,gregorian_year_ok,말,,requires_solar_term_engine,乙卯,甲申,computed_from_public_dataset_time,timed_birth_available_month_requires_solar_term,candidate_pool_with_time_seed_verify_before_final_match,{'rodden': 'AA'}
392,hf-famous-0392-alex-benzie,Alex Benzie,https://huggingface.co/datasets/vedastro-org/15000-Famous-People-Birth-Date-Location,public_figure_source_unclassified,,1961-06-30,12:55,timed_public_dataset,,55.866,-4.257,+0100,Male,辛丑,gregorian_year_ok,소,,requires_solar_term_engine,甲午,庚午,computed_from_public_dataset_time,timed_birth_available_month_requires_solar_term,candidate_pool_with_time_seed_verify_before_final_match,{'rodden': 'AA'}
393,hf-famous-0393-alex-ferguson,Alex Ferguson,https://huggingface.co/datasets/vedastro-org/15000-Famous-People-Birth-Date-Location,public_figure_source_unclassified,,1941-12-31,16:30,timed_public_dataset,,55.866,-4.257,+0100,Male,辛巳,gregorian_year_ok,뱀,,requires_solar_term_engine,癸丑,庚申,computed_from_public_dataset_time,timed_birth_available_month_requires_solar_term,candidate_pool_with_time_seed_verify_before_final_match,{'rodden': 'AA'}
394,hf-famous-0394-alex-groza,Alex Groza,https://huggingface.co/datasets/vedastro-org/15000-Famous-People-Birth-Date-Location,public_figure_source_unclassified,,1926-10-07,21:45,timed_public_dataset,,40.096,-80.724,-0500,Male,丙寅,gregorian_year_ok,호랑이,,requires_solar_term_engine,己巳,乙亥,computed_from_public_dataset_time,timed_birth_available_month_requires_solar_term,candidate_pool_with_time_seed_verify_before_final_match,{'rodden': 'AA'}
395,hf-famous-0395-alex-haley,Alex Haley,https://huggingface.co/datasets/vedastro-org/15000-Famous-People-Birth-Date-Location,public_figure_source_unclassified,,1921-08-11,04:55,timed_public_dataset,,42.44,-76.496,-0400,Male,辛酉,gregorian_year_ok,닭,,requires_solar_term_engine,丙午,庚寅,computed_from_public_dataset_time,timed_birth_available_month_requires_solar_term,candidate_pool_with_time_seed_verify_before_final_match,{'rodden': 'AA'}
396,hf-famous-0396-alex-harvey,Alex Harvey,https://huggingface.co/datasets/vedastro-org/15000-Famous-People-Birth-Date-Location,public_figure_source_unclassified,,1935-02-05,07:15,timed_public_dataset,,55.866,-4.257,+0000,Male,乙亥,needs_ipchun_check,돼지,,requires_solar_term_engine,壬子,甲辰,computed_from_public_dataset_time,timed_birth_available_month_requires_solar_term,candidate_pool_with_time_seed_verify_before_final_match,{'rodden': 'AA'}
397,hf-famous-0397-alex-hill,Alex Hill,https://huggingface.co/datasets/vedastro-org/15000-Famous-People-Birth-Date-Location,public_figure_source_unclassified,,1954-08-09,14:35,timed_public_dataset,,55.866,-4.257,+0100,Male,甲午,gregorian_year_ok,말,,requires_solar_term_engine,丁酉,丁未,computed_from_public_dataset_time,timed_birth_available_month_requires_solar_term,candidate_pool_with_time_seed_verify_before_final_match,{'rodden': 'AA'}
398,hf-famous-0398-alex-jany,Alex Jany,https://huggingface.co/datasets/vedastro-org/15000-Famous-People-Birth-Date-Location,public_figure_source_unclassified,,1929-01-05,09:00,timed_public_dataset,,43.604,1.445,+0000,Male,己巳,needs_ipchun_check,뱀,,requires_solar_term_engine,庚戌,辛巳,computed_from_public_dataset_time,timed_birth_available_month_requires_solar_term,candidate_pool_with_time_seed_verify_before_final_match,{'rodden': 'AA'}
399,hf-famous-0399-alex-kitson,Alex Kitson,https://huggingface.co/datasets/vedastro-org/15000-Famous-People-Birth-Date-Location,public_figure_source_unclassified,,1921-10-21,11:30,timed_public_dataset,,55.895,-3.463,+0000,Male,辛酉,gregorian_year_ok,닭,,requires_solar_term_engine,丁巳,丙午,computed_from_public_dataset_time,timed_birth_available_month_requires_solar_term,candidate_pool_with_time_seed_verify_before_final_match,{'rodden': 'AA'}
400,hf-famous-0400-alex-lutz,Alex Lutz,https://huggingface.co/datasets/vedastro-org/15000-Famous-People-Birth-Date-Location,public_figure_source_unclassified,,1978-08-24,23:55,timed_public_dataset,,48.583,7.744,+0200,Male,戊午,gregorian_year_ok,말,,requires_solar_term_engine,戊午,壬子,computed_from_public_dataset_time,timed_birth_available_month_requires_solar_term,candidate_pool_with_time_seed_verify_before_final_match,{'rodden': 'AA'}
401,hf-famous-0401-alex-m-tayer,Alex Métayer,https://huggingface.co/datasets/vedastro-org/15000-Famous-People-Birth-Date-Location,public_figure_source_unclassified,,1930-03-19,04:30,timed_public_dataset,,43.475,5.167,+0000,Male,庚午,gregorian_year_ok,말,,requires_solar_term_engine,戊辰,甲寅,computed_from_public_dataset_time,timed_birth_available_month_requires_solar_term,candidate_pool_with_time_seed_verify_before_final_match,{'rodden': 'AA'}
402,hf-famous-0402-alex-olmedo,Alex Olmedo,https://huggingface.co/datasets/vedastro-org/15000-Famous-People-Birth-Date-Location,public_figure_source_unclassified,,1936-03-24,09:30,timed_public_dataset,,-16.399,-71.537,-0500,Male,丙子,gregorian_year_ok,쥐,,requires_solar_term_engine,乙巳,辛巳,computed_from_public_dataset_time,timed_birth_available_month_requires_solar_term,candidate_pool_with_time_seed_verify_before_final_match,{'rodden': 'AA'}
403,hf-famous-0403-alex-romero,Alex Romero,https://huggingface.co/datasets/vedastro-org/15000-Famous-People-Birth-Date-Location,public_figure_source_unclassified,,1913-08-19,20:00,timed_public_dataset,,29.425,-98.495,-0600,Male,癸丑,gregorian_year_ok,소,,requires_solar_term_engine,壬申,庚戌,computed_from_public_dataset_time,timed_birth_available_month_requires_solar_term,candidate_pool_with_time_seed_verify_before_final_match,{'rodden': 'AA'}
404,hf-famous-0404-alex-sinnaeve,Alex Sinnaeve,https://huggingface.co/datasets/vedastro-org/15000-Famous-People-Birth-Date-Location,public_figure_source_unclassified,,1925-11-21,20:30,timed_public_dataset,,51.182,3.093,+0000,Male,乙丑,gregorian_year_ok,소,,requires_solar_term_engine,己酉,甲戌,computed_from_public_dataset_time,timed_birth_available_month_requires_solar_term,candidate_pool_with_time_seed_verify_before_final_match,{'rodden': 'AA'}
405,hf-famous-0405-alex-th-pot,Alex Thépot,https://huggingface.co/datasets/vedastro-org/15000-Famous-People-Birth-Date-Location,public_figure_source_unclassified,,1906-07-30,14:30,timed_public_dataset,,48.39,-4.487,+0009,Male,丙午,gregorian_year_ok,말,,requires_solar_term_engine,乙亥,癸未,computed_from_public_dataset_time,timed_birth_available_month_requires_solar_term,candidate_pool_with_time_seed_verify_before_final_match,{'rodden': 'AA'}
406,hf-famous-0406-alexander,Alexander,https://huggingface.co/datasets/vedastro-org/15000-Famous-People-Birth-Date-Location,public_figure_source_unclassified,,1951-01-27,03:00,timed_public_dataset,,45.068,7.683,+0100,Male,辛卯,needs_ipchun_check,토끼,,requires_solar_term_engine,丁卯,壬寅,computed_from_public_dataset_time,timed_birth_available_month_requires_solar_term,candidate_pool_with_time_seed_verify_before_final_match,{'rodden': 'AA'}
407,hf-famous-0407-alexander-b-trowbridge,Alexander B. Trowbridge,https://huggingface.co/datasets/vedastro-org/15000-Famous-People-Birth-Date-Location,public_figure_source_unclassified,,1929-12-12,13:05,timed_public_dataset,,40.894,-73.974,-0500,Male,己巳,gregorian_year_ok,뱀,,requires_solar_term_engine,辛卯,乙未,computed_from_public_dataset_time,timed_birth_available_month_requires_solar_term,candidate_pool_with_time_seed_verify_before_final_match,{'rodden': 'AA'}
408,hf-famous-0408-alexander-campbell,Alexander Campbell,https://huggingface.co/datasets/vedastro-org/15000-Famous-People-Birth-Date-Location,public_figure_source_unclassified,,1914-06-14,01:50,timed_public_dataset,,57.676,-2.965,+0000,Male,甲寅,gregorian_year_ok,호랑이,,requires_solar_term_engine,辛未,己丑,computed_from_public_dataset_time,timed_birth_available_month_requires_solar_term,candidate_pool_with_time_seed_verify_before_final_match,{'rodden': 'AA'}
409,hf-famous-0409-alexander-eadie,Alexander Eadie,https://huggingface.co/datasets/vedastro-org/15000-Famous-People-Birth-Date-Location,public_figure_source_unclassified,,1920-06-23,13:00,timed_public_dataset,,55.866,-4.257,+0100,Male,庚申,gregorian_year_ok,원숭이,,requires_solar_term_engine,壬子,丁未,computed_from_public_dataset_time,timed_birth_available_month_requires_solar_term,candidate_pool_with_time_seed_verify_before_final_match,{'rodden': 'AA'}
410,hf-famous-0410-alexander-fleck,Alexander Fleck,https://huggingface.co/datasets/vedastro-org/15000-Famous-People-Birth-Date-Location,public_figure_source_unclassified,,1889-11-11,12:35,timed_public_dataset,,55.866,-4.257,+0000,Male,己丑,gregorian_year_ok,소,,requires_solar_term_engine,辛卯,甲午,computed_from_public_dataset_time,timed_birth_available_month_requires_solar_term,candidate_pool_with_time_seed_verify_before_final_match,{'rodden': 'AA'}
411,hf-famous-0411-alexander-fleming,Alexander Fleming,https://huggingface.co/datasets/vedastro-org/15000-Famous-People-Birth-Date-Location,public_figure_source_unclassified,,1881-08-06,02:00,timed_public_dataset,,55.61,-4.282,+0000,Male,辛巳,gregorian_year_ok,뱀,,requires_solar_term_engine,壬申,辛丑,computed_from_public_dataset_time,timed_birth_available_month_requires_solar_term,candidate_pool_with_time_seed_verify_before_final_match,{'rodden': 'AA'}
412,hf-famous-0412-alexander-gillon,Alexander Gillon,https://huggingface.co/datasets/vedastro-org/15000-Famous-People-Birth-Date-Location,public_figure_source_unclassified,,1741-08-13,13:00,timed_public_dataset,,51.923,4.471,+0018,Male,辛酉,gregorian_year_ok,닭,,requires_solar_term_engine,乙丑,癸未,computed_from_public_dataset_time,timed_birth_available_month_requires_solar_term,candidate_pool_with_time_seed_verify_before_final_match,{'rodden': 'AA'}
413,hf-famous-0413-alexander-graham-bell,Alexander Graham Bell,https://huggingface.co/datasets/vedastro-org/15000-Famous-People-Birth-Date-Location,public_figure_source_unclassified,,1847-03-03,07:00,timed_public_dataset,,55.95,-3.188,-0001,Male,丁未,gregorian_year_ok,양,,requires_solar_term_engine,丁酉,甲辰,computed_from_public_dataset_time,timed_birth_available_month_requires_solar_term,candidate_pool_with_time_seed_verify_before_final_match,{'rodden': 'AA'}
414,hf-famous-0414-alexander-grothendieck,Alexander Grothendieck,https://huggingface.co/datasets/vedastro-org/15000-Famous-People-Birth-Date-Location,public_figure_source_unclassified,,1928-03-28,00:45,timed_public_dataset,,52.523,13.411,+0100,Male,戊辰,gregorian_year_ok,용,,requires_solar_term_engine,丁卯,庚子,computed_from_public_dataset_time,timed_birth_available_month_requires_solar_term,candidate_pool_with_time_seed_verify_before_final_match,{'rodden': 'AA'}
415,hf-famous-0415-alexander-hughes,Alexander Hughes,https://huggingface.co/datasets/vedastro-org/15000-Famous-People-Birth-Date-Location,public_figure_source_unclassified,,1991-12-16,09:57,timed_public_dataset,,34.011,-118.492,-0800,Male,辛未,gregorian_year_ok,양,,requires_solar_term_engine,庚申,辛巳,computed_from_public_dataset_time,timed_birth_available_month_requires_solar_term,candidate_pool_with_time_seed_verify_before_final_match,{'rodden': 'AA'}
416,hf-famous-0416-alexander-irvine,Alexander Irvine,https://huggingface.co/datasets/vedastro-org/15000-Famous-People-Birth-Date-Location,public_figure_source_unclassified,,1940-06-23,04:15,timed_public_dataset,,57.477,-4.231,+0100,Male,庚辰,gregorian_year_ok,용,,requires_solar_term_engine,丁酉,壬寅,computed_from_public_dataset_time,timed_birth_available_month_requires_solar_term,candidate_pool_with_time_seed_verify_before_final_match,{'rodden': 'AA'}
417,hf-famous-0417-alexander-neill,Alexander Neill,https://huggingface.co/datasets/vedastro-org/15000-Famous-People-Birth-Date-Location,public_figure_source_unclassified,,1883-10-17,23:00,timed_public_dataset,,56.644,-2.889,+0000,Male,癸未,gregorian_year_ok,양,,requires_solar_term_engine,甲午,甲子,computed_from_public_dataset_time,timed_birth_available_month_requires_solar_term,candidate_pool_with_time_seed_verify_before_final_match,{'rodden': 'AA'}
418,hf-famous-0418-alexander-ruperti,Alexander Ruperti,https://huggingface.co/datasets/vedastro-org/15000-Famous-People-Birth-Date-Location,public_figure_source_unclassified,,1913-05-23,22:30,timed_public_dataset,,48.777,9.181,+0100,Male,癸丑,gregorian_year_ok,소,,requires_solar_term_engine,甲辰,乙亥,computed_from_public_dataset_time,timed_birth_available_month_requires_solar_term,candidate_pool_with_time_seed_verify_before_final_match,{'rodden': 'AA'}
419,hf-famous-0419-alexander-salmond,Alexander Salmond,https://huggingface.co/datasets/vedastro-org/15000-Famous-People-Birth-Date-Location,public_figure_source_unclassified,,1954-12-31,16:30,timed_public_dataset,,55.978,-3.594,+0000,Male,甲午,gregorian_year_ok,말,,requires_solar_term_engine,辛酉,丙申,computed_from_public_dataset_time,timed_birth_available_month_requires_solar_term,candidate_pool_with_time_seed_verify_before_final_match,{'rodden': 'AA'}
420,hf-famous-0420-alexander-scott,Alexander Scott,https://huggingface.co/datasets/vedastro-org/15000-Famous-People-Birth-Date-Location,public_figure_source_unclassified,,1920-11-28,12:30,timed_public_dataset,,57.147,-2.095,+0000,Male,庚申,gregorian_year_ok,원숭이,,requires_solar_term_engine,庚寅,壬午,computed_from_public_dataset_time,timed_birth_available_month_requires_solar_term,candidate_pool_with_time_seed_verify_before_final_match,{'rodden': 'AA'}
421,hf-famous-0421-alexander-scriabin,Alexander Scriabin,https://huggingface.co/datasets/vedastro-org/15000-Famous-People-Birth-Date-Location,public_figure_source_unclassified,,1872-01-06,14:07,timed_public_dataset,,55.757,37.615,+0230,Male,壬申,needs_ipchun_check,원숭이,,requires_solar_term_engine,壬子,丁未,computed_from_public_dataset_time,timed_birth_available_month_requires_solar_term,candidate_pool_with_time_seed_verify_before_final_match,{'rodden': 'AA'}
422,hf-famous-0422-alexander-semmler,Alexander Semmler,https://huggingface.co/datasets/vedastro-org/15000-Famous-People-Birth-Date-Location,public_figure_source_unclassified,,1900-11-12,06:00,timed_public_dataset,,51.511,7.464,+0100,Male,庚子,gregorian_year_ok,쥐,,requires_solar_term_engine,己丑,丁卯,computed_from_public_dataset_time,timed_birth_available_month_requires_solar_term,candidate_pool_with_time_seed_verify_before_final_match,{'rodden': 'AA'}
423,hf-famous-0423-alexander-stuart,Alexander Stuart,https://huggingface.co/datasets/vedastro-org/15000-Famous-People-Birth-Date-Location,public_figure_source_unclassified,,1924-11-18,11:00,timed_public_dataset,,57.147,-2.095,+0000,Male,甲子,gregorian_year_ok,쥐,,requires_solar_term_engine,辛丑,甲午,computed_from_public_dataset_time,timed_birth_available_month_requires_solar_term,candidate_pool_with_time_seed_verify_before_final_match,{'rodden': 'AA'}
424,hf-famous-0424-alexander-todd,Alexander Todd,https://huggingface.co/datasets/vedastro-org/15000-Famous-People-Birth-Date-Location,public_figure_source_unclassified,,1907-10-02,22:05,timed_public_dataset,,55.866,-4.257,+0000,Male,丁未,gregorian_year_ok,양,,requires_solar_term_engine,甲申,乙亥,computed_from_public_dataset_time,timed_birth_available_month_requires_solar_term,candidate_pool_with_time_seed_verify_before_final_match,{'rodden': 'AA'}
425,hf-famous-0425-alexander-vialatte,Alexander Vialatte,https://huggingface.co/datasets/vedastro-org/15000-Famous-People-Birth-Date-Location,public_figure_source_unclassified,,1901-04-22,15:00,timed_public_dataset,,45.535,2.147,+0009,Male,辛丑,gregorian_year_ok,소,,requires_solar_term_engine,庚午,甲申,computed_from_public_dataset_time,timed_birth_available_month_requires_solar_term,candidate_pool_with_time_seed_verify_before_final_match,{'rodden': 'AA'}
426,hf-famous-0426-alexander-von-vietinghoff,Alexander von Vietinghoff,https://huggingface.co/datasets/vedastro-org/15000-Famous-People-Birth-Date-Location,public_figure_source_unclassified,,1948-08-28,15:40,timed_public_dataset,,47.388,8.527,+0100,Male,戊子,gregorian_year_ok,쥐,,requires_solar_term_engine,乙酉,甲申,computed_from_public_dataset_time,timed_birth_available_month_requires_solar_term,candidate_pool_with_time_seed_verify_before_final_match,{'rodden': 'AA'}
427,hf-famous-0427-alexandra-david,Alexandra David,https://huggingface.co/datasets/vedastro-org/15000-Famous-People-Birth-Date-Location,public_figure_source_unclassified,,1868-10-24,05:00,timed_public_dataset,,48.84,2.418,+0009,Female,戊辰,gregorian_year_ok,용,,requires_solar_term_engine,癸未,乙卯,computed_from_public_dataset_time,timed_birth_available_month_requires_solar_term,candidate_pool_with_time_seed_verify_before_final_match,{'rodden': 'AA'}
428,hf-famous-0428-alexandra-grant,Alexandra Grant,https://huggingface.co/datasets/vedastro-org/15000-Famous-People-Birth-Date-Location,public_figure_source_unclassified,,1973-04-04,13:50,timed_public_dataset,,41.505,-81.691,-0500,Female,癸丑,gregorian_year_ok,소,,requires_solar_term_engine,庚午,癸未,computed_from_public_dataset_time,timed_birth_available_month_requires_solar_term,candidate_pool_with_time_seed_verify_before_final_match,{'rodden': 'AA'}
429,hf-famous-0429-alexandra-kerry,Alexandra Kerry,https://huggingface.co/datasets/vedastro-org/15000-Famous-People-Birth-Date-Location,public_figure_source_unclassified,,1973-09-05,09:43,timed_public_dataset,,42.459,-71.355,-0400,Female,癸丑,gregorian_year_ok,소,,requires_solar_term_engine,甲辰,己巳,computed_from_public_dataset_time,timed_birth_available_month_requires_solar_term,candidate_pool_with_time_seed_verify_before_final_match,{'rodden': 'AA'}
430,hf-famous-0430-alexandra-lamy,Alexandra Lamy,https://huggingface.co/datasets/vedastro-org/15000-Famous-People-Birth-Date-Location,public_figure_source_unclassified,,1971-10-14,16:45,timed_public_dataset,,48.721,2.533,+0100,Female,辛亥,gregorian_year_ok,돼지,,requires_solar_term_engine,壬申,戊申,computed_from_public_dataset_time,timed_birth_available_month_requires_solar_term,candidate_pool_with_time_seed_verify_before_final_match,{'rodden': 'AA'}
431,hf-famous-0431-alexandra-ledermann,Alexandra Ledermann,https://huggingface.co/datasets/vedastro-org/15000-Famous-People-Birth-Date-Location,public_figure_source_unclassified,,1969-05-14,22:30,timed_public_dataset,,49.025,1.151,+0100,Female,己酉,gregorian_year_ok,닭,,requires_solar_term_engine,己丑,乙亥,computed_from_public_dataset_time,timed_birth_available_month_requires_solar_term,candidate_pool_with_time_seed_verify_before_final_match,{'rodden': 'AA'}
432,hf-famous-0432-alexandra-vandernoot,Alexandra Vandernoot,https://huggingface.co/datasets/vedastro-org/15000-Famous-People-Birth-Date-Location,public_figure_source_unclassified,,1963-09-19,09:45,timed_public_dataset,,50.811,4.354,+0100,Female,癸卯,gregorian_year_ok,토끼,,requires_solar_term_engine,乙丑,辛巳,computed_from_public_dataset_time,timed_birth_available_month_requires_solar_term,candidate_pool_with_time_seed_verify_before_final_match,{'rodden': 'AA'}
433,hf-famous-0433-alexandre-arcady,Alexandre Arcady,https://huggingface.co/datasets/vedastro-org/15000-Famous-People-Birth-Date-Location,public_figure_source_unclassified,,1947-03-17,15:00,timed_public_dataset,,36.772,3.052,+0000,Male,丁亥,gregorian_year_ok,돼지,,requires_solar_term_engine,乙未,甲申,computed_from_public_dataset_time,timed_birth_available_month_requires_solar_term,candidate_pool_with_time_seed_verify_before_final_match,{'rodden': 'AA'}
434,hf-famous-0434-alexandre-arnoux,Alexandre Arnoux,https://huggingface.co/datasets/vedastro-org/15000-Famous-People-Birth-Date-Location,public_figure_source_unclassified,,1884-02-27,04:30,timed_public_dataset,,44.091,6.232,+0009,Male,甲申,gregorian_year_ok,원숭이,,requires_solar_term_engine,丁未,壬寅,computed_from_public_dataset_time,timed_birth_available_month_requires_solar_term,candidate_pool_with_time_seed_verify_before_final_match,{'rodden': 'AA'}
435,hf-famous-0435-alexandre-astier,Alexandre Astier,https://huggingface.co/datasets/vedastro-org/15000-Famous-People-Birth-Date-Location,public_figure_source_unclassified,,1974-06-16,20:45,timed_public_dataset,,45.767,4.834,+0100,Male,甲寅,gregorian_year_ok,호랑이,,requires_solar_term_engine,戊子,壬戌,computed_from_public_dataset_time,timed_birth_available_month_requires_solar_term,candidate_pool_with_time_seed_verify_before_final_match,{'rodden': 'AA'}
436,hf-famous-0436-alexandre-astruc,Alexandre Astruc,https://huggingface.co/datasets/vedastro-org/15000-Famous-People-Birth-Date-Location,public_figure_source_unclassified,,1923-07-13,01:45,timed_public_dataset,,48.857,2.351,+0100,Male,癸亥,gregorian_year_ok,돼지,,requires_solar_term_engine,丁亥,辛丑,computed_from_public_dataset_time,timed_birth_available_month_requires_solar_term,candidate_pool_with_time_seed_verify_before_final_match,{'rodden': 'AA'}
437,hf-famous-0437-alexandre-barbault,Alexandre Barbault,https://huggingface.co/datasets/vedastro-org/15000-Famous-People-Birth-Date-Location,public_figure_source_unclassified,,1950-05-31,00:50,timed_public_dataset,,47.78,3.072,+0100,Male,庚寅,gregorian_year_ok,호랑이,,requires_solar_term_engine,丙寅,戊子,computed_from_public_dataset_time,timed_birth_available_month_requires_solar_term,candidate_pool_with_time_seed_verify_before_final_match,{'rodden': 'AA'}
438,hf-famous-0438-alexandre-becquerel,Alexandre Becquerel,https://huggingface.co/datasets/vedastro-org/15000-Famous-People-Birth-Date-Location,public_figure_source_unclassified,,1820-03-24,13:00,timed_public_dataset,,48.857,2.351,+0009,Male,庚辰,gregorian_year_ok,용,,requires_solar_term_engine,丁酉,丁未,computed_from_public_dataset_time,timed_birth_available_month_requires_solar_term,candidate_pool_with_time_seed_verify_before_final_match,{'rodden': 'AA'}
439,hf-famous-0439-alexandre-bisson,Alexandre Bisson,https://huggingface.co/datasets/vedastro-org/15000-Famous-People-Birth-Date-Location,public_figure_source_unclassified,,1848-04-09,12:00,timed_public_dataset,,48.698,-0.368,+0009,Male,戊申,gregorian_year_ok,원숭이,,requires_solar_term_engine,庚辰,壬午,computed_from_public_dataset_time,timed_birth_available_month_requires_solar_term,candidate_pool_with_time_seed_verify_before_final_match,{'rodden': 'AA'}
440,hf-famous-0440-alexandre-cabanel,Alexandre Cabanel,https://huggingface.co/datasets/vedastro-org/15000-Famous-People-Birth-Date-Location,public_figure_source_unclassified,,1823-09-28,00:00,timed_public_dataset,,43.608,3.88,+0009,Male,癸未,gregorian_year_ok,양,,requires_solar_term_engine,庚申,丙子,computed_from_public_dataset_time,timed_birth_available_month_requires_solar_term,candidate_pool_with_time_seed_verify_before_final_match,{'rodden': 'AA'}
441,hf-famous-0441-alexandre-coste,Alexandre Coste,https://huggingface.co/datasets/vedastro-org/15000-Famous-People-Birth-Date-Location,public_figure_source_unclassified,,2003-08-24,18:45,timed_public_dataset,,48.857,2.351,+0200,Male,癸未,gregorian_year_ok,양,,requires_solar_term_engine,己巳,癸酉,computed_from_public_dataset_time,timed_birth_available_month_requires_solar_term,candidate_pool_with_time_seed_verify_before_final_match,{'rodden': 'AA'}
442,hf-famous-0442-alexandre-debanne,Alexandre Debanne,https://huggingface.co/datasets/vedastro-org/15000-Famous-People-Birth-Date-Location,public_figure_source_unclassified,,1960-04-08,19:10,timed_public_dataset,,48.541,2.66,+0100,Male,庚子,gregorian_year_ok,쥐,,requires_solar_term_engine,丙寅,戊戌,computed_from_public_dataset_time,timed_birth_available_month_requires_solar_term,candidate_pool_with_time_seed_verify_before_final_match,{'rodden': 'AA'}
443,hf-famous-0443-alexandre-desplat,Alexandre Desplat,https://huggingface.co/datasets/vedastro-org/15000-Famous-People-Birth-Date-Location,public_figure_source_unclassified,,1961-08-23,03:45,timed_public_dataset,,48.857,2.351,+0100,Male,辛丑,gregorian_year_ok,소,,requires_solar_term_engine,戊子,甲寅,computed_from_public_dataset_time,timed_birth_available_month_requires_solar_term,candidate_pool_with_time_seed_verify_before_final_match,{'rodden': 'AA'}
444,hf-famous-0444-alexandre-dumas-fils,Alexandre Dumas fils,https://huggingface.co/datasets/vedastro-org/15000-Famous-People-Birth-Date-Location,public_figure_source_unclassified,,1824-07-27,18:00,timed_public_dataset,,48.857,2.351,+0009,Male,甲申,gregorian_year_ok,원숭이,,requires_solar_term_engine,癸亥,辛酉,computed_from_public_dataset_time,timed_birth_available_month_requires_solar_term,candidate_pool_with_time_seed_verify_before_final_match,{'rodden': 'AA'}
445,hf-famous-0445-alexandre-falgui-re,Alexandre Falguière,https://huggingface.co/datasets/vedastro-org/15000-Famous-People-Birth-Date-Location,public_figure_source_unclassified,,1831-09-07,16:00,timed_public_dataset,,43.604,1.445,+0009,Male,辛卯,gregorian_year_ok,토끼,,requires_solar_term_engine,辛巳,丙申,computed_from_public_dataset_time,timed_birth_available_month_requires_solar_term,candidate_pool_with_time_seed_verify_before_final_match,{'rodden': 'AA'}
446,hf-famous-0446-alexandre-georges,Alexandre Georges,https://huggingface.co/datasets/vedastro-org/15000-Famous-People-Birth-Date-Location,public_figure_source_unclassified,,1850-02-25,07:00,timed_public_dataset,,50.293,2.782,+0009,Male,庚戌,gregorian_year_ok,개,,requires_solar_term_engine,丁未,甲辰,computed_from_public_dataset_time,timed_birth_available_month_requires_solar_term,candidate_pool_with_time_seed_verify_before_final_match,{'rodden': 'AA'}
447,hf-famous-0447-alexandre-jardin,Alexandre Jardin,https://huggingface.co/datasets/vedastro-org/15000-Famous-People-Birth-Date-Location,public_figure_source_unclassified,,1965-04-14,20:00,timed_public_dataset,,48.884,2.273,+0100,Male,乙巳,gregorian_year_ok,뱀,,requires_solar_term_engine,戊戌,壬戌,computed_from_public_dataset_time,timed_birth_available_month_requires_solar_term,candidate_pool_with_time_seed_verify_before_final_match,{'rodden': 'AA'}
448,hf-famous-0448-alexandre-legrand,Alexandre Legrand,https://huggingface.co/datasets/vedastro-org/15000-Famous-People-Birth-Date-Location,public_figure_source_unclassified,,1830-06-06,18:00,timed_public_dataset,,49.759,0.376,+0009,Male,庚寅,gregorian_year_ok,호랑이,,requires_solar_term_engine,癸卯,辛酉,computed_from_public_dataset_time,timed_birth_available_month_requires_solar_term,candidate_pool_with_time_seed_verify_before_final_match,{'rodden': 'AA'}
449,hf-famous-0449-alexandre-marenches,Alexandre Marenches,https://huggingface.co/datasets/vedastro-org/15000-Famous-People-Birth-Date-Location,public_figure_source_unclassified,,1921-06-07,15:00,timed_public_dataset,,48.857,2.351,+0100,Male,辛酉,gregorian_year_ok,닭,,requires_solar_term_engine,辛丑,丙申,computed_from_public_dataset_time,timed_birth_available_month_requires_solar_term,candidate_pool_with_time_seed_verify_before_final_match,{'rodden': 'AA'}
450,hf-famous-0450-alexandre-millerand,Alexandre Millerand,https://huggingface.co/datasets/vedastro-org/15000-Famous-People-Birth-Date-Location,public_figure_source_unclassified,,1859-02-10,19:00,timed_public_dataset,,48.857,2.351,+0009,Male,己未,gregorian_year_ok,양,,requires_solar_term_engine,己卯,甲戌,computed_from_public_dataset_time,timed_birth_available_month_requires_solar_term,candidate_pool_with_time_seed_verify_before_final_match,{'rodden': 'AA'}
451,hf-famous-0451-alexandre-tharaud,Alexandre Tharaud,https://huggingface.co/datasets/vedastro-org/15000-Famous-People-Birth-Date-Location,public_figure_source_unclassified,,1968-12-09,23:50,timed_public_dataset,,48.857,2.351,+0100,Male,戊申,gregorian_year_ok,원숭이,,requires_solar_term_engine,癸丑,壬子,computed_from_public_dataset_time,timed_birth_available_month_requires_solar_term,candidate_pool_with_time_seed_verify_before_final_match,{'rodden': 'AA'}
452,hf-famous-0452-alexandre-de-la-patelli-re,Alexandre de La Patellière,https://huggingface.co/datasets/vedastro-org/15000-Famous-People-Birth-Date-Location,public_figure_source_unclassified,,1971-06-24,22:45,timed_public_dataset,,48.857,2.351,+0100,Male,辛亥,gregorian_year_ok,돼지,,requires_solar_term_engine,庚辰,丁亥,computed_from_public_dataset_time,timed_birth_available_month_requires_solar_term,candidate_pool_with_time_seed_verify_before_final_match,{'rodden': 'AA'}
453,hf-famous-0453-alexandrine-tinne,Alexandrine Tinne,https://huggingface.co/datasets/vedastro-org/15000-Famous-People-Birth-Date-Location,public_figure_source_unclassified,,1835-10-17,22:00,timed_public_dataset,,52.08,4.31,+0018,Female,乙未,gregorian_year_ok,양,,requires_solar_term_engine,壬午,辛亥,computed_from_public_dataset_time,timed_birth_available_month_requires_solar_term,candidate_pool_with_time_seed_verify_before_final_match,{'rodden': 'AA'}
454,hf-famous-0454-alexandrine-zola,Alexandrine Zola,https://huggingface.co/datasets/vedastro-org/15000-Famous-People-Birth-Date-Location,public_figure_source_unclassified,,1839-03-23,10:00,timed_public_dataset,,48.857,2.351,+0009,Female,己亥,gregorian_year_ok,돼지,,requires_solar_term_engine,乙亥,辛巳,computed_from_public_dataset_time,timed_birth_available_month_requires_solar_term,candidate_pool_with_time_seed_verify_before_final_match,{'rodden': 'AA'}
455,hf-famous-0455-alexei-panshin,Alexei Panshin,https://huggingface.co/datasets/vedastro-org/15000-Famous-People-Birth-Date-Location,public_figure_source_unclassified,,1940-08-14,22:17,timed_public_dataset,,42.734,-84.554,-0500,Male,庚辰,gregorian_year_ok,용,,requires_solar_term_engine,己丑,乙亥,computed_from_public_dataset_time,timed_birth_available_month_requires_solar_term,candidate_pool_with_time_seed_verify_before_final_match,{'rodden': 'AA'}
456,hf-famous-0456-alexia-sedykh,Alexia Sedykh,https://huggingface.co/datasets/vedastro-org/15000-Famous-People-Birth-Date-Location,public_figure_source_unclassified,,1993-09-13,14:30,timed_public_dataset,,48.857,2.351,+0200,Female,癸酉,gregorian_year_ok,닭,,requires_solar_term_engine,丁酉,丁未,computed_from_public_dataset_time,timed_birth_available_month_requires_solar_term,candidate_pool_with_time_seed_verify_before_final_match,{'rodden': 'AA'}
457,hf-famous-0457-alexis-arquette,Alexis Arquette,https://huggingface.co/datasets/vedastro-org/15000-Famous-People-Birth-Date-Location,public_figure_source_unclassified,,1969-07-28,19:00,timed_public_dataset,,34.052,-118.243,-0700,Male,己酉,gregorian_year_ok,닭,,requires_solar_term_engine,甲辰,甲戌,computed_from_public_dataset_time,timed_birth_available_month_requires_solar_term,candidate_pool_with_time_seed_verify_before_final_match,{'rodden': 'AA'}
458,hf-famous-0458-alexis-carrel,Alexis Carrel,https://huggingface.co/datasets/vedastro-org/15000-Famous-People-Birth-Date-Location,public_figure_source_unclassified,,1873-06-28,23:00,timed_public_dataset,,45.736,4.805,+0009,Male,癸酉,gregorian_year_ok,닭,,requires_solar_term_engine,辛亥,戊子,computed_from_public_dataset_time,timed_birth_available_month_requires_solar_term,candidate_pool_with_time_seed_verify_before_final_match,{'rodden': 'AA'}
459,hf-famous-0459-alexis-castillon,Alexis Castillon,https://huggingface.co/datasets/vedastro-org/15000-Famous-People-Birth-Date-Location,public_figure_source_unclassified,,1838-12-13,15:30,timed_public_dataset,,48.444,1.484,+0009,Male,戊戌,gregorian_year_ok,개,,requires_solar_term_engine,乙未,甲申,computed_from_public_dataset_time,timed_birth_available_month_requires_solar_term,candidate_pool_with_time_seed_verify_before_final_match,{'rodden': 'AA'}
460,hf-famous-0460-alexis-gilliland,Alexis Gilliland,https://huggingface.co/datasets/vedastro-org/15000-Famous-People-Birth-Date-Location,public_figure_source_unclassified,,1931-08-10,10:30,timed_public_dataset,,44.802,-68.771,-0400,Male,辛未,gregorian_year_ok,양,,requires_solar_term_engine,丁酉,乙巳,computed_from_public_dataset_time,timed_birth_available_month_requires_solar_term,candidate_pool_with_time_seed_verify_before_final_match,{'rodden': 'AA'}
461,hf-famous-0461-alexis-pinturault,Alexis Pinturault,https://huggingface.co/datasets/vedastro-org/15000-Famous-People-Birth-Date-Location,public_figure_source_unclassified,,1991-03-20,15:20,timed_public_dataset,,45.9,6.128,+0100,Male,辛未,gregorian_year_ok,양,,requires_solar_term_engine,己丑,壬申,computed_from_public_dataset_time,timed_birth_available_month_requires_solar_term,candidate_pool_with_time_seed_verify_before_final_match,{'rodden': 'AA'}
462,hf-famous-0462-alexis-theophile-curvers,Alexis Theophile Curvers,https://huggingface.co/datasets/vedastro-org/15000-Famous-People-Birth-Date-Location,public_figure_source_unclassified,,1906-02-24,05:00,timed_public_dataset,,50.644,5.572,+0000,Male,丙午,gregorian_year_ok,말,,requires_solar_term_engine,己亥,丁卯,computed_from_public_dataset_time,timed_birth_available_month_requires_solar_term,candidate_pool_with_time_seed_verify_before_final_match,{'rodden': 'AA'}
463,hf-famous-0463-alexis-de-tocqueville,Alexis de Tocqueville,https://huggingface.co/datasets/vedastro-org/15000-Famous-People-Birth-Date-Location,public_figure_source_unclassified,,1805-07-29,03:00,timed_public_dataset,,48.857,2.351,+0009,Male,乙丑,gregorian_year_ok,소,,requires_solar_term_engine,乙酉,戊寅,computed_from_public_dataset_time,timed_birth_available_month_requires_solar_term,candidate_pool_with_time_seed_verify_before_final_match,{'rodden': 'AA'}
464,hf-famous-0464-alfons-h-ckmann,Alfons Höckmann,https://huggingface.co/datasets/vedastro-org/15000-Famous-People-Birth-Date-Location,public_figure_source_unclassified,,1923-05-26,11:00,timed_public_dataset,,51.511,7.464,+0100,Male,癸亥,gregorian_year_ok,돼지,,requires_solar_term_engine,己亥,庚午,computed_from_public_dataset_time,timed_birth_available_month_requires_solar_term,candidate_pool_with_time_seed_verify_before_final_match,{'rodden': 'AA'}
465,hf-famous-0465-alfons-martin,Alfons Martin,https://huggingface.co/datasets/vedastro-org/15000-Famous-People-Birth-Date-Location,public_figure_source_unclassified,,1930-04-18,03:00,timed_public_dataset,,51.221,4.399,+0100,Male,庚午,gregorian_year_ok,말,,requires_solar_term_engine,戊戌,甲寅,computed_from_public_dataset_time,timed_birth_available_month_requires_solar_term,candidate_pool_with_time_seed_verify_before_final_match,{'rodden': 'AA'}
466,hf-famous-0466-alfons-paquet,Alfons Paquet,https://huggingface.co/datasets/vedastro-org/15000-Famous-People-Birth-Date-Location,public_figure_source_unclassified,,1881-01-26,23:00,timed_public_dataset,,50.084,8.24,+0053,Male,辛巳,needs_ipchun_check,뱀,,requires_solar_term_engine,庚申,丙子,computed_from_public_dataset_time,timed_birth_available_month_requires_solar_term,candidate_pool_with_time_seed_verify_before_final_match,{'rodden': 'AA'}
467,hf-famous-0467-alfonso-gatto,Alfonso Gatto,https://huggingface.co/datasets/vedastro-org/15000-Famous-People-Birth-Date-Location,public_figure_source_unclassified,,1909-07-17,03:00,timed_public_dataset,,40.678,14.766,+0100,Male,己酉,gregorian_year_ok,닭,,requires_solar_term_engine,戊寅,甲寅,computed_from_public_dataset_time,timed_birth_available_month_requires_solar_term,candidate_pool_with_time_seed_verify_before_final_match,{'rodden': 'AA'}
468,hf-famous-0468-alfonso-guerra,Alfonso Guerra,https://huggingface.co/datasets/vedastro-org/15000-Famous-People-Birth-Date-Location,public_figure_source_unclassified,,1940-05-31,01:00,timed_public_dataset,,37.383,-5.996,+0100,Male,庚辰,gregorian_year_ok,용,,requires_solar_term_engine,甲戌,乙丑,computed_from_public_dataset_time,timed_birth_available_month_requires_solar_term,candidate_pool_with_time_seed_verify_before_final_match,{'rodden': 'AA'}
469,hf-famous-0469-alfonso-reyes,Alfonso Reyes,https://huggingface.co/datasets/vedastro-org/15000-Famous-People-Birth-Date-Location,public_figure_source_unclassified,,1889-05-17,21:00,timed_public_dataset,,25.665,-100.311,-0641,Male,己丑,gregorian_year_ok,소,,requires_solar_term_engine,癸巳,癸亥,computed_from_public_dataset_time,timed_birth_available_month_requires_solar_term,candidate_pool_with_time_seed_verify_before_final_match,{'rodden': 'AA'}
470,hf-famous-0470-alfred-abel,Alfred Abel,https://huggingface.co/datasets/vedastro-org/15000-Famous-People-Birth-Date-Location,public_figure_source_unclassified,,1879-03-12,23:45,timed_public_dataset,,51.34,12.371,+0053,Male,己卯,gregorian_year_ok,토끼,,requires_solar_term_engine,甲午,甲子,computed_from_public_dataset_time,timed_birth_available_month_requires_solar_term,candidate_pool_with_time_seed_verify_before_final_match,{'rodden': 'AA'}
471,hf-famous-0471-alfred-adam,Alfred Adam,https://huggingface.co/datasets/vedastro-org/15000-Famous-People-Birth-Date-Location,public_figure_source_unclassified,,1908-04-04,16:00,timed_public_dataset,,49.195,0.398,+0009,Male,戊申,gregorian_year_ok,원숭이,,requires_solar_term_engine,己丑,壬申,computed_from_public_dataset_time,timed_birth_available_month_requires_solar_term,candidate_pool_with_time_seed_verify_before_final_match,{'rodden': 'AA'}
472,hf-famous-0472-alfred-anderson,Alfred Anderson,https://huggingface.co/datasets/vedastro-org/15000-Famous-People-Birth-Date-Location,public_figure_source_unclassified,,1896-06-25,06:00,timed_public_dataset,,56.461,-2.968,+0000,Male,丙申,gregorian_year_ok,원숭이,,requires_solar_term_engine,己酉,丁卯,computed_from_public_dataset_time,timed_birth_available_month_requires_solar_term,candidate_pool_with_time_seed_verify_before_final_match,{'rodden': 'AA'}
473,hf-famous-0473-alfred-aston,Alfred Aston,https://huggingface.co/datasets/vedastro-org/15000-Famous-People-Birth-Date-Location,public_figure_source_unclassified,,1912-05-16,01:10,timed_public_dataset,,49.194,2.471,+0000,Male,壬子,gregorian_year_ok,쥐,,requires_solar_term_engine,壬辰,辛丑,computed_from_public_dataset_time,timed_birth_available_month_requires_solar_term,candidate_pool_with_time_seed_verify_before_final_match,{'rodden': 'AA'}
474,hf-famous-0474-alfred-binet,Alfred Binet,https://huggingface.co/datasets/vedastro-org/15000-Famous-People-Birth-Date-Location,public_figure_source_unclassified,,1857-07-08,18:00,timed_public_dataset,,43.703,7.266,+0009,Male,丁巳,gregorian_year_ok,뱀,,requires_solar_term_engine,丁酉,己酉,computed_from_public_dataset_time,timed_birth_available_month_requires_solar_term,candidate_pool_with_time_seed_verify_before_final_match,{'rodden': 'AA'}
475,hf-famous-0475-alfred-brehm,Alfred Brehm,https://huggingface.co/datasets/vedastro-org/15000-Famous-People-Birth-Date-Location,public_figure_source_unclassified,,1829-02-02,07:00,timed_public_dataset,,50.805,11.847,+0053,Male,己丑,needs_ipchun_check,소,,requires_solar_term_engine,甲午,戊辰,computed_from_public_dataset_time,timed_birth_available_month_requires_solar_term,candidate_pool_with_time_seed_verify_before_final_match,{'rodden': 'AA'}
476,hf-famous-0476-alfred-brice,Alfred Brice,https://huggingface.co/datasets/vedastro-org/15000-Famous-People-Birth-Date-Location,public_figure_source_unclassified,,1928-01-27,17:00,timed_public_dataset,,50.611,2.983,+0000,Male,戊辰,needs_ipchun_check,용,,requires_solar_term_engine,丙寅,丁酉,computed_from_public_dataset_time,timed_birth_available_month_requires_solar_term,candidate_pool_with_time_seed_verify_before_final_match,{'rodden': 'AA'}
477,hf-famous-0477-alfred-bruneau,Alfred Bruneau,https://huggingface.co/datasets/vedastro-org/15000-Famous-People-Birth-Date-Location,public_figure_source_unclassified,,1857-03-03,01:00,timed_public_dataset,,48.857,2.351,+0009,Male,丁巳,gregorian_year_ok,뱀,,requires_solar_term_engine,庚寅,丁丑,computed_from_public_dataset_time,timed_birth_available_month_requires_solar_term,candidate_pool_with_time_seed_verify_before_final_match,{'rodden': 'AA'}
478,hf-famous-0478-alfred-capus,Alfred Capus,https://huggingface.co/datasets/vedastro-org/15000-Famous-People-Birth-Date-Location,public_figure_source_unclassified,,1857-11-25,07:00,timed_public_dataset,,43.525,5.454,+0009,Male,丁巳,gregorian_year_ok,뱀,,requires_solar_term_engine,丁巳,甲辰,computed_from_public_dataset_time,timed_birth_available_month_requires_solar_term,candidate_pool_with_time_seed_verify_before_final_match,{'rodden': 'AA'}
479,hf-famous-0479-alfred-coste,Alfred Coste,https://huggingface.co/datasets/vedastro-org/15000-Famous-People-Birth-Date-Location,public_figure_source_unclassified,,1911-04-09,03:25,timed_public_dataset,,43.608,3.88,+0000,Male,辛亥,gregorian_year_ok,돼지,,requires_solar_term_engine,己酉,丙寅,computed_from_public_dataset_time,timed_birth_available_month_requires_solar_term,candidate_pool_with_time_seed_verify_before_final_match,{'rodden': 'AA'}
480,hf-famous-0480-alfred-dreyfus,Alfred Dreyfus,https://huggingface.co/datasets/vedastro-org/15000-Famous-People-Birth-Date-Location,public_figure_source_unclassified,,1859-10-09,15:00,timed_public_dataset,,47.75,7.34,+0009,Male,己未,gregorian_year_ok,양,,requires_solar_term_engine,庚辰,甲申,computed_from_public_dataset_time,timed_birth_available_month_requires_solar_term,candidate_pool_with_time_seed_verify_before_final_match,{'rodden': 'AA'}
481,hf-famous-0481-alfred-eisenstaedt,Alfred Eisenstaedt,https://huggingface.co/datasets/vedastro-org/15000-Famous-People-Birth-Date-Location,public_figure_source_unclassified,,1898-12-06,14:00,timed_public_dataset,,49.544,11.944,+0100,Male,戊戌,gregorian_year_ok,개,,requires_solar_term_engine,癸卯,己未,computed_from_public_dataset_time,timed_birth_available_month_requires_solar_term,candidate_pool_with_time_seed_verify_before_final_match,{'rodden': 'AA'}
482,hf-famous-0482-alfred-espinas,Alfred Espinas,https://huggingface.co/datasets/vedastro-org/15000-Famous-People-Birth-Date-Location,public_figure_source_unclassified,,1844-05-23,08:00,timed_public_dataset,,48.003,3.729,+0009,Male,甲辰,gregorian_year_ok,용,,requires_solar_term_engine,癸卯,丙辰,computed_from_public_dataset_time,timed_birth_available_month_requires_solar_term,candidate_pool_with_time_seed_verify_before_final_match,{'rodden': 'AA'}
483,hf-famous-0483-alfred-fankhauser,Alfred Fankhauser,https://huggingface.co/datasets/vedastro-org/15000-Famous-People-Birth-Date-Location,public_figure_source_unclassified,,1890-11-04,20:00,timed_public_dataset,,46.948,7.448,+0030,Male,庚寅,gregorian_year_ok,호랑이,,requires_solar_term_engine,己丑,甲戌,computed_from_public_dataset_time,timed_birth_available_month_requires_solar_term,candidate_pool_with_time_seed_verify_before_final_match,{'rodden': 'AA'}
484,hf-famous-0484-alfred-fouill-e,Alfred Fouillée,https://huggingface.co/datasets/vedastro-org/15000-Famous-People-Birth-Date-Location,public_figure_source_unclassified,,1838-10-18,11:00,timed_public_dataset,,47.552,-0.809,+0009,Male,戊戌,gregorian_year_ok,개,,requires_solar_term_engine,己亥,庚午,computed_from_public_dataset_time,timed_birth_available_month_requires_solar_term,candidate_pool_with_time_seed_verify_before_final_match,{'rodden': 'AA'}
485,hf-famous-0485-alfred-friedrich-krupp,Alfred Friedrich Krupp,https://huggingface.co/datasets/vedastro-org/15000-Famous-People-Birth-Date-Location,public_figure_source_unclassified,,1854-02-17,05:00,timed_public_dataset,,51.458,7.014,+0053,Male,甲寅,gregorian_year_ok,호랑이,,requires_solar_term_engine,庚申,己卯,computed_from_public_dataset_time,timed_birth_available_month_requires_solar_term,candidate_pool_with_time_seed_verify_before_final_match,{'rodden': 'AA'}
486,hf-famous-0486-alfred-gaynor,Alfred Gaynor,https://huggingface.co/datasets/vedastro-org/15000-Famous-People-Birth-Date-Location,public_figure_source_unclassified,,1966-12-10,10:41,timed_public_dataset,,42.102,-72.586,-0500,Male,丙午,gregorian_year_ok,말,,requires_solar_term_engine,癸卯,丁巳,computed_from_public_dataset_time,timed_birth_available_month_requires_solar_term,candidate_pool_with_time_seed_verify_before_final_match,{'rodden': 'AA'}
487,hf-famous-0487-alfred-gibert,Alfred Gibert,https://huggingface.co/datasets/vedastro-org/15000-Famous-People-Birth-Date-Location,public_figure_source_unclassified,,1945-06-12,14:00,timed_public_dataset,,49.238,-0.45,+0200,Male,乙酉,gregorian_year_ok,닭,,requires_solar_term_engine,壬子,丁未,computed_from_public_dataset_time,timed_birth_available_month_requires_solar_term,candidate_pool_with_time_seed_verify_before_final_match,{'rodden': 'AA'}
488,hf-famous-0488-alfred-henry-simpson,Alfred Henry Simpson,https://huggingface.co/datasets/vedastro-org/15000-Famous-People-Birth-Date-Location,public_figure_source_unclassified,,1914-10-29,20:35,timed_public_dataset,,56.339,-2.799,+0000,Male,甲寅,gregorian_year_ok,호랑이,,requires_solar_term_engine,戊子,壬戌,computed_from_public_dataset_time,timed_birth_available_month_requires_solar_term,candidate_pool_with_time_seed_verify_before_final_match,{'rodden': 'AA'}
489,hf-famous-0489-alfred-hettner,Alfred Hettner,https://huggingface.co/datasets/vedastro-org/15000-Famous-People-Birth-Date-Location,public_figure_source_unclassified,,1859-08-06,13:00,timed_public_dataset,,51.051,13.734,+0053,Male,己未,gregorian_year_ok,양,,requires_solar_term_engine,丙子,乙未,computed_from_public_dataset_time,timed_birth_available_month_requires_solar_term,candidate_pool_with_time_seed_verify_before_final_match,{'rodden': 'AA'}
490,hf-famous-0490-alfred-hugenberg,Alfred Hugenberg,https://huggingface.co/datasets/vedastro-org/15000-Famous-People-Birth-Date-Location,public_figure_source_unclassified,,1865-06-19,23:45,timed_public_dataset,,52.372,9.736,+0053,Male,乙丑,gregorian_year_ok,소,,requires_solar_term_engine,庚申,丙子,computed_from_public_dataset_time,timed_birth_available_month_requires_solar_term,candidate_pool_with_time_seed_verify_before_final_match,{'rodden': 'AA'}
491,hf-famous-0491-alfred-jarry,Alfred Jarry,https://huggingface.co/datasets/vedastro-org/15000-Famous-People-Birth-Date-Location,public_figure_source_unclassified,,1873-09-08,05:00,timed_public_dataset,,48.07,-0.774,+0009,Male,癸酉,gregorian_year_ok,닭,,requires_solar_term_engine,癸亥,乙卯,computed_from_public_dataset_time,timed_birth_available_month_requires_solar_term,candidate_pool_with_time_seed_verify_before_final_match,{'rodden': 'AA'}
492,hf-famous-0492-alfred-jodl,Alfred Jodl,https://huggingface.co/datasets/vedastro-org/15000-Famous-People-Birth-Date-Location,public_figure_source_unclassified,,1890-05-10,05:45,timed_public_dataset,,49.794,9.927,+0053,Male,庚寅,gregorian_year_ok,호랑이,,requires_solar_term_engine,辛卯,辛卯,computed_from_public_dataset_time,timed_birth_available_month_requires_solar_term,candidate_pool_with_time_seed_verify_before_final_match,{'rodden': 'AA'}
493,hf-famous-0493-alfred-karl-kossmann,Alfred Karl Kossmann,https://huggingface.co/datasets/vedastro-org/15000-Famous-People-Birth-Date-Location,public_figure_source_unclassified,,1922-01-31,12:00,timed_public_dataset,,52.161,4.49,+0000,Male,壬戌,needs_ipchun_check,개,,requires_solar_term_engine,己亥,庚午,computed_from_public_dataset_time,timed_birth_available_month_requires_solar_term,candidate_pool_with_time_seed_verify_before_final_match,{'rodden': 'AA'}
494,hf-famous-0494-alfred-kastler,Alfred Kastler,https://huggingface.co/datasets/vedastro-org/15000-Famous-People-Birth-Date-Location,public_figure_source_unclassified,,1902-05-03,13:45,timed_public_dataset,,49.235,6.994,+0100,Male,壬寅,gregorian_year_ok,호랑이,,requires_solar_term_engine,丙戌,乙未,computed_from_public_dataset_time,timed_birth_available_month_requires_solar_term,candidate_pool_with_time_seed_verify_before_final_match,{'rodden': 'AA'}
495,hf-famous-0495-alfred-krupa,Alfred Krupa,https://huggingface.co/datasets/vedastro-org/15000-Famous-People-Birth-Date-Location,public_figure_source_unclassified,,1971-06-14,18:25,timed_public_dataset,,45.493,15.555,+0100,Male,辛亥,gregorian_year_ok,돼지,,requires_solar_term_engine,庚午,乙酉,computed_from_public_dataset_time,timed_birth_available_month_requires_solar_term,candidate_pool_with_time_seed_verify_before_final_match,{'rodden': 'AA'}
496,hf-famous-0496-alfred-krupp,Alfred Krupp,https://huggingface.co/datasets/vedastro-org/15000-Famous-People-Birth-Date-Location,public_figure_source_unclassified,,1812-04-26,18:00,timed_public_dataset,,51.458,7.014,+0053,Male,壬申,gregorian_year_ok,원숭이,,requires_solar_term_engine,戊子,辛酉,computed_from_public_dataset_time,timed_birth_available_month_requires_solar_term,candidate_pool_with_time_seed_verify_before_final_match,{'rodden': 'AA'}
497,hf-famous-0497-alfred-lacroix,Alfred Lacroix,https://huggingface.co/datasets/vedastro-org/15000-Famous-People-Birth-Date-Location,public_figure_source_unclassified,,1863-02-04,03:00,timed_public_dataset,,46.306,4.829,+0009,Male,癸亥,needs_ipchun_check,돼지,,requires_solar_term_engine,甲午,丙寅,computed_from_public_dataset_time,timed_birth_available_month_requires_solar_term,candidate_pool_with_time_seed_verify_before_final_match,{'rodden': 'AA'}
498,hf-famous-0498-alfred-land,Alfred Landé,https://huggingface.co/datasets/vedastro-org/15000-Famous-People-Birth-Date-Location,public_figure_source_unclassified,,1888-12-13,09:15,timed_public_dataset,,51.256,7.151,+0053,Male,戊子,gregorian_year_ok,쥐,,requires_solar_term_engine,戊午,丁巳,computed_from_public_dataset_time,timed_birth_available_month_requires_solar_term,candidate_pool_with_time_seed_verify_before_final_match,{'rodden': 'AA'}
499,hf-famous-0499-alfred-loewenguth,Alfred Loewenguth,https://huggingface.co/datasets/vedastro-org/15000-Famous-People-Birth-Date-Location,public_figure_source_unclassified,,1911-06-15,02:30,timed_public_dataset,,48.857,2.351,+0000,Male,辛亥,gregorian_year_ok,돼지,,requires_solar_term_engine,丙辰,己丑,computed_from_public_dataset_time,timed_birth_available_month_requires_solar_term,candidate_pool_with_time_seed_verify_before_final_match,{'rodden': 'AA'}
500,hf-famous-0500-alfred-loisy,Alfred Loisy,https://huggingface.co/datasets/vedastro-org/15000-Famous-People-Birth-Date-Location,public_figure_source_unclassified,,1857-02-28,01:00,timed_public_dataset,,48.402,-0.626,+0009,Male,丁巳,gregorian_year_ok,뱀,,requires_solar_term_engine,丁亥,辛丑,computed_from_public_dataset_time,timed_birth_available_month_requires_solar_term,candidate_pool_with_time_seed_verify_before_final_match,{'rodden': 'AA'}
501,hf-famous-0501-alfred-manessier,Alfred Manessier,https://huggingface.co/datasets/vedastro-org/15000-Famous-People-Birth-Date-Location,public_figure_source_unclassified,,1911-12-05,13:00,timed_public_dataset,,47.81,1.081,+0000,Male,辛亥,gregorian_year_ok,돼지,,requires_solar_term_engine,己酉,辛未,computed_from_public_dataset_time,timed_birth_available_month_requires_solar_term,candidate_pool_with_time_seed_verify_before_final_match,{'rodden': 'AA'}
502,hf-famous-0502-alfred-mombert,Alfred Mombert,https://huggingface.co/datasets/vedastro-org/15000-Famous-People-Birth-Date-Location,public_figure_source_unclassified,,1872-02-05,23:30,timed_public_dataset,,49.008,8.404,+0053,Male,壬申,needs_ipchun_check,원숭이,,requires_solar_term_engine,壬午,庚子,computed_from_public_dataset_time,timed_birth_available_month_requires_solar_term,candidate_pool_with_time_seed_verify_before_final_match,{'rodden': 'AA'}
503,hf-famous-0503-alfred-nakache,Alfred Nakache,https://huggingface.co/datasets/vedastro-org/15000-Famous-People-Birth-Date-Location,public_figure_source_unclassified,,1915-11-18,07:00,timed_public_dataset,,36.352,6.612,+0000,Male,乙卯,gregorian_year_ok,토끼,,requires_solar_term_engine,癸丑,丙辰,computed_from_public_dataset_time,timed_birth_available_month_requires_solar_term,candidate_pool_with_time_seed_verify_before_final_match,{'rodden': 'AA'}
504,hf-famous-0504-alfred-naujocks,Alfred Naujocks,https://huggingface.co/datasets/vedastro-org/15000-Famous-People-Birth-Date-Location,public_figure_source_unclassified,,1911-09-20,04:30,timed_public_dataset,,54.323,10.136,+0100,Male,辛亥,gregorian_year_ok,돼지,,requires_solar_term_engine,癸巳,甲寅,computed_from_public_dataset_time,timed_birth_available_month_requires_solar_term,candidate_pool_with_time_seed_verify_before_final_match,{'rodden': 'AA'}
505,hf-famous-0505-alfred-rethel,Alfred Rethel,https://huggingface.co/datasets/vedastro-org/15000-Famous-People-Birth-Date-Location,public_figure_source_unclassified,,1816-05-15,06:00,timed_public_dataset,,50.775,6.081,+0053,Male,丙子,gregorian_year_ok,쥐,,requires_solar_term_engine,戊辰,乙卯,computed_from_public_dataset_time,timed_birth_available_month_requires_solar_term,candidate_pool_with_time_seed_verify_before_final_match,{'rodden': 'AA'}
506,hf-famous-0506-alfred-richet,Alfred Richet,https://huggingface.co/datasets/vedastro-org/15000-Famous-People-Birth-Date-Location,public_figure_source_unclassified,,1816-03-16,03:00,timed_public_dataset,,47.327,5.044,+0009,Male,丙子,gregorian_year_ok,쥐,,requires_solar_term_engine,戊辰,甲寅,computed_from_public_dataset_time,timed_birth_available_month_requires_solar_term,candidate_pool_with_time_seed_verify_before_final_match,{'rodden': 'AA'}
507,hf-famous-0507-alfred-roll,Alfred Roll,https://huggingface.co/datasets/vedastro-org/15000-Famous-People-Birth-Date-Location,public_figure_source_unclassified,,1846-03-01,00:30,timed_public_dataset,,48.857,2.351,+0009,Male,丙午,gregorian_year_ok,말,,requires_solar_term_engine,庚寅,丙子,computed_from_public_dataset_time,timed_birth_available_month_requires_solar_term,candidate_pool_with_time_seed_verify_before_final_match,{'rodden': 'AA'}
508,hf-famous-0508-alfred-strocchio,Alfred Strocchio,https://huggingface.co/datasets/vedastro-org/15000-Famous-People-Birth-Date-Location,public_figure_source_unclassified,,1929-06-15,16:00,timed_public_dataset,,43.703,7.266,+0100,Male,己巳,gregorian_year_ok,뱀,,requires_solar_term_engine,辛卯,丙申,computed_from_public_dataset_time,timed_birth_available_month_requires_solar_term,candidate_pool_with_time_seed_verify_before_final_match,{'rodden': 'AA'}
509,hf-famous-0509-alfred-terquem,Alfred Terquem,https://huggingface.co/datasets/vedastro-org/15000-Famous-People-Birth-Date-Location,public_figure_source_unclassified,,1831-01-30,09:00,timed_public_dataset,,49.114,6.172,+0009,Male,辛卯,needs_ipchun_check,토끼,,requires_solar_term_engine,辛丑,癸巳,computed_from_public_dataset_time,timed_birth_available_month_requires_solar_term,candidate_pool_with_time_seed_verify_before_final_match,{'rodden': 'AA'}
510,hf-famous-0510-alfred-thurl-jacobson,Alfred Thurl Jacobson,https://huggingface.co/datasets/vedastro-org/15000-Famous-People-Birth-Date-Location,public_figure_source_unclassified,,1919-11-12,20:30,timed_public_dataset,,39.352,-112.574,-0700,Male,己未,gregorian_year_ok,양,,requires_solar_term_engine,戊辰,壬戌,computed_from_public_dataset_time,timed_birth_available_month_requires_solar_term,candidate_pool_with_time_seed_verify_before_final_match,{'rodden': 'AA'}
511,hf-famous-0511-alfred-tomatis,Alfred Tomatis,https://huggingface.co/datasets/vedastro-org/15000-Famous-People-Birth-Date-Location,public_figure_source_unclassified,,1920-01-01,03:00,timed_public_dataset,,43.703,7.266,+0000,Male,庚申,needs_ipchun_check,원숭이,,requires_solar_term_engine,戊午,甲寅,computed_from_public_dataset_time,timed_birth_available_month_requires_solar_term,candidate_pool_with_time_seed_verify_before_final_match,{'rodden': 'AA'}
512,hf-famous-0512-alfred-w-trenkler,Alfred W. Trenkler,https://huggingface.co/datasets/vedastro-org/15000-Famous-People-Birth-Date-Location,public_figure_source_unclassified,,1956-02-06,18:34,timed_public_dataset,,42.359,-71.059,-0500,Male,丙申,gregorian_year_ok,원숭이,,requires_solar_term_engine,癸卯,辛酉,computed_from_public_dataset_time,timed_birth_available_month_requires_solar_term,candidate_pool_with_time_seed_verify_before_final_match,{'rodden': 'AA'}
513,hf-famous-0513-alfred-weber,Alfred Weber,https://huggingface.co/datasets/vedastro-org/15000-Famous-People-Birth-Date-Location,public_figure_source_unclassified,,1868-07-30,06:00,timed_public_dataset,,50.974,11.022,+0053,Male,戊辰,gregorian_year_ok,용,,requires_solar_term_engine,丁巳,癸卯,computed_from_public_dataset_time,timed_birth_available_month_requires_solar_term,candidate_pool_with_time_seed_verify_before_final_match,{'rodden': 'AA'}
514,hf-famous-0514-alfred-worden,Alfred Worden,https://huggingface.co/datasets/vedastro-org/15000-Famous-People-Birth-Date-Location,public_figure_source_unclassified,,1932-02-07,12:30,timed_public_dataset,,42.247,-84.409,-0500,Male,壬申,gregorian_year_ok,원숭이,,requires_solar_term_engine,戊戌,戊午,computed_from_public_dataset_time,timed_birth_available_month_requires_solar_term,candidate_pool_with_time_seed_verify_before_final_match,{'rodden': 'AA'}
515,hf-famous-0515-alfred-de-musset,Alfred de Musset,https://huggingface.co/datasets/vedastro-org/15000-Famous-People-Birth-Date-Location,public_figure_source_unclassified,,1810-12-11,11:00,timed_public_dataset,,48.857,2.351,+0009,Male,庚午,gregorian_year_ok,말,,requires_solar_term_engine,丙寅,甲午,computed_from_public_dataset_time,timed_birth_available_month_requires_solar_term,candidate_pool_with_time_seed_verify_before_final_match,{'rodden': 'AA'}
516,hf-famous-0516-alfred-de-vigny,Alfred de Vigny,https://huggingface.co/datasets/vedastro-org/15000-Famous-People-Birth-Date-Location,public_figure_source_unclassified,,1797-03-27,22:00,timed_public_dataset,,47.129,0.998,+0009,Male,丁巳,gregorian_year_ok,뱀,,requires_solar_term_engine,庚子,丁亥,computed_from_public_dataset_time,timed_birth_available_month_requires_solar_term,candidate_pool_with_time_seed_verify_before_final_match,{'rodden': 'AA'}
517,hf-famous-0517-alfredo-bini,Alfredo Bini,https://huggingface.co/datasets/vedastro-org/15000-Famous-People-Birth-Date-Location,public_figure_source_unclassified,,1926-12-12,21:20,timed_public_dataset,,43.552,10.308,+0100,Male,丙寅,gregorian_year_ok,호랑이,,requires_solar_term_engine,乙亥,丁亥,computed_from_public_dataset_time,timed_birth_available_month_requires_solar_term,candidate_pool_with_time_seed_verify_before_final_match,{'rodden': 'AA'}
518,hf-famous-0518-alfredo-casella,Alfredo Casella,https://huggingface.co/datasets/vedastro-org/15000-Famous-People-Birth-Date-Location,public_figure_source_unclassified,,1883-07-25,06:00,timed_public_dataset,,45.068,7.683,+0050,Male,癸未,gregorian_year_ok,양,,requires_solar_term_engine,庚午,己卯,computed_from_public_dataset_time,timed_birth_available_month_requires_solar_term,candidate_pool_with_time_seed_verify_before_final_match,{'rodden': 'AA'}
519,hf-famous-0519-alfredo-corvino,Alfredo Corvino,https://huggingface.co/datasets/vedastro-org/15000-Famous-People-Birth-Date-Location,public_figure_source_unclassified,,1916-02-02,22:45,timed_public_dataset,,-34.906,-56.185,-0345,Male,丙辰,needs_ipchun_check,용,,requires_solar_term_engine,己巳,乙亥,computed_from_public_dataset_time,timed_birth_available_month_requires_solar_term,candidate_pool_with_time_seed_verify_before_final_match,{'rodden': 'AA'}
520,hf-famous-0520-alfredo-foni,Alfredo Foni,https://huggingface.co/datasets/vedastro-org/15000-Famous-People-Birth-Date-Location,public_figure_source_unclassified,,1911-01-20,20:00,timed_public_dataset,,46.065,13.231,+0100,Male,辛亥,needs_ipchun_check,돼지,,requires_solar_term_engine,庚寅,丙戌,computed_from_public_dataset_time,timed_birth_available_month_requires_solar_term,candidate_pool_with_time_seed_verify_before_final_match,{'rodden': 'AA'}
521,hf-famous-0521-alfredo-k-llner,Alfredo Köllner,https://huggingface.co/datasets/vedastro-org/15000-Famous-People-Birth-Date-Location,public_figure_source_unclassified,,1933-02-09,03:15,timed_public_dataset,,44.407,8.934,+0100,Male,癸酉,gregorian_year_ok,닭,,requires_solar_term_engine,丙午,庚寅,computed_from_public_dataset_time,timed_birth_available_month_requires_solar_term,candidate_pool_with_time_seed_verify_before_final_match,{'rodden': 'AA'}
522,hf-famous-0522-alfredo-monza,Alfredo Monza,https://huggingface.co/datasets/vedastro-org/15000-Famous-People-Birth-Date-Location,public_figure_source_unclassified,,1911-08-12,02:30,timed_public_dataset,,45.611,8.85,+0100,Male,辛亥,gregorian_year_ok,돼지,,requires_solar_term_engine,甲寅,乙丑,computed_from_public_dataset_time,timed_birth_available_month_requires_solar_term,candidate_pool_with_time_seed_verify_before_final_match,{'rodden': 'AA'}
523,hf-famous-0523-alfredo-rota,Alfredo Rota,https://huggingface.co/datasets/vedastro-org/15000-Famous-People-Birth-Date-Location,public_figure_source_unclassified,,1975-07-21,23:10,timed_public_dataset,,45.464,9.188,+0200,Male,乙卯,gregorian_year_ok,토끼,,requires_solar_term_engine,戊辰,壬子,computed_from_public_dataset_time,timed_birth_available_month_requires_solar_term,candidate_pool_with_time_seed_verify_before_final_match,{'rodden': 'AA'}
524,hf-famous-0524-alfred-von-bary,Alfred von Bary,https://huggingface.co/datasets/vedastro-org/15000-Famous-People-Birth-Date-Location,public_figure_source_unclassified,,1873-01-18,01:00,timed_public_dataset,,35.898,14.513,+0058,Male,癸酉,needs_ipchun_check,닭,,requires_solar_term_engine,庚午,丁丑,computed_from_public_dataset_time,timed_birth_available_month_requires_solar_term,candidate_pool_with_time_seed_verify_before_final_match,{'rodden': 'AA'}
525,hf-famous-0525-alfred-von-tirpitz,Alfred von Tirpitz,https://huggingface.co/datasets/vedastro-org/15000-Famous-People-Birth-Date-Location,public_figure_source_unclassified,,1849-03-19,04:30,timed_public_dataset,,52.592,14.647,+0124,Male,己酉,gregorian_year_ok,닭,,requires_solar_term_engine,甲子,丙寅,computed_from_public_dataset_time,timed_birth_available_month_requires_solar_term,candidate_pool_with_time_seed_verify_before_final_match,{'rodden': 'AA'}
526,hf-famous-0526-alfried-von-krupp,Alfried Von Krupp,https://huggingface.co/datasets/vedastro-org/15000-Famous-People-Birth-Date-Location,public_figure_source_unclassified,,1907-08-13,13:45,timed_public_dataset,,51.458,7.014,+0100,Male,丁未,gregorian_year_ok,양,,requires_solar_term_engine,甲午,辛未,computed_from_public_dataset_time,timed_birth_available_month_requires_solar_term,candidate_pool_with_time_seed_verify_before_final_match,{'rodden': 'AA'}
527,hf-famous-0527-ali-mcerlaine,Ali McErlaine,https://huggingface.co/datasets/vedastro-org/15000-Famous-People-Birth-Date-Location,public_figure_source_unclassified,,1968-10-31,14:35,timed_public_dataset,,55.845,-4.424,+0100,Male,戊申,gregorian_year_ok,원숭이,,requires_solar_term_engine,甲戌,辛未,computed_from_public_dataset_time,timed_birth_available_month_requires_solar_term,candidate_pool_with_time_seed_verify_before_final_match,{'rodden': 'AA'}
528,hf-famous-0528-alice-baber,Alice Baber,https://huggingface.co/datasets/vedastro-org/15000-Famous-People-Birth-Date-Location,public_figure_source_unclassified,,1928-08-22,03:40,timed_public_dataset,,39.494,-88.178,-0500,Female,戊辰,gregorian_year_ok,용,,requires_solar_term_engine,甲午,丙寅,computed_from_public_dataset_time,timed_birth_available_month_requires_solar_term,candidate_pool_with_time_seed_verify_before_final_match,{'rodden': 'AA'}
529,hf-famous-0529-alice-cooper,Alice Cooper,https://huggingface.co/datasets/vedastro-org/15000-Famous-People-Birth-Date-Location,public_figure_source_unclassified,,1948-02-04,22:33,timed_public_dataset,,42.213,-83.599,-0500,Male,戊子,needs_ipchun_check,쥐,,requires_solar_term_engine,己未,乙亥,computed_from_public_dataset_time,timed_birth_available_month_requires_solar_term,candidate_pool_with_time_seed_verify_before_final_match,{'rodden': 'AA'}
530,hf-famous-0530-alice-faye-harris-jr,Alice Faye Harris Jr.,https://huggingface.co/datasets/vedastro-org/15000-Famous-People-Birth-Date-Location,public_figure_source_unclassified,,1942-05-19,02:40,timed_public_dataset,,34.052,-118.243,-0700,Female,壬午,gregorian_year_ok,말,,requires_solar_term_engine,壬申,辛丑,computed_from_public_dataset_time,timed_birth_available_month_requires_solar_term,candidate_pool_with_time_seed_verify_before_final_match,{'rodden': 'AA'}
531,hf-famous-0531-alice-field,Alice Field,https://huggingface.co/datasets/vedastro-org/15000-Famous-People-Birth-Date-Location,public_figure_source_unclassified,,1903-09-06,02:20,timed_public_dataset,,36.772,3.052,+0009,Female,癸卯,gregorian_year_ok,토끼,,requires_solar_term_engine,丁酉,辛丑,computed_from_public_dataset_time,timed_birth_available_month_requires_solar_term,candidate_pool_with_time_seed_verify_before_final_match,{'rodden': 'AA'}
532,hf-famous-0532-alice-guy-blach,Alice Guy Blaché,https://huggingface.co/datasets/vedastro-org/15000-Famous-People-Birth-Date-Location,public_figure_source_unclassified,,1873-07-01,16:15,timed_public_dataset,,48.84,2.418,+0009,Female,癸酉,gregorian_year_ok,닭,,requires_solar_term_engine,甲寅,壬申,computed_from_public_dataset_time,timed_birth_available_month_requires_solar_term,candidate_pool_with_time_seed_verify_before_final_match,{'rodden': 'AA'}
533,hf-famous-0533-alice-lon,Alice Lon,https://huggingface.co/datasets/vedastro-org/15000-Famous-People-Birth-Date-Location,public_figure_source_unclassified,,1926-11-23,10:00,timed_public_dataset,,32.386,-94.869,-0600,Female,丙寅,gregorian_year_ok,호랑이,,requires_solar_term_engine,丙辰,癸巳,computed_from_public_dataset_time,timed_birth_available_month_requires_solar_term,candidate_pool_with_time_seed_verify_before_final_match,{'rodden': 'AA'}
534,hf-famous-0534-alice-pearce,Alice Pearce,https://huggingface.co/datasets/vedastro-org/15000-Famous-People-Birth-Date-Location,public_figure_source_unclassified,,1917-10-16,21:15,timed_public_dataset,,40.713,-74.007,-0500,Female,丁巳,gregorian_year_ok,뱀,,requires_solar_term_engine,辛卯,己亥,computed_from_public_dataset_time,timed_birth_available_month_requires_solar_term,candidate_pool_with_time_seed_verify_before_final_match,{'rodden': 'AA'}
535,hf-famous-0535-alice-salomon,Alice Salomon,https://huggingface.co/datasets/vedastro-org/15000-Famous-People-Birth-Date-Location,public_figure_source_unclassified,,1872-04-19,17:30,timed_public_dataset,,52.523,13.411,+0053,Female,壬申,gregorian_year_ok,원숭이,,requires_solar_term_engine,丙申,丁酉,computed_from_public_dataset_time,timed_birth_available_month_requires_solar_term,candidate_pool_with_time_seed_verify_before_final_match,{'rodden': 'AA'}
536,hf-famous-0536-alice-taglioni,Alice Taglioni,https://huggingface.co/datasets/vedastro-org/15000-Famous-People-Birth-Date-Location,public_figure_source_unclassified,,1976-07-26,00:10,timed_public_dataset,,48.989,2.259,+0200,Female,丙辰,gregorian_year_ok,용,,requires_solar_term_engine,己卯,甲子,computed_from_public_dataset_time,timed_birth_available_month_requires_solar_term,candidate_pool_with_time_seed_verify_before_final_match,{'rodden': 'AA'}
537,hf-famous-0537-alice-tissot,Alice Tissot,https://huggingface.co/datasets/vedastro-org/15000-Famous-People-Birth-Date-Location,public_figure_source_unclassified,,1890-01-01,01:00,timed_public_dataset,,48.857,2.351,+0009,Female,庚寅,needs_ipchun_check,호랑이,,requires_solar_term_engine,壬午,辛丑,computed_from_public_dataset_time,timed_birth_available_month_requires_solar_term,candidate_pool_with_time_seed_verify_before_final_match,{'rodden': 'AA'}
538,hf-famous-0538-alicia-cavanaugh,Alicia Cavanaugh,https://huggingface.co/datasets/vedastro-org/15000-Famous-People-Birth-Date-Location,public_figure_source_unclassified,,1980-01-28,20:39,timed_public_dataset,,42.102,-72.586,-0500,Female,庚申,needs_ipchun_check,원숭이,,requires_solar_term_engine,庚子,丙戌,computed_from_public_dataset_time,timed_birth_available_month_requires_solar_term,candidate_pool_with_time_seed_verify_before_final_match,{'rodden': 'AA'}
539,hf-famous-0539-alicia-riley,Alicia Riley,https://huggingface.co/datasets/vedastro-org/15000-Famous-People-Birth-Date-Location,public_figure_source_unclassified,,1963-01-31,22:18,timed_public_dataset,,42.083,-71.02,-0500,Female,癸卯,needs_ipchun_check,토끼,,requires_solar_term_engine,甲戌,乙亥,computed_from_public_dataset_time,timed_birth_available_month_requires_solar_term,candidate_pool_with_time_seed_verify_before_final_match,{'rodden': 'AA'}
540,hf-famous-0540-alicia-sacramone,Alicia Sacramone,https://huggingface.co/datasets/vedastro-org/15000-Famous-People-Birth-Date-Location,public_figure_source_unclassified,,1987-12-03,18:39,timed_public_dataset,,42.359,-71.059,-0500,Female,丁卯,gregorian_year_ok,토끼,,requires_solar_term_engine,丙戌,丁酉,computed_from_public_dataset_time,timed_birth_available_month_requires_solar_term,candidate_pool_with_time_seed_verify_before_final_match,{'rodden': 'AA'}
541,hf-famous-0541-alicia-silverstone,Alicia Silverstone,https://huggingface.co/datasets/vedastro-org/15000-Famous-People-Birth-Date-Location,public_figure_source_unclassified,,1976-10-04,15:44,timed_public_dataset,,37.78,-122.42,-0700,Female,丙辰,gregorian_year_ok,용,,requires_solar_term_engine,己丑,壬申,computed_from_public_dataset_time,timed_birth_available_month_requires_solar_term,candidate_pool_with_time_seed_verify_before_final_match,{'rodden': 'AA'}
542,hf-famous-0542-alicia-witt,Alicia Witt,https://huggingface.co/datasets/vedastro-org/15000-Famous-People-Birth-Date-Location,public_figure_source_unclassified,,1975-08-21,14:59,timed_public_dataset,,42.262,-71.802,-0400,Female,乙卯,gregorian_year_ok,토끼,,requires_solar_term_engine,己亥,辛未,computed_from_public_dataset_time,timed_birth_available_month_requires_solar_term,candidate_pool_with_time_seed_verify_before_final_match,{'rodden': 'AA'}
543,hf-famous-0543-alick-buchanan,Alick Buchanan,https://huggingface.co/datasets/vedastro-org/15000-Famous-People-Birth-Date-Location,public_figure_source_unclassified,,1932-04-08,05:30,timed_public_dataset,,55.95,-3.188,+0000,Male,壬申,gregorian_year_ok,원숭이,,requires_solar_term_engine,己亥,丁卯,computed_from_public_dataset_time,timed_birth_available_month_requires_solar_term,candidate_pool_with_time_seed_verify_before_final_match,{'rodden': 'AA'}
544,hf-famous-0544-alick-isaacs,Alick Isaacs,https://huggingface.co/datasets/vedastro-org/15000-Famous-People-Birth-Date-Location,public_figure_source_unclassified,,1921-07-17,21:30,timed_public_dataset,,55.866,-4.257,+0100,Male,辛酉,gregorian_year_ok,닭,,requires_solar_term_engine,辛巳,己亥,computed_from_public_dataset_time,timed_birth_available_month_requires_solar_term,candidate_pool_with_time_seed_verify_before_final_match,{'rodden': 'AA'}
545,hf-famous-0545-alida-chelli,Alida Chelli,https://huggingface.co/datasets/vedastro-org/15000-Famous-People-Birth-Date-Location,public_figure_source_unclassified,,1943-10-23,04:10,timed_public_dataset,,41.891,12.494,+0100,Female,癸未,gregorian_year_ok,양,,requires_solar_term_engine,甲寅,丙寅,computed_from_public_dataset_time,timed_birth_available_month_requires_solar_term,candidate_pool_with_time_seed_verify_before_final_match,{'rodden': 'AA'}
546,hf-famous-0546-alida-del-grande,Alida Del Grande,https://huggingface.co/datasets/vedastro-org/15000-Famous-People-Birth-Date-Location,public_figure_source_unclassified,,1945-10-30,00:30,timed_public_dataset,,45.931,8.432,+0100,Female,乙酉,gregorian_year_ok,닭,,requires_solar_term_engine,壬申,庚子,computed_from_public_dataset_time,timed_birth_available_month_requires_solar_term,candidate_pool_with_time_seed_verify_before_final_match,{'rodden': 'AA'}
547,hf-famous-0547-alin-bernardin,Alin Bernardin,https://huggingface.co/datasets/vedastro-org/15000-Famous-People-Birth-Date-Location,public_figure_source_unclassified,,1916-01-09,16:00,timed_public_dataset,,47.327,5.044,+0000,Male,丙辰,needs_ipchun_check,용,,requires_solar_term_engine,乙巳,甲申,computed_from_public_dataset_time,timed_birth_available_month_requires_solar_term,candidate_pool_with_time_seed_verify_before_final_match,{'rodden': 'AA'}
548,hf-famous-0548-aline-roux,Aline Roux,https://huggingface.co/datasets/vedastro-org/15000-Famous-People-Birth-Date-Location,public_figure_source_unclassified,,1935-08-22,10:00,timed_public_dataset,,48.39,-4.487,+0100,Female,乙亥,gregorian_year_ok,돼지,,requires_solar_term_engine,庚午,辛巳,computed_from_public_dataset_time,timed_birth_available_month_requires_solar_term,candidate_pool_with_time_seed_verify_before_final_match,{'rodden': 'AA'}
549,hf-famous-0549-alison-folland,Alison Folland,https://huggingface.co/datasets/vedastro-org/15000-Famous-People-Birth-Date-Location,public_figure_source_unclassified,,1978-08-10,09:33,timed_public_dataset,,42.359,-71.059,-0400,Female,戊午,gregorian_year_ok,말,,requires_solar_term_engine,甲辰,己巳,computed_from_public_dataset_time,timed_birth_available_month_requires_solar_term,candidate_pool_with_time_seed_verify_before_final_match,{'rodden': 'AA'}
550,hf-famous-0550-alison-krauss,Alison Krauss,https://huggingface.co/datasets/vedastro-org/15000-Famous-People-Birth-Date-Location,public_figure_source_unclassified,,1971-07-23,19:48,timed_public_dataset,,33.774,-84.297,-0400,Female,辛亥,gregorian_year_ok,돼지,,requires_solar_term_engine,己酉,甲戌,computed_from_public_dataset_time,timed_birth_available_month_requires_solar_term,candidate_pool_with_time_seed_verify_before_final_match,{'rodden': 'AA'}
551,hf-famous-0551-alison-lesley-sheppard,Alison Lesley Sheppard,https://huggingface.co/datasets/vedastro-org/15000-Famous-People-Birth-Date-Location,public_figure_source_unclassified,,1972-11-05,13:55,timed_public_dataset,,55.866,-4.257,+0000,Female,壬子,gregorian_year_ok,쥐,,requires_solar_term_engine,庚子,癸未,computed_from_public_dataset_time,timed_birth_available_month_requires_solar_term,candidate_pool_with_time_seed_verify_before_final_match,{'rodden': 'AA'}
552,hf-famous-0552-alison-lurie,Alison Lurie,https://huggingface.co/datasets/vedastro-org/15000-Famous-People-Birth-Date-Location,public_figure_source_unclassified,,1926-09-03,03:02,timed_public_dataset,,41.883,-87.632,-0500,Female,丙寅,gregorian_year_ok,호랑이,,requires_solar_term_engine,乙未,戊寅,computed_from_public_dataset_time,timed_birth_available_month_requires_solar_term,candidate_pool_with_time_seed_verify_before_final_match,{'rodden': 'AA'}
553,hf-famous-0553-alistair-maclean,Alistair MacLean,https://huggingface.co/datasets/vedastro-org/15000-Famous-People-Birth-Date-Location,public_figure_source_unclassified,,1922-04-21,12:00,timed_public_dataset,,55.866,-4.257,+0100,Male,壬戌,gregorian_year_ok,개,,requires_solar_term_engine,己未,庚午,computed_from_public_dataset_time,timed_birth_available_month_requires_solar_term,candidate_pool_with_time_seed_verify_before_final_match,{'rodden': 'AA'}
554,hf-famous-0554-aliz-e,Alizée,https://huggingface.co/datasets/vedastro-org/15000-Famous-People-Birth-Date-Location,public_figure_source_unclassified,,1984-08-21,08:55,timed_public_dataset,,41.919,8.737,+0200,Female,甲子,gregorian_year_ok,쥐,,requires_solar_term_engine,丁亥,甲辰,computed_from_public_dataset_time,timed_birth_available_month_requires_solar_term,candidate_pool_with_time_seed_verify_before_final_match,{'rodden': 'AA'}
555,hf-famous-0555-allan-j-shields,Allan J. Shields,https://huggingface.co/datasets/vedastro-org/15000-Famous-People-Birth-Date-Location,public_figure_source_unclassified,,1944-02-04,01:48,timed_public_dataset,,38.568,-96.966,-0500,Male,甲申,needs_ipchun_check,원숭이,,requires_solar_term_engine,戊戌,癸丑,computed_from_public_dataset_time,timed_birth_available_month_requires_solar_term,candidate_pool_with_time_seed_verify_before_final_match,{'rodden': 'AA'}
556,hf-famous-0556-allan-kaprow,Allan Kaprow,https://huggingface.co/datasets/vedastro-org/15000-Famous-People-Birth-Date-Location,public_figure_source_unclassified,,1927-08-23,10:19,timed_public_dataset,,39.361,-74.432,-0400,Male,丁卯,gregorian_year_ok,토끼,,requires_solar_term_engine,己丑,己巳,computed_from_public_dataset_time,timed_birth_available_month_requires_solar_term,candidate_pool_with_time_seed_verify_before_final_match,{'rodden': 'AA'}
557,hf-famous-0557-allan-kardec,Allan Kardec,https://huggingface.co/datasets/vedastro-org/15000-Famous-People-Birth-Date-Location,public_figure_source_unclassified,,1804-10-03,19:00,timed_public_dataset,,45.767,4.834,+0009,Male,甲子,gregorian_year_ok,쥐,,requires_solar_term_engine,丙戌,戊戌,computed_from_public_dataset_time,timed_birth_available_month_requires_solar_term,candidate_pool_with_time_seed_verify_before_final_match,{'rodden': 'AA'}
558,hf-famous-0558-allan-mccullogh-campbell,Allan McCullogh Campbell,https://huggingface.co/datasets/vedastro-org/15000-Famous-People-Birth-Date-Location,public_figure_source_unclassified,,1929-04-27,12:00,timed_public_dataset,,37.869,-122.27,-0800,Male,己巳,gregorian_year_ok,뱀,,requires_solar_term_engine,壬寅,丙午,computed_from_public_dataset_time,timed_birth_available_month_requires_solar_term,candidate_pool_with_time_seed_verify_before_final_match,{'rodden': 'AA'}
559,hf-famous-0559-allan-sandage,Allan Sandage,https://huggingface.co/datasets/vedastro-org/15000-Famous-People-Birth-Date-Location,public_figure_source_unclassified,,1926-06-18,03:35,timed_public_dataset,,41.661,-91.53,-0500,Male,丙寅,gregorian_year_ok,호랑이,,requires_solar_term_engine,戊寅,甲寅,computed_from_public_dataset_time,timed_birth_available_month_requires_solar_term,candidate_pool_with_time_seed_verify_before_final_match,{'rodden': 'AA'}
560,hf-famous-0560-allan-sherman,Allan Sherman,https://huggingface.co/datasets/vedastro-org/15000-Famous-People-Birth-Date-Location,public_figure_source_unclassified,,1924-11-30,13:30,timed_public_dataset,,41.883,-87.632,-0600,Male,甲子,gregorian_year_ok,쥐,,requires_solar_term_engine,癸丑,己未,computed_from_public_dataset_time,timed_birth_available_month_requires_solar_term,candidate_pool_with_time_seed_verify_before_final_match,{'rodden': 'AA'}
561,hf-famous-0561-allan-verne-cox,Allan Verne Cox,https://huggingface.co/datasets/vedastro-org/15000-Famous-People-Birth-Date-Location,public_figure_source_unclassified,,1926-12-17,01:50,timed_public_dataset,,33.75,-117.87,-0800,Male,丙寅,gregorian_year_ok,호랑이,,requires_solar_term_engine,庚辰,丁丑,computed_from_public_dataset_time,timed_birth_available_month_requires_solar_term,candidate_pool_with_time_seed_verify_before_final_match,{'rodden': 'AA'}
562,hf-famous-0562-allard-lowenstein,Allard Lowenstein,https://huggingface.co/datasets/vedastro-org/15000-Famous-People-Birth-Date-Location,public_figure_source_unclassified,,1929-01-16,15:22,timed_public_dataset,,40.732,-74.174,-0500,Male,己巳,needs_ipchun_check,뱀,,requires_solar_term_engine,辛酉,丙申,computed_from_public_dataset_time,timed_birth_available_month_requires_solar_term,candidate_pool_with_time_seed_verify_before_final_match,{'rodden': 'AA'}
563,hf-famous-0563-allegro-grandi,Allegro Grandi,https://huggingface.co/datasets/vedastro-org/15000-Famous-People-Birth-Date-Location,public_figure_source_unclassified,,1907-01-19,17:00,timed_public_dataset,,40.492,18.0,+0100,Male,丁未,needs_ipchun_check,양,,requires_solar_term_engine,戊辰,辛酉,computed_from_public_dataset_time,timed_birth_available_month_requires_solar_term,candidate_pool_with_time_seed_verify_before_final_match,{'rodden': 'AA'}
564,hf-famous-0564-allen-brennan,Allen Brennan,https://huggingface.co/datasets/vedastro-org/15000-Famous-People-Birth-Date-Location,public_figure_source_unclassified,,1934-01-16,08:21,timed_public_dataset,,41.883,-87.632,-0600,Male,甲戌,needs_ipchun_check,개,,requires_solar_term_engine,丁亥,甲辰,computed_from_public_dataset_time,timed_birth_available_month_requires_solar_term,candidate_pool_with_time_seed_verify_before_final_match,{'rodden': 'AA'}
565,hf-famous-0565-allen-case,Allen Case,https://huggingface.co/datasets/vedastro-org/15000-Famous-People-Birth-Date-Location,public_figure_source_unclassified,,1934-10-08,12:15,timed_public_dataset,,32.778,-96.796,-0600,Male,甲戌,gregorian_year_ok,개,,requires_solar_term_engine,壬子,丙午,computed_from_public_dataset_time,timed_birth_available_month_requires_solar_term,candidate_pool_with_time_seed_verify_before_final_match,{'rodden': 'AA'}
566,hf-famous-0566-allen-fletcher,Allen Fletcher,https://huggingface.co/datasets/vedastro-org/15000-Famous-People-Birth-Date-Location,public_figure_source_unclassified,,1922-07-19,11:55,timed_public_dataset,,37.78,-122.42,-0800,Male,壬戌,gregorian_year_ok,개,,requires_solar_term_engine,戊子,戊午,computed_from_public_dataset_time,timed_birth_available_month_requires_solar_term,candidate_pool_with_time_seed_verify_before_final_match,{'rodden': 'AA'}
567,hf-famous-0567-allen-ludden,Allen Ludden,https://huggingface.co/datasets/vedastro-org/15000-Famous-People-Birth-Date-Location,public_figure_source_unclassified,,1917-10-05,16:00,timed_public_dataset,,42.863,-90.187,-0600,Male,丁巳,gregorian_year_ok,뱀,,requires_solar_term_engine,庚辰,甲申,computed_from_public_dataset_time,timed_birth_available_month_requires_solar_term,candidate_pool_with_time_seed_verify_before_final_match,{'rodden': 'AA'}
568,hf-famous-0568-allen-miller,Allen Miller,https://huggingface.co/datasets/vedastro-org/15000-Famous-People-Birth-Date-Location,public_figure_source_unclassified,,1948-08-10,18:44,timed_public_dataset,,32.716,-117.164,-0700,Male,戊子,gregorian_year_ok,쥐,,requires_solar_term_engine,丁卯,己酉,computed_from_public_dataset_time,timed_birth_available_month_requires_solar_term,candidate_pool_with_time_seed_verify_before_final_match,{'rodden': 'AA'}
569,hf-famous-0569-allen-rivkin,Allen Rivkin,https://huggingface.co/datasets/vedastro-org/15000-Famous-People-Birth-Date-Location,public_figure_source_unclassified,,1903-11-20,00:30,timed_public_dataset,,46.01,-91.482,-0600,Male,癸卯,gregorian_year_ok,토끼,,requires_solar_term_engine,壬子,庚子,computed_from_public_dataset_time,timed_birth_available_month_requires_solar_term,candidate_pool_with_time_seed_verify_before_final_match,{'rodden': 'AA'}
570,hf-famous-0570-allender-steele-adams,Allender Steele Adams,https://huggingface.co/datasets/vedastro-org/15000-Famous-People-Birth-Date-Location,public_figure_source_unclassified,,1946-02-16,19:30,timed_public_dataset,,55.866,-4.257,+0000,Male,丙戌,gregorian_year_ok,개,,requires_solar_term_engine,辛酉,戊戌,computed_from_public_dataset_time,timed_birth_available_month_requires_solar_term,candidate_pool_with_time_seed_verify_before_final_match,{'rodden': 'AA'}
571,hf-famous-0571-allessandra-ferri,Allessandra Ferri,https://huggingface.co/datasets/vedastro-org/15000-Famous-People-Birth-Date-Location,public_figure_source_unclassified,,1963-05-06,13:15,timed_public_dataset,,45.464,9.188,+0100,Female,癸卯,gregorian_year_ok,토끼,,requires_solar_term_engine,己酉,辛未,computed_from_public_dataset_time,timed_birth_available_month_requires_solar_term,candidate_pool_with_time_seed_verify_before_final_match,{'rodden': 'AA'}
572,hf-famous-0572-allessandro-bovo,Allessandro Bovo,https://huggingface.co/datasets/vedastro-org/15000-Famous-People-Birth-Date-Location,public_figure_source_unclassified,,1969-01-01,14:45,timed_public_dataset,,44.407,8.934,+0100,Male,己酉,needs_ipchun_check,닭,,requires_solar_term_engine,丙子,乙未,computed_from_public_dataset_time,timed_birth_available_month_requires_solar_term,candidate_pool_with_time_seed_verify_before_final_match,{'rodden': 'AA'}
573,hf-famous-0573-allessandro-safina,Allessandro Safina,https://huggingface.co/datasets/vedastro-org/15000-Famous-People-Birth-Date-Location,public_figure_source_unclassified,,1968-10-14,19:45,timed_public_dataset,,43.319,11.331,+0100,Male,戊申,gregorian_year_ok,원숭이,,requires_solar_term_engine,丁巳,庚戌,computed_from_public_dataset_time,timed_birth_available_month_requires_solar_term,candidate_pool_with_time_seed_verify_before_final_match,{'rodden': 'AA'}
574,hf-famous-0574-allessandro-zanardi,Allessandro Zanardi,https://huggingface.co/datasets/vedastro-org/15000-Famous-People-Birth-Date-Location,public_figure_source_unclassified,,1966-10-23,12:10,timed_public_dataset,,44.494,11.347,+0100,Male,丙午,gregorian_year_ok,말,,requires_solar_term_engine,乙卯,壬午,computed_from_public_dataset_time,timed_birth_available_month_requires_solar_term,candidate_pool_with_time_seed_verify_before_final_match,{'rodden': 'AA'}
575,hf-famous-0575-allison-janney,Allison Janney,https://huggingface.co/datasets/vedastro-org/15000-Famous-People-Birth-Date-Location,public_figure_source_unclassified,,1959-11-19,12:44,timed_public_dataset,,42.359,-71.059,-0500,Female,己亥,gregorian_year_ok,돼지,,requires_solar_term_engine,乙巳,壬午,computed_from_public_dataset_time,timed_birth_available_month_requires_solar_term,candidate_pool_with_time_seed_verify_before_final_match,{'rodden': 'AA'}
576,hf-famous-0576-allison-parks,Allison Parks,https://huggingface.co/datasets/vedastro-org/15000-Famous-People-Birth-Date-Location,public_figure_source_unclassified,,1941-10-18,07:03,timed_public_dataset,,34.148,-118.246,-0800,Female,辛巳,gregorian_year_ok,뱀,,requires_solar_term_engine,己亥,戊辰,computed_from_public_dataset_time,timed_birth_available_month_requires_solar_term,candidate_pool_with_time_seed_verify_before_final_match,{'rodden': 'AA'}
577,hf-famous-0577-alois-alzheimer,Alois Alzheimer,https://huggingface.co/datasets/vedastro-org/15000-Famous-People-Birth-Date-Location,public_figure_source_unclassified,,1864-06-14,04:00,timed_public_dataset,,49.666,10.143,+0053,Male,甲子,gregorian_year_ok,쥐,,requires_solar_term_engine,庚戌,戊寅,computed_from_public_dataset_time,timed_birth_available_month_requires_solar_term,candidate_pool_with_time_seed_verify_before_final_match,{'rodden': 'AA'}
578,hf-famous-0578-alois-hitler,Alois Hitler,https://huggingface.co/datasets/vedastro-org/15000-Famous-People-Birth-Date-Location,public_figure_source_unclassified,,1837-06-07,10:30,timed_public_dataset,,48.209,16.373,+0105,Male,丁酉,gregorian_year_ok,닭,,requires_solar_term_engine,辛巳,癸巳,computed_from_public_dataset_time,timed_birth_available_month_requires_solar_term,candidate_pool_with_time_seed_verify_before_final_match,{'rodden': 'AA'}
579,hf-famous-0579-alois-treindl,Alois Treindl,https://huggingface.co/datasets/vedastro-org/15000-Famous-People-Birth-Date-Location,public_figure_source_unclassified,,1950-03-07,09:15,timed_public_dataset,,49.016,12.102,+0100,Male,庚寅,gregorian_year_ok,호랑이,,requires_solar_term_engine,辛丑,癸巳,computed_from_public_dataset_time,timed_birth_available_month_requires_solar_term,candidate_pool_with_time_seed_verify_before_final_match,{'rodden': 'AA'}
580,hf-famous-0580-alois-wiesinger,Alois Wiesinger,https://huggingface.co/datasets/vedastro-org/15000-Famous-People-Birth-Date-Location,public_figure_source_unclassified,,1885-06-03,19:30,timed_public_dataset,,47.961,14.017,+0105,Male,乙酉,gregorian_year_ok,닭,,requires_solar_term_engine,己丑,甲戌,computed_from_public_dataset_time,timed_birth_available_month_requires_solar_term,candidate_pool_with_time_seed_verify_before_final_match,{'rodden': 'AA'}
581,hf-famous-0581-alphons-diepenbrock,Alphons Diepenbrock,https://huggingface.co/datasets/vedastro-org/15000-Famous-People-Birth-Date-Location,public_figure_source_unclassified,,1862-09-02,02:00,timed_public_dataset,,52.373,4.891,+0018,Male,壬戌,gregorian_year_ok,개,,requires_solar_term_engine,己未,乙丑,computed_from_public_dataset_time,timed_birth_available_month_requires_solar_term,candidate_pool_with_time_seed_verify_before_final_match,{'rodden': 'AA'}
582,hf-famous-0582-alphonse-beau-de-rochas,Alphonse Beau de Rochas,https://huggingface.co/datasets/vedastro-org/15000-Famous-People-Birth-Date-Location,public_figure_source_unclassified,,1815-04-09,18:00,timed_public_dataset,,44.091,6.232,+0009,Male,乙亥,gregorian_year_ok,돼지,,requires_solar_term_engine,丙戌,丁酉,computed_from_public_dataset_time,timed_birth_available_month_requires_solar_term,candidate_pool_with_time_seed_verify_before_final_match,{'rodden': 'AA'}
583,hf-famous-0583-alphonse-daudet,Alphonse Daudet,https://huggingface.co/datasets/vedastro-org/15000-Famous-People-Birth-Date-Location,public_figure_source_unclassified,,1840-05-13,02:00,timed_public_dataset,,43.835,4.361,+0009,Male,庚子,gregorian_year_ok,쥐,,requires_solar_term_engine,壬申,辛丑,computed_from_public_dataset_time,timed_birth_available_month_requires_solar_term,candidate_pool_with_time_seed_verify_before_final_match,{'rodden': 'AA'}
584,hf-famous-0584-alphonse-gu-pin,Alphonse Guépin,https://huggingface.co/datasets/vedastro-org/15000-Famous-People-Birth-Date-Location,public_figure_source_unclassified,,1808-02-17,01:00,timed_public_dataset,,48.279,-2.843,+0009,Male,戊辰,gregorian_year_ok,용,,requires_solar_term_engine,戊午,癸丑,computed_from_public_dataset_time,timed_birth_available_month_requires_solar_term,candidate_pool_with_time_seed_verify_before_final_match,{'rodden': 'AA'}
585,hf-famous-0585-alphonse-joseph-georges,Alphonse Joseph Georges,https://huggingface.co/datasets/vedastro-org/15000-Famous-People-Birth-Date-Location,public_figure_source_unclassified,,1875-08-19,20:00,timed_public_dataset,,46.342,2.607,+0009,Male,乙亥,gregorian_year_ok,돼지,,requires_solar_term_engine,癸丑,壬戌,computed_from_public_dataset_time,timed_birth_available_month_requires_solar_term,candidate_pool_with_time_seed_verify_before_final_match,{'rodden': 'AA'}
586,hf-famous-0586-alphonse-juin,Alphonse Juin,https://huggingface.co/datasets/vedastro-org/15000-Famous-People-Birth-Date-Location,public_figure_source_unclassified,,1888-12-16,11:00,timed_public_dataset,,36.9,7.765,+0012,Male,戊子,gregorian_year_ok,쥐,,requires_solar_term_engine,辛酉,甲午,computed_from_public_dataset_time,timed_birth_available_month_requires_solar_term,candidate_pool_with_time_seed_verify_before_final_match,{'rodden': 'AA'}
587,hf-famous-0587-alphonse-rallet,Alphonse Rallet,https://huggingface.co/datasets/vedastro-org/15000-Famous-People-Birth-Date-Location,public_figure_source_unclassified,,1819-01-30,02:00,timed_public_dataset,,49.047,3.399,+0009,Male,己卯,needs_ipchun_check,토끼,,requires_solar_term_engine,戊戌,癸丑,computed_from_public_dataset_time,timed_birth_available_month_requires_solar_term,candidate_pool_with_time_seed_verify_before_final_match,{'rodden': 'AA'}
588,hf-famous-0588-alphonse-de-ch-teaubriant,Alphonse de Châteaubriant,https://huggingface.co/datasets/vedastro-org/15000-Famous-People-Birth-Date-Location,public_figure_source_unclassified,,1877-03-25,15:30,timed_public_dataset,,48.112,-1.68,+0009,Male,丁丑,gregorian_year_ok,소,,requires_solar_term_engine,丁酉,戊申,computed_from_public_dataset_time,timed_birth_available_month_requires_solar_term,candidate_pool_with_time_seed_verify_before_final_match,{'rodden': 'AA'}
589,hf-famous-0589-althea-flynt,Althea Flynt,https://huggingface.co/datasets/vedastro-org/15000-Famous-People-Birth-Date-Location,public_figure_source_unclassified,,1953-11-06,17:45,timed_public_dataset,,39.42,-81.457,-0500,Female,癸巳,gregorian_year_ok,뱀,,requires_solar_term_engine,辛酉,丁酉,computed_from_public_dataset_time,timed_birth_available_month_requires_solar_term,candidate_pool_with_time_seed_verify_before_final_match,{'rodden': 'AA'}
590,hf-famous-0590-althea-gibson,Althea Gibson,https://huggingface.co/datasets/vedastro-org/15000-Famous-People-Birth-Date-Location,public_figure_source_unclassified,,1927-08-25,09:00,timed_public_dataset,,33.693,-80.212,-0400,Female,丁卯,gregorian_year_ok,토끼,,requires_solar_term_engine,辛卯,癸巳,computed_from_public_dataset_time,timed_birth_available_month_requires_solar_term,candidate_pool_with_time_seed_verify_before_final_match,{'rodden': 'AA'}
591,hf-famous-0591-altidoro-polidori,Altidoro Polidori,https://huggingface.co/datasets/vedastro-org/15000-Famous-People-Birth-Date-Location,public_figure_source_unclassified,,1929-08-10,22:00,timed_public_dataset,,42.763,11.113,+0100,Male,己巳,gregorian_year_ok,뱀,,requires_solar_term_engine,丁亥,辛亥,computed_from_public_dataset_time,timed_birth_available_month_requires_solar_term,candidate_pool_with_time_seed_verify_before_final_match,{'rodden': 'AA'}
592,hf-famous-0592-alton,Alton,https://huggingface.co/datasets/vedastro-org/15000-Famous-People-Birth-Date-Location,public_figure_source_unclassified,,1942-09-30,22:30,timed_public_dataset,,45.666,12.242,+0200,Male,壬午,gregorian_year_ok,말,,requires_solar_term_engine,丙戌,己亥,computed_from_public_dataset_time,timed_birth_available_month_requires_solar_term,candidate_pool_with_time_seed_verify_before_final_match,{'rodden': 'AA'}
593,hf-famous-0593-alvaro-cunhal,Alvaro Cunhal,https://huggingface.co/datasets/vedastro-org/15000-Famous-People-Birth-Date-Location,public_figure_source_unclassified,,1913-11-10,15:45,timed_public_dataset,,40.211,-8.429,+0000,Male,癸丑,gregorian_year_ok,소,,requires_solar_term_engine,乙未,甲申,computed_from_public_dataset_time,timed_birth_available_month_requires_solar_term,candidate_pool_with_time_seed_verify_before_final_match,{'rodden': 'AA'}
594,hf-famous-0594-alvaro-siza-vieira,Alvaro Siza Vieira,https://huggingface.co/datasets/vedastro-org/15000-Famous-People-Birth-Date-Location,public_figure_source_unclassified,,1933-06-25,11:00,timed_public_dataset,,41.183,-8.68,+0000,Male,癸酉,gregorian_year_ok,닭,,requires_solar_term_engine,壬戌,丙午,computed_from_public_dataset_time,timed_birth_available_month_requires_solar_term,candidate_pool_with_time_seed_verify_before_final_match,{'rodden': 'AA'}
595,hf-famous-0595-alvise-zorzi,Alvise Zorzi,https://huggingface.co/datasets/vedastro-org/15000-Famous-People-Birth-Date-Location,public_figure_source_unclassified,,1922-07-10,12:00,timed_public_dataset,,45.435,12.339,+0100,Female,壬戌,gregorian_year_ok,개,,requires_solar_term_engine,己卯,庚午,computed_from_public_dataset_time,timed_birth_available_month_requires_solar_term,candidate_pool_with_time_seed_verify_before_final_match,{'rodden': 'AA'}
596,hf-famous-0596-aly-bain,Aly Bain,https://huggingface.co/datasets/vedastro-org/15000-Famous-People-Birth-Date-Location,public_figure_source_unclassified,,1946-05-15,01:45,timed_public_dataset,,60.156,-1.15,+0100,Male,丙戌,gregorian_year_ok,개,,requires_solar_term_engine,己丑,乙丑,computed_from_public_dataset_time,timed_birth_available_month_requires_solar_term,candidate_pool_with_time_seed_verify_before_final_match,{'rodden': 'AA'}
597,hf-famous-0597-amadee-bonnet,Amadee Bonnet,https://huggingface.co/datasets/vedastro-org/15000-Famous-People-Birth-Date-Location,public_figure_source_unclassified,,1809-03-20,20:00,timed_public_dataset,,45.958,5.359,+0009,Male,己巳,gregorian_year_ok,뱀,,requires_solar_term_engine,乙未,丙戌,computed_from_public_dataset_time,timed_birth_available_month_requires_solar_term,candidate_pool_with_time_seed_verify_before_final_match,{'rodden': 'AA'}
598,hf-famous-0598-amadee-domenech,Amadee Domenech,https://huggingface.co/datasets/vedastro-org/15000-Famous-People-Birth-Date-Location,public_figure_source_unclassified,,1933-05-03,08:00,timed_public_dataset,,43.184,3.004,+0100,Male,癸酉,gregorian_year_ok,닭,,requires_solar_term_engine,己巳,戊辰,computed_from_public_dataset_time,timed_birth_available_month_requires_solar_term,candidate_pool_with_time_seed_verify_before_final_match,{'rodden': 'AA'}
599,hf-famous-0599-amadeo-amadei,Amadeo Amadei,https://huggingface.co/datasets/vedastro-org/15000-Famous-People-Birth-Date-Location,public_figure_source_unclassified,,1921-07-26,22:00,timed_public_dataset,,41.806,12.68,+0100,Male,辛酉,gregorian_year_ok,닭,,requires_solar_term_engine,庚寅,丁亥,computed_from_public_dataset_time,timed_birth_available_month_requires_solar_term,candidate_pool_with_time_seed_verify_before_final_match,{'rodden': 'AA'}
600,hf-famous-0600-amadeo-pomilio,Amadeo Pomilio,https://huggingface.co/datasets/vedastro-org/15000-Famous-People-Birth-Date-Location,public_figure_source_unclassified,,1967-02-11,12:45,timed_public_dataset,,42.352,14.167,+0100,Male,丁未,gregorian_year_ok,양,,requires_solar_term_engine,丙午,甲午,computed_from_public_dataset_time,timed_birth_available_month_requires_solar_term,candidate_pool_with_time_seed_verify_before_final_match,{'rodden': 'AA'}
601,hf-famous-0601-amador-de-busnel,Amador de Busnel,https://huggingface.co/datasets/vedastro-org/15000-Famous-People-Birth-Date-Location,public_figure_source_unclassified,,1904-12-19,16:30,timed_public_dataset,,47.255,-0.083,+0009,Male,甲辰,gregorian_year_ok,용,,requires_solar_term_engine,丁亥,戊申,computed_from_public_dataset_time,timed_birth_available_month_requires_solar_term,candidate_pool_with_time_seed_verify_before_final_match,{'rodden': 'AA'}
602,hf-famous-0602-amaldo-lucentini,Amaldo Lucentini,https://huggingface.co/datasets/vedastro-org/15000-Famous-People-Birth-Date-Location,public_figure_source_unclassified,,1930-07-07,01:45,timed_public_dataset,,43.214,13.291,+0100,Male,庚午,gregorian_year_ok,말,,requires_solar_term_engine,戊午,癸丑,computed_from_public_dataset_time,timed_birth_available_month_requires_solar_term,candidate_pool_with_time_seed_verify_before_final_match,{'rodden': 'AA'}
603,hf-famous-0603-amalia-guglielminetti,Amalia Guglielminetti,https://huggingface.co/datasets/vedastro-org/15000-Famous-People-Birth-Date-Location,public_figure_source_unclassified,,1881-04-05,15:00,timed_public_dataset,,45.068,7.683,+0050,Female,辛巳,gregorian_year_ok,뱀,,requires_solar_term_engine,己巳,壬申,computed_from_public_dataset_time,timed_birth_available_month_requires_solar_term,candidate_pool_with_time_seed_verify_before_final_match,{'rodden': 'AA'}
604,hf-famous-0604-amalie-dietrich,Amalie Dietrich,https://huggingface.co/datasets/vedastro-org/15000-Famous-People-Birth-Date-Location,public_figure_source_unclassified,,1821-05-26,13:00,timed_public_dataset,,51.03,13.309,+0053,Female,辛巳,gregorian_year_ok,뱀,,requires_solar_term_engine,乙巳,癸未,computed_from_public_dataset_time,timed_birth_available_month_requires_solar_term,candidate_pool_with_time_seed_verify_before_final_match,{'rodden': 'AA'}
605,hf-famous-0605-amanda-bynes,Amanda Bynes,https://huggingface.co/datasets/vedastro-org/15000-Famous-People-Birth-Date-Location,public_figure_source_unclassified,,1986-04-03,08:06,timed_public_dataset,,34.176,-118.849,-0800,Female,丙寅,gregorian_year_ok,호랑이,,requires_solar_term_engine,丁丑,甲辰,computed_from_public_dataset_time,timed_birth_available_month_requires_solar_term,candidate_pool_with_time_seed_verify_before_final_match,{'rodden': 'AA'}
606,hf-famous-0606-amanda-knox,Amanda Knox,https://huggingface.co/datasets/vedastro-org/15000-Famous-People-Birth-Date-Location,public_figure_source_unclassified,,1987-07-09,02:47,timed_public_dataset,,47.603,-122.33,-0700,Female,丁卯,gregorian_year_ok,토끼,,requires_solar_term_engine,己未,乙丑,computed_from_public_dataset_time,timed_birth_available_month_requires_solar_term,candidate_pool_with_time_seed_verify_before_final_match,{'rodden': 'AA'}
607,hf-famous-0607-amanda-lear,Amanda Lear,https://huggingface.co/datasets/vedastro-org/15000-Famous-People-Birth-Date-Location,public_figure_source_unclassified,,1939-06-18,16:05,timed_public_dataset,,10.777,106.701,+0700,Female,己卯,gregorian_year_ok,토끼,,requires_solar_term_engine,丙戌,丙申,computed_from_public_dataset_time,timed_birth_available_month_requires_solar_term,candidate_pool_with_time_seed_verify_before_final_match,{'rodden': 'AA'}
608,hf-famous-0608-amanda-nadeau,Amanda Nadeau,https://huggingface.co/datasets/vedastro-org/15000-Famous-People-Birth-Date-Location,public_figure_source_unclassified,,1989-03-06,03:16,timed_public_dataset,,42.359,-71.059,-0500,Female,己巳,gregorian_year_ok,뱀,,requires_solar_term_engine,乙丑,戊寅,computed_from_public_dataset_time,timed_birth_available_month_requires_solar_term,candidate_pool_with_time_seed_verify_before_final_match,{'rodden': 'AA'}
609,hf-famous-0609-amanda-ooms,Amanda Ooms,https://huggingface.co/datasets/vedastro-org/15000-Famous-People-Birth-Date-Location,public_figure_source_unclassified,,1964-09-05,02:45,timed_public_dataset,,56.661,16.363,+0100,Female,甲辰,gregorian_year_ok,용,,requires_solar_term_engine,丁巳,辛丑,computed_from_public_dataset_time,timed_birth_available_month_requires_solar_term,candidate_pool_with_time_seed_verify_before_final_match,{'rodden': 'AA'}
610,hf-famous-0610-amanda-sthers,Amanda Sthers,https://huggingface.co/datasets/vedastro-org/15000-Famous-People-Birth-Date-Location,public_figure_source_unclassified,,1978-04-18,17:35,timed_public_dataset,,48.857,2.351,+0200,Female,戊午,gregorian_year_ok,말,,requires_solar_term_engine,庚戌,乙酉,computed_from_public_dataset_time,timed_birth_available_month_requires_solar_term,candidate_pool_with_time_seed_verify_before_final_match,{'rodden': 'AA'}
611,hf-famous-0611-amanda-warrington,Amanda Warrington,https://huggingface.co/datasets/vedastro-org/15000-Famous-People-Birth-Date-Location,public_figure_source_unclassified,,1968-08-22,10:56,timed_public_dataset,,42.359,-71.059,-0400,Female,戊申,gregorian_year_ok,원숭이,,requires_solar_term_engine,甲子,己巳,computed_from_public_dataset_time,timed_birth_available_month_requires_solar_term,candidate_pool_with_time_seed_verify_before_final_match,{'rodden': 'AA'}
612,hf-famous-0612-amaury-leveaux,Amaury Leveaux,https://huggingface.co/datasets/vedastro-org/15000-Famous-People-Birth-Date-Location,public_figure_source_unclassified,,1985-12-02,12:00,timed_public_dataset,,47.639,6.862,+0100,Male,乙丑,gregorian_year_ok,소,,requires_solar_term_engine,乙亥,壬午,computed_from_public_dataset_time,timed_birth_available_month_requires_solar_term,candidate_pool_with_time_seed_verify_before_final_match,{'rodden': 'AA'}
613,hf-famous-0613-amaury-vassili,Amaury Vassili,https://huggingface.co/datasets/vedastro-org/15000-Famous-People-Birth-Date-Location,public_figure_source_unclassified,,1989-06-08,20:55,timed_public_dataset,,48.819,2.131,+0200,Male,己巳,gregorian_year_ok,뱀,,requires_solar_term_engine,己亥,甲戌,computed_from_public_dataset_time,timed_birth_available_month_requires_solar_term,candidate_pool_with_time_seed_verify_before_final_match,{'rodden': 'AA'}
614,hf-famous-0614-amber-frey,Amber Frey,https://huggingface.co/datasets/vedastro-org/15000-Famous-People-Birth-Date-Location,public_figure_source_unclassified,,1975-02-10,09:49,timed_public_dataset,,34.052,-118.243,-0800,Female,乙卯,gregorian_year_ok,토끼,,requires_solar_term_engine,丁亥,乙巳,computed_from_public_dataset_time,timed_birth_available_month_requires_solar_term,candidate_pool_with_time_seed_verify_before_final_match,{'rodden': 'AA'}
615,hf-famous-0615-amber-swartz,Amber Swartz,https://huggingface.co/datasets/vedastro-org/15000-Famous-People-Birth-Date-Location,public_figure_source_unclassified,,1980-08-19,14:41,timed_public_dataset,,38.118,-122.221,-0700,Female,庚申,gregorian_year_ok,원숭이,,requires_solar_term_engine,甲子,辛未,computed_from_public_dataset_time,timed_birth_available_month_requires_solar_term,candidate_pool_with_time_seed_verify_before_final_match,{'rodden': 'AA'}
616,hf-famous-0616-amber-tamblyn,Amber Tamblyn,https://huggingface.co/datasets/vedastro-org/15000-Famous-People-Birth-Date-Location,public_figure_source_unclassified,,1983-05-14,04:45,timed_public_dataset,,34.011,-118.492,-0700,Female,癸亥,gregorian_year_ok,돼지,,requires_solar_term_engine,壬寅,壬寅,computed_from_public_dataset_time,timed_birth_available_month_requires_solar_term,candidate_pool_with_time_seed_verify_before_final_match,{'rodden': 'AA'}
617,hf-famous-0617-ambra-angiolini,Ambra Angiolini,https://huggingface.co/datasets/vedastro-org/15000-Famous-People-Birth-Date-Location,public_figure_source_unclassified,,1977-04-22,11:30,timed_public_dataset,,41.891,12.494,+0100,Female,丁巳,gregorian_year_ok,뱀,,requires_solar_term_engine,己酉,庚午,computed_from_public_dataset_time,timed_birth_available_month_requires_solar_term,candidate_pool_with_time_seed_verify_before_final_match,{'rodden': 'AA'}
618,hf-famous-0618-ambroise-thomas,Ambroise Thomas,https://huggingface.co/datasets/vedastro-org/15000-Famous-People-Birth-Date-Location,public_figure_source_unclassified,,1811-08-05,10:00,timed_public_dataset,,49.114,6.172,+0009,Male,辛未,gregorian_year_ok,양,,requires_solar_term_engine,癸亥,丁巳,computed_from_public_dataset_time,timed_birth_available_month_requires_solar_term,candidate_pool_with_time_seed_verify_before_final_match,{'rodden': 'AA'}
619,hf-famous-0619-ambrosio-guillen,Ambrosio Guillen,https://huggingface.co/datasets/vedastro-org/15000-Famous-People-Birth-Date-Location,public_figure_source_unclassified,,1929-12-07,18:00,timed_public_dataset,,37.977,-103.544,-0700,Male,己巳,gregorian_year_ok,뱀,,requires_solar_term_engine,丙戌,丁酉,computed_from_public_dataset_time,timed_birth_available_month_requires_solar_term,candidate_pool_with_time_seed_verify_before_final_match,{'rodden': 'AA'}
620,hf-famous-0620-amedee-ernest-mouchez,Amedee Ernest Mouchez,https://huggingface.co/datasets/vedastro-org/15000-Famous-People-Birth-Date-Location,public_figure_source_unclassified,,1821-08-24,16:00,timed_public_dataset,,40.417,-3.7,-0015,Male,辛巳,gregorian_year_ok,뱀,,requires_solar_term_engine,乙亥,甲申,computed_from_public_dataset_time,timed_birth_available_month_requires_solar_term,candidate_pool_with_time_seed_verify_before_final_match,{'rodden': 'AA'}
621,hf-famous-0621-amedee-ozenfant,Amedee Ozenfant,https://huggingface.co/datasets/vedastro-org/15000-Famous-People-Birth-Date-Location,public_figure_source_unclassified,,1886-04-15,17:00,timed_public_dataset,,49.848,3.288,+0009,Male,丙戌,gregorian_year_ok,개,,requires_solar_term_engine,乙巳,乙酉,computed_from_public_dataset_time,timed_birth_available_month_requires_solar_term,candidate_pool_with_time_seed_verify_before_final_match,{'rodden': 'AA'}
622,hf-famous-0622-amedeo-amodio,Amedeo Amodio,https://huggingface.co/datasets/vedastro-org/15000-Famous-People-Birth-Date-Location,public_figure_source_unclassified,,1940-03-14,20:35,timed_public_dataset,,45.464,9.188,+0100,Male,庚辰,gregorian_year_ok,용,,requires_solar_term_engine,丙辰,戊戌,computed_from_public_dataset_time,timed_birth_available_month_requires_solar_term,candidate_pool_with_time_seed_verify_before_final_match,{'rodden': 'AA'}
623,hf-famous-0623-amedeo-biavati,Amedeo Biavati,https://huggingface.co/datasets/vedastro-org/15000-Famous-People-Birth-Date-Location,public_figure_source_unclassified,,1915-04-04,02:45,timed_public_dataset,,44.494,11.347,+0100,Male,乙卯,gregorian_year_ok,토끼,,requires_solar_term_engine,乙丑,丁丑,computed_from_public_dataset_time,timed_birth_available_month_requires_solar_term,candidate_pool_with_time_seed_verify_before_final_match,{'rodden': 'AA'}
624,hf-famous-0624-amedeo-modigliani,Amedeo Modigliani,https://huggingface.co/datasets/vedastro-org/15000-Famous-People-Birth-Date-Location,public_figure_source_unclassified,,1884-07-12,09:00,timed_public_dataset,,43.552,10.308,+0050,Male,甲申,gregorian_year_ok,원숭이,,requires_solar_term_engine,癸亥,丁巳,computed_from_public_dataset_time,timed_birth_available_month_requires_solar_term,candidate_pool_with_time_seed_verify_before_final_match,{'rodden': 'AA'}
625,hf-famous-0625-amedeo-nazzari,Amedeo Nazzari,https://huggingface.co/datasets/vedastro-org/15000-Famous-People-Birth-Date-Location,public_figure_source_unclassified,,1907-12-10,04:37,timed_public_dataset,,39.215,9.109,+0100,Male,丁未,gregorian_year_ok,양,,requires_solar_term_engine,癸巳,甲寅,computed_from_public_dataset_time,timed_birth_available_month_requires_solar_term,candidate_pool_with_time_seed_verify_before_final_match,{'rodden': 'AA'}
626,hf-famous-0626-amel-bent,Amel Bent,https://huggingface.co/datasets/vedastro-org/15000-Famous-People-Birth-Date-Location,public_figure_source_unclassified,,1985-06-21,17:25,timed_public_dataset,,48.857,2.351,+0200,Female,乙丑,gregorian_year_ok,소,,requires_solar_term_engine,辛卯,丁酉,computed_from_public_dataset_time,timed_birth_available_month_requires_solar_term,candidate_pool_with_time_seed_verify_before_final_match,{'rodden': 'AA'}
627,hf-famous-0627-amelia-earhart,Amelia Earhart,https://huggingface.co/datasets/vedastro-org/15000-Famous-People-Birth-Date-Location,public_figure_source_unclassified,,1897-07-24,23:30,timed_public_dataset,,39.561,-95.127,-0600,Female,丁酉,gregorian_year_ok,닭,,requires_solar_term_engine,癸未,壬子,computed_from_public_dataset_time,timed_birth_available_month_requires_solar_term,candidate_pool_with_time_seed_verify_before_final_match,{'rodden': 'AA'}
628,hf-famous-0628-amelia-gossage,Amelia Gossage,https://huggingface.co/datasets/vedastro-org/15000-Famous-People-Birth-Date-Location,public_figure_source_unclassified,,1956-02-09,19:56,timed_public_dataset,,37.78,-122.42,-0800,Female,丙申,gregorian_year_ok,원숭이,,requires_solar_term_engine,丙午,戊戌,computed_from_public_dataset_time,timed_birth_available_month_requires_solar_term,candidate_pool_with_time_seed_verify_before_final_match,{'rodden': 'AA'}
629,hf-famous-0629-amelie-beese,Amelie Beese,https://huggingface.co/datasets/vedastro-org/15000-Famous-People-Birth-Date-Location,public_figure_source_unclassified,,1886-09-18,04:00,timed_public_dataset,,51.051,13.734,+0053,Female,丙戌,gregorian_year_ok,개,,requires_solar_term_engine,辛巳,庚寅,computed_from_public_dataset_time,timed_birth_available_month_requires_solar_term,candidate_pool_with_time_seed_verify_before_final_match,{'rodden': 'AA'}
630,hf-famous-0630-amelie-morelle,Amelie Morelle,https://huggingface.co/datasets/vedastro-org/15000-Famous-People-Birth-Date-Location,public_figure_source_unclassified,,1990-07-04,12:10,timed_public_dataset,,48.874,2.483,+0200,Female,庚午,gregorian_year_ok,말,,requires_solar_term_engine,庚午,壬午,computed_from_public_dataset_time,timed_birth_available_month_requires_solar_term,candidate_pool_with_time_seed_verify_before_final_match,{'rodden': 'AA'}
631,hf-famous-0631-amelita-galli,Amelita Galli,https://huggingface.co/datasets/vedastro-org/15000-Famous-People-Birth-Date-Location,public_figure_source_unclassified,,1882-11-18,13:10,timed_public_dataset,,45.464,9.188,+0050,Female,壬午,gregorian_year_ok,말,,requires_solar_term_engine,辛酉,乙未,computed_from_public_dataset_time,timed_birth_available_month_requires_solar_term,candidate_pool_with_time_seed_verify_before_final_match,{'rodden': 'AA'}
632,hf-famous-0632-amerah-solomon,Amerah Solomon,https://huggingface.co/datasets/vedastro-org/15000-Famous-People-Birth-Date-Location,public_figure_source_unclassified,,2002-06-30,01:14,timed_public_dataset,,34.085,-117.96,-0700,Female,壬午,gregorian_year_ok,말,,requires_solar_term_engine,己巳,乙丑,computed_from_public_dataset_time,timed_birth_available_month_requires_solar_term,candidate_pool_with_time_seed_verify_before_final_match,{'rodden': 'AA'}
633,hf-famous-0633-america-ferrera,America Ferrera,https://huggingface.co/datasets/vedastro-org/15000-Famous-People-Birth-Date-Location,public_figure_source_unclassified,,1984-04-18,00:08,timed_public_dataset,,34.052,-118.243,-0800,Female,甲子,gregorian_year_ok,쥐,,requires_solar_term_engine,壬午,庚子,computed_from_public_dataset_time,timed_birth_available_month_requires_solar_term,candidate_pool_with_time_seed_verify_before_final_match,{'rodden': 'AA'}
634,hf-famous-0634-amerie,Amerie,https://huggingface.co/datasets/vedastro-org/15000-Famous-People-Birth-Date-Location,public_figure_source_unclassified,,1978-01-12,08:08,timed_public_dataset,,42.359,-71.059,-0500,Female,戊午,needs_ipchun_check,말,,requires_solar_term_engine,甲戌,戊辰,computed_from_public_dataset_time,timed_birth_available_month_requires_solar_term,candidate_pool_with_time_seed_verify_before_final_match,{'rodden': 'AA'}
635,hf-famous-0635-amie-adam,Amie Adam,https://huggingface.co/datasets/vedastro-org/15000-Famous-People-Birth-Date-Location,public_figure_source_unclassified,,1990-09-23,13:11,timed_public_dataset,,56.119,-3.936,+0100,Female,庚午,gregorian_year_ok,말,,requires_solar_term_engine,辛卯,乙未,computed_from_public_dataset_time,timed_birth_available_month_requires_solar_term,candidate_pool_with_time_seed_verify_before_final_match,{'rodden': 'AA'}
636,hf-famous-0636-amintore-fanfani,Amintore Fanfani,https://huggingface.co/datasets/vedastro-org/15000-Famous-People-Birth-Date-Location,public_figure_source_unclassified,,1908-02-06,00:30,timed_public_dataset,,43.671,12.041,+0100,Male,戊申,gregorian_year_ok,원숭이,,requires_solar_term_engine,辛卯,戊子,computed_from_public_dataset_time,timed_birth_available_month_requires_solar_term,candidate_pool_with_time_seed_verify_before_final_match,{'rodden': 'AA'}
637,hf-famous-0637-amiri-baraka,Amiri Baraka,https://huggingface.co/datasets/vedastro-org/15000-Famous-People-Birth-Date-Location,public_figure_source_unclassified,,1934-10-07,05:15,timed_public_dataset,,39.682,-75.754,-0500,Male,甲戌,gregorian_year_ok,개,,requires_solar_term_engine,辛亥,辛卯,computed_from_public_dataset_time,timed_birth_available_month_requires_solar_term,candidate_pool_with_time_seed_verify_before_final_match,{'rodden': 'AA'}
638,hf-famous-0638-amleto-frignani,Amleto Frignani,https://huggingface.co/datasets/vedastro-org/15000-Famous-People-Birth-Date-Location,public_figure_source_unclassified,,1932-03-01,16:15,timed_public_dataset,,44.783,10.885,+0100,Male,壬申,gregorian_year_ok,원숭이,,requires_solar_term_engine,辛酉,丙申,computed_from_public_dataset_time,timed_birth_available_month_requires_solar_term,candidate_pool_with_time_seed_verify_before_final_match,{'rodden': 'AA'}
639,hf-famous-0639-amos-bronson-alcott,Amos Bronson Alcott,https://huggingface.co/datasets/vedastro-org/15000-Famous-People-Birth-Date-Location,public_figure_source_unclassified,,1799-11-29,04:00,timed_public_dataset,,41.602,-72.986,-0456,Male,己未,gregorian_year_ok,양,,requires_solar_term_engine,丁巳,壬寅,computed_from_public_dataset_time,timed_birth_available_month_requires_solar_term,candidate_pool_with_time_seed_verify_before_final_match,{'rodden': 'AA'}
640,hf-famous-0640-amos-cardarelli,Amos Cardarelli,https://huggingface.co/datasets/vedastro-org/15000-Famous-People-Birth-Date-Location,public_figure_source_unclassified,,1930-03-06,08:30,timed_public_dataset,,42.052,12.617,+0100,Male,庚午,gregorian_year_ok,말,,requires_solar_term_engine,乙卯,庚辰,computed_from_public_dataset_time,timed_birth_available_month_requires_solar_term,candidate_pool_with_time_seed_verify_before_final_match,{'rodden': 'AA'}
641,hf-famous-0641-amos-mariani,Amos Mariani,https://huggingface.co/datasets/vedastro-org/15000-Famous-People-Birth-Date-Location,public_figure_source_unclassified,,1931-03-30,14:00,timed_public_dataset,,43.885,10.775,+0100,Male,辛未,gregorian_year_ok,양,,requires_solar_term_engine,甲申,辛未,computed_from_public_dataset_time,timed_birth_available_month_requires_solar_term,candidate_pool_with_time_seed_verify_before_final_match,{'rodden': 'AA'}
642,hf-famous-0642-amos-milburn,Amos Milburn,https://huggingface.co/datasets/vedastro-org/15000-Famous-People-Birth-Date-Location,public_figure_source_unclassified,,1927-04-01,23:30,timed_public_dataset,,29.761,-95.37,-0600,Male,丁卯,gregorian_year_ok,토끼,,requires_solar_term_engine,乙丑,丙子,computed_from_public_dataset_time,timed_birth_available_month_requires_solar_term,candidate_pool_with_time_seed_verify_before_final_match,{'rodden': 'AA'}
643,hf-famous-0643-amy-brenneman,Amy Brenneman,https://huggingface.co/datasets/vedastro-org/15000-Famous-People-Birth-Date-Location,public_figure_source_unclassified,,1964-06-22,15:36,timed_public_dataset,,41.355,-72.1,-0400,Female,甲辰,gregorian_year_ok,용,,requires_solar_term_engine,壬寅,戊申,computed_from_public_dataset_time,timed_birth_available_month_requires_solar_term,candidate_pool_with_time_seed_verify_before_final_match,{'rodden': 'AA'}
644,hf-famous-0644-amy-carnevale,Amy Carnevale,https://huggingface.co/datasets/vedastro-org/15000-Famous-People-Birth-Date-Location,public_figure_source_unclassified,,1977-04-13,21:35,timed_public_dataset,,42.574,-70.949,-0500,Female,丁巳,gregorian_year_ok,뱀,,requires_solar_term_engine,庚子,丁亥,computed_from_public_dataset_time,timed_birth_available_month_requires_solar_term,candidate_pool_with_time_seed_verify_before_final_match,{'rodden': 'AA'}
645,hf-famous-0645-amy-fitzgerald,Amy Fitzgerald,https://huggingface.co/datasets/vedastro-org/15000-Famous-People-Birth-Date-Location,public_figure_source_unclassified,,1962-11-12,04:17,timed_public_dataset,,42.359,-71.059,-0500,Female,壬寅,gregorian_year_ok,호랑이,,requires_solar_term_engine,甲寅,丙寅,computed_from_public_dataset_time,timed_birth_available_month_requires_solar_term,candidate_pool_with_time_seed_verify_before_final_match,{'rodden': 'AA'}
646,hf-famous-0646-amy-grant,Amy Grant,https://huggingface.co/datasets/vedastro-org/15000-Famous-People-Birth-Date-Location,public_figure_source_unclassified,,1960-11-25,03:24,timed_public_dataset,,33.472,-81.964,-0500,Female,庚子,gregorian_year_ok,쥐,,requires_solar_term_engine,丁巳,壬寅,computed_from_public_dataset_time,timed_birth_available_month_requires_solar_term,candidate_pool_with_time_seed_verify_before_final_match,{'rodden': 'AA'}
647,hf-famous-0647-amy-irving,Amy Irving,https://huggingface.co/datasets/vedastro-org/15000-Famous-People-Birth-Date-Location,public_figure_source_unclassified,,1953-09-10,01:12,timed_public_dataset,,37.445,-122.16,-0700,Female,癸巳,gregorian_year_ok,뱀,,requires_solar_term_engine,甲子,乙丑,computed_from_public_dataset_time,timed_birth_available_month_requires_solar_term,candidate_pool_with_time_seed_verify_before_final_match,{'rodden': 'AA'}
648,hf-famous-0648-amy-pietz,Amy Pietz,https://huggingface.co/datasets/vedastro-org/15000-Famous-People-Birth-Date-Location,public_figure_source_unclassified,,1969-03-06,20:33,timed_public_dataset,,43.041,-87.909,-0600,Female,己酉,gregorian_year_ok,닭,,requires_solar_term_engine,庚辰,丙戌,computed_from_public_dataset_time,timed_birth_available_month_requires_solar_term,candidate_pool_with_time_seed_verify_before_final_match,{'rodden': 'AA'}
649,hf-famous-0649-amy-poehler,Amy Poehler,https://huggingface.co/datasets/vedastro-org/15000-Famous-People-Birth-Date-Location,public_figure_source_unclassified,,1971-09-16,16:33,timed_public_dataset,,42.338,-71.212,-0400,Female,辛亥,gregorian_year_ok,돼지,,requires_solar_term_engine,甲辰,壬申,computed_from_public_dataset_time,timed_birth_available_month_requires_solar_term,candidate_pool_with_time_seed_verify_before_final_match,{'rodden': 'AA'}
650,hf-famous-0650-amy-rodden,Amy Rodden,https://huggingface.co/datasets/vedastro-org/15000-Famous-People-Birth-Date-Location,public_figure_source_unclassified,,1949-11-23,00:45,timed_public_dataset,,37.445,-122.16,-0800,Female,己丑,gregorian_year_ok,소,,requires_solar_term_engine,丁巳,庚子,computed_from_public_dataset_time,timed_birth_available_month_requires_solar_term,candidate_pool_with_time_seed_verify_before_final_match,{'rodden': 'AA'}
651,hf-famous-0651-amy-seguin,Amy Seguin,https://huggingface.co/datasets/vedastro-org/15000-Famous-People-Birth-Date-Location,public_figure_source_unclassified,,1987-04-03,02:07,timed_public_dataset,,42.282,-71.419,-0500,Female,丁卯,gregorian_year_ok,토끼,,requires_solar_term_engine,壬午,辛丑,computed_from_public_dataset_time,timed_birth_available_month_requires_solar_term,candidate_pool_with_time_seed_verify_before_final_match,{'rodden': 'AA'}
652,hf-famous-0652-am-lia-rodrigues,Amália Rodrigues,https://huggingface.co/datasets/vedastro-org/15000-Famous-People-Birth-Date-Location,public_figure_source_unclassified,,1920-07-23,05:00,timed_public_dataset,,38.707,-9.136,+0100,Female,庚申,gregorian_year_ok,원숭이,,requires_solar_term_engine,壬午,癸卯,computed_from_public_dataset_time,timed_birth_available_month_requires_solar_term,candidate_pool_with_time_seed_verify_before_final_match,{'rodden': 'AA'}
653,hf-famous-0653-am-d-e-passemard,Amédée Passemard,https://huggingface.co/datasets/vedastro-org/15000-Famous-People-Birth-Date-Location,public_figure_source_unclassified,,1920-02-20,04:00,timed_public_dataset,,45.403,3.346,+0100,Male,庚申,gregorian_year_ok,원숭이,,requires_solar_term_engine,戊申,甲寅,computed_from_public_dataset_time,timed_birth_available_month_requires_solar_term,candidate_pool_with_time_seed_verify_before_final_match,{'rodden': 'AA'}
654,hf-famous-0654-am-lie-mauresmo,Amélie Mauresmo,https://huggingface.co/datasets/vedastro-org/15000-Famous-People-Birth-Date-Location,public_figure_source_unclassified,,1979-07-05,16:30,timed_public_dataset,,48.899,2.094,+0200,Female,己未,gregorian_year_ok,양,,requires_solar_term_engine,癸酉,庚申,computed_from_public_dataset_time,timed_birth_available_month_requires_solar_term,candidate_pool_with_time_seed_verify_before_final_match,{'rodden': 'AA'}
655,hf-famous-0655-am-lie-nothomb,Amélie Nothomb,https://huggingface.co/datasets/vedastro-org/15000-Famous-People-Birth-Date-Location,public_figure_source_unclassified,,1966-07-09,17:22,timed_public_dataset,,50.837,4.387,+0100,Female,丙午,gregorian_year_ok,말,,requires_solar_term_engine,己巳,癸酉,computed_from_public_dataset_time,timed_birth_available_month_requires_solar_term,candidate_pool_with_time_seed_verify_before_final_match,{'rodden': 'AA'}
656,hf-famous-0656-anabelle-buffet,Anabelle Buffet,https://huggingface.co/datasets/vedastro-org/15000-Famous-People-Birth-Date-Location,public_figure_source_unclassified,,1928-05-10,22:00,timed_public_dataset,,48.857,2.351,+0100,Female,戊辰,gregorian_year_ok,용,,requires_solar_term_engine,庚戌,丁亥,computed_from_public_dataset_time,timed_birth_available_month_requires_solar_term,candidate_pool_with_time_seed_verify_before_final_match,{'rodden': 'AA'}
657,hf-famous-0657-anacharsis-cloots,Anacharsis Cloots,https://huggingface.co/datasets/vedastro-org/15000-Famous-People-Birth-Date-Location,public_figure_source_unclassified,,1755-06-24,06:00,timed_public_dataset,,51.785,6.131,+0053,Male,乙亥,gregorian_year_ok,돼지,,requires_solar_term_engine,戊子,乙卯,computed_from_public_dataset_time,timed_birth_available_month_requires_solar_term,candidate_pool_with_time_seed_verify_before_final_match,{'rodden': 'AA'}
658,hf-famous-0658-anatole-de-montaiglon,Anatole De Montaiglon,https://huggingface.co/datasets/vedastro-org/15000-Famous-People-Birth-Date-Location,public_figure_source_unclassified,,1824-11-28,15:30,timed_public_dataset,,48.857,2.351,+0009,Male,甲申,gregorian_year_ok,원숭이,,requires_solar_term_engine,丁卯,戊申,computed_from_public_dataset_time,timed_birth_available_month_requires_solar_term,candidate_pool_with_time_seed_verify_before_final_match,{'rodden': 'AA'}
659,hf-famous-0659-anatole-deibler,Anatole Deibler,https://huggingface.co/datasets/vedastro-org/15000-Famous-People-Birth-Date-Location,public_figure_source_unclassified,,1863-11-29,20:30,timed_public_dataset,,48.112,-1.68,+0009,Male,癸亥,gregorian_year_ok,돼지,,requires_solar_term_engine,壬辰,庚戌,computed_from_public_dataset_time,timed_birth_available_month_requires_solar_term,candidate_pool_with_time_seed_verify_before_final_match,{'rodden': 'AA'}
660,hf-famous-0660-anatole-france,Anatole France,https://huggingface.co/datasets/vedastro-org/15000-Famous-People-Birth-Date-Location,public_figure_source_unclassified,,1844-04-16,07:00,timed_public_dataset,,48.857,2.351,+0009,Male,甲辰,gregorian_year_ok,용,,requires_solar_term_engine,丙寅,壬辰,computed_from_public_dataset_time,timed_birth_available_month_requires_solar_term,candidate_pool_with_time_seed_verify_before_final_match,{'rodden': 'AA'}
661,hf-famous-0661-anatole-le-braz,Anatole Le Braz,https://huggingface.co/datasets/vedastro-org/15000-Famous-People-Birth-Date-Location,public_figure_source_unclassified,,1859-04-02,05:00,timed_public_dataset,,48.361,-3.435,+0009,Male,己未,gregorian_year_ok,양,,requires_solar_term_engine,庚午,己卯,computed_from_public_dataset_time,timed_birth_available_month_requires_solar_term,candidate_pool_with_time_seed_verify_before_final_match,{'rodden': 'AA'}
662,hf-famous-0662-ana-s-nin,Anaïs Nin,https://huggingface.co/datasets/vedastro-org/15000-Famous-People-Birth-Date-Location,public_figure_source_unclassified,,1903-02-21,20:25,timed_public_dataset,,48.857,2.351,+0009,Female,癸卯,gregorian_year_ok,토끼,,requires_solar_term_engine,庚辰,丙戌,computed_from_public_dataset_time,timed_birth_available_month_requires_solar_term,candidate_pool_with_time_seed_verify_before_final_match,{'rodden': 'AA'}
663,hf-famous-0663-andre,Andre,https://huggingface.co/datasets/vedastro-org/15000-Famous-People-Birth-Date-Location,public_figure_source_unclassified,,1940-05-06,05:00,timed_public_dataset,,50.465,4.865,+0100,Male,庚辰,gregorian_year_ok,용,,requires_solar_term_engine,己酉,丁卯,computed_from_public_dataset_time,timed_birth_available_month_requires_solar_term,candidate_pool_with_time_seed_verify_before_final_match,{'rodden': 'AA'}
664,hf-famous-0664-andre-alfred-dumas,Andre Alfred Dumas,https://huggingface.co/datasets/vedastro-org/15000-Famous-People-Birth-Date-Location,public_figure_source_unclassified,,1908-11-01,18:51,timed_public_dataset,,48.894,2.288,+0009,Male,戊申,gregorian_year_ok,원숭이,,requires_solar_term_engine,庚申,乙酉,computed_from_public_dataset_time,timed_birth_available_month_requires_solar_term,candidate_pool_with_time_seed_verify_before_final_match,{'rodden': 'AA'}
665,hf-famous-0665-andre-arnaud,Andre Arnaud,https://huggingface.co/datasets/vedastro-org/15000-Famous-People-Birth-Date-Location,public_figure_source_unclassified,,1918-08-14,04:00,timed_public_dataset,,44.498,0.969,+0100,Male,戊午,gregorian_year_ok,말,,requires_solar_term_engine,癸巳,甲寅,computed_from_public_dataset_time,timed_birth_available_month_requires_solar_term,candidate_pool_with_time_seed_verify_before_final_match,{'rodden': 'AA'}
666,hf-famous-0666-andre-baillon,Andre Baillon,https://huggingface.co/datasets/vedastro-org/15000-Famous-People-Birth-Date-Location,public_figure_source_unclassified,,1875-04-27,19:00,timed_public_dataset,,51.221,4.399,+0018,Male,乙亥,gregorian_year_ok,돼지,,requires_solar_term_engine,己未,甲戌,computed_from_public_dataset_time,timed_birth_available_month_requires_solar_term,candidate_pool_with_time_seed_verify_before_final_match,{'rodden': 'AA'}
667,hf-famous-0667-andre-barbault,Andre Barbault,https://huggingface.co/datasets/vedastro-org/15000-Famous-People-Birth-Date-Location,public_figure_source_unclassified,,1921-10-01,17:00,timed_public_dataset,,47.78,3.072,+0100,Male,辛酉,gregorian_year_ok,닭,,requires_solar_term_engine,丁酉,己酉,computed_from_public_dataset_time,timed_birth_available_month_requires_solar_term,candidate_pool_with_time_seed_verify_before_final_match,{'rodden': 'AA'}
668,hf-famous-0668-andre-bauchant,Andre Bauchant,https://huggingface.co/datasets/vedastro-org/15000-Famous-People-Birth-Date-Location,public_figure_source_unclassified,,1873-04-24,23:30,timed_public_dataset,,47.592,0.913,+0009,Male,癸酉,gregorian_year_ok,닭,,requires_solar_term_engine,丙午,戊子,computed_from_public_dataset_time,timed_birth_available_month_requires_solar_term,candidate_pool_with_time_seed_verify_before_final_match,{'rodden': 'AA'}
669,hf-famous-0669-andre-bazin,Andre Bazin,https://huggingface.co/datasets/vedastro-org/15000-Famous-People-Birth-Date-Location,public_figure_source_unclassified,,1918-04-18,15:00,timed_public_dataset,,47.469,-0.559,+0100,Male,戊午,gregorian_year_ok,말,,requires_solar_term_engine,乙未,甲申,computed_from_public_dataset_time,timed_birth_available_month_requires_solar_term,candidate_pool_with_time_seed_verify_before_final_match,{'rodden': 'AA'}
670,hf-famous-0670-andre-beaufre,Andre Beaufre,https://huggingface.co/datasets/vedastro-org/15000-Famous-People-Birth-Date-Location,public_figure_source_unclassified,,1902-01-25,04:30,timed_public_dataset,,48.884,2.273,+0009,Male,壬寅,needs_ipchun_check,호랑이,,requires_solar_term_engine,戊申,甲寅,computed_from_public_dataset_time,timed_birth_available_month_requires_solar_term,candidate_pool_with_time_seed_verify_before_final_match,{'rodden': 'AA'}
671,hf-famous-0671-andre-bergeron,Andre Bergeron,https://huggingface.co/datasets/vedastro-org/15000-Famous-People-Birth-Date-Location,public_figure_source_unclassified,,1922-01-01,09:00,timed_public_dataset,,47.565,7.08,+0000,Male,壬戌,needs_ipchun_check,개,,requires_solar_term_engine,己巳,己巳,computed_from_public_dataset_time,timed_birth_available_month_requires_solar_term,candidate_pool_with_time_seed_verify_before_final_match,{'rodden': 'AA'}
672,hf-famous-0672-andre-boniface,Andre Boniface,https://huggingface.co/datasets/vedastro-org/15000-Famous-People-Birth-Date-Location,public_figure_source_unclassified,,1934-08-14,21:00,timed_public_dataset,,48.138,-1.955,+0100,Male,甲戌,gregorian_year_ok,개,,requires_solar_term_engine,丁巳,辛亥,computed_from_public_dataset_time,timed_birth_available_month_requires_solar_term,candidate_pool_with_time_seed_verify_before_final_match,{'rodden': 'AA'}
673,hf-famous-0673-andre-boudineau,Andre Boudineau,https://huggingface.co/datasets/vedastro-org/15000-Famous-People-Birth-Date-Location,public_figure_source_unclassified,,1891-02-04,07:00,timed_public_dataset,,48.729,2.447,+0009,Male,辛卯,needs_ipchun_check,토끼,,requires_solar_term_engine,辛酉,壬辰,computed_from_public_dataset_time,timed_birth_available_month_requires_solar_term,candidate_pool_with_time_seed_verify_before_final_match,{'rodden': 'AA'}
674,hf-famous-0674-andre-bourguignon,Andre Bourguignon,https://huggingface.co/datasets/vedastro-org/15000-Famous-People-Birth-Date-Location,public_figure_source_unclassified,,1920-08-08,02:10,timed_public_dataset,,48.857,2.351,+0100,Male,庚申,gregorian_year_ok,원숭이,,requires_solar_term_engine,戊戌,癸丑,computed_from_public_dataset_time,timed_birth_available_month_requires_solar_term,candidate_pool_with_time_seed_verify_before_final_match,{'rodden': 'AA'}
675,hf-famous-0675-andre-caplet,Andre Caplet,https://huggingface.co/datasets/vedastro-org/15000-Famous-People-Birth-Date-Location,public_figure_source_unclassified,,1878-11-23,14:00,timed_public_dataset,,49.493,0.106,+0009,Male,戊寅,gregorian_year_ok,호랑이,,requires_solar_term_engine,乙巳,癸未,computed_from_public_dataset_time,timed_birth_available_month_requires_solar_term,candidate_pool_with_time_seed_verify_before_final_match,{'rodden': 'AA'}
676,hf-famous-0676-andre-couder,Andre Couder,https://huggingface.co/datasets/vedastro-org/15000-Famous-People-Birth-Date-Location,public_figure_source_unclassified,,1897-11-27,03:00,timed_public_dataset,,48.43,0.084,+0009,Male,丁酉,gregorian_year_ok,닭,,requires_solar_term_engine,己丑,丙寅,computed_from_public_dataset_time,timed_birth_available_month_requires_solar_term,candidate_pool_with_time_seed_verify_before_final_match,{'rodden': 'AA'}
677,hf-famous-0677-andre-danjon,Andre Danjon,https://huggingface.co/datasets/vedastro-org/15000-Famous-People-Birth-Date-Location,public_figure_source_unclassified,,1890-04-06,23:30,timed_public_dataset,,49.185,-0.36,+0009,Male,庚寅,gregorian_year_ok,호랑이,,requires_solar_term_engine,丁巳,庚子,computed_from_public_dataset_time,timed_birth_available_month_requires_solar_term,candidate_pool_with_time_seed_verify_before_final_match,{'rodden': 'AA'}
678,hf-famous-0678-andre-derain,Andre Derain,https://huggingface.co/datasets/vedastro-org/15000-Famous-People-Birth-Date-Location,public_figure_source_unclassified,,1880-06-17,14:00,timed_public_dataset,,48.89,2.156,+0009,Male,庚辰,gregorian_year_ok,용,,requires_solar_term_engine,丁丑,丁未,computed_from_public_dataset_time,timed_birth_available_month_requires_solar_term,candidate_pool_with_time_seed_verify_before_final_match,{'rodden': 'AA'}
679,hf-famous-0679-andre-famechon,Andre Famechon,https://huggingface.co/datasets/vedastro-org/15000-Famous-People-Birth-Date-Location,public_figure_source_unclassified,,1922-02-24,02:00,timed_public_dataset,,50.279,3.973,+0000,Male,壬戌,gregorian_year_ok,개,,requires_solar_term_engine,癸亥,癸丑,computed_from_public_dataset_time,timed_birth_available_month_requires_solar_term,candidate_pool_with_time_seed_verify_before_final_match,{'rodden': 'AA'}
680,hf-famous-0680-andre-fontaine,Andre Fontaine,https://huggingface.co/datasets/vedastro-org/15000-Famous-People-Birth-Date-Location,public_figure_source_unclassified,,1921-03-30,22:30,timed_public_dataset,,48.857,2.351,+0100,Male,辛酉,gregorian_year_ok,닭,,requires_solar_term_engine,壬辰,辛亥,computed_from_public_dataset_time,timed_birth_available_month_requires_solar_term,candidate_pool_with_time_seed_verify_before_final_match,{'rodden': 'AA'}
681,hf-famous-0681-andre-francois,Andre Francois,https://huggingface.co/datasets/vedastro-org/15000-Famous-People-Birth-Date-Location,public_figure_source_unclassified,,1887-06-13,12:00,timed_public_dataset,,48.559,3.302,+0009,Male,丁亥,gregorian_year_ok,돼지,,requires_solar_term_engine,己酉,庚午,computed_from_public_dataset_time,timed_birth_available_month_requires_solar_term,candidate_pool_with_time_seed_verify_before_final_match,{'rodden': 'AA'}
682,hf-famous-0682-andre-franquin,Andre Franquin,https://huggingface.co/datasets/vedastro-org/15000-Famous-People-Birth-Date-Location,public_figure_source_unclassified,,1924-01-03,06:25,timed_public_dataset,,50.837,4.387,+0000,Male,甲子,needs_ipchun_check,쥐,,requires_solar_term_engine,辛巳,辛卯,computed_from_public_dataset_time,timed_birth_available_month_requires_solar_term,candidate_pool_with_time_seed_verify_before_final_match,{'rodden': 'AA'}
683,hf-famous-0683-andre-frossard,Andre Frossard,https://huggingface.co/datasets/vedastro-org/15000-Famous-People-Birth-Date-Location,public_figure_source_unclassified,,1915-01-14,15:00,timed_public_dataset,,47.442,6.646,+0000,Male,乙卯,needs_ipchun_check,토끼,,requires_solar_term_engine,乙巳,甲申,computed_from_public_dataset_time,timed_birth_available_month_requires_solar_term,candidate_pool_with_time_seed_verify_before_final_match,{'rodden': 'AA'}
684,hf-famous-0684-andre-giraud,Andre Giraud,https://huggingface.co/datasets/vedastro-org/15000-Famous-People-Birth-Date-Location,public_figure_source_unclassified,,1925-04-03,08:00,timed_public_dataset,,44.835,-0.575,+0000,Male,乙丑,gregorian_year_ok,소,,requires_solar_term_engine,丁巳,甲辰,computed_from_public_dataset_time,timed_birth_available_month_requires_solar_term,candidate_pool_with_time_seed_verify_before_final_match,{'rodden': 'AA'}
685,hf-famous-0685-andre-herrero,Andre Herrero,https://huggingface.co/datasets/vedastro-org/15000-Famous-People-Birth-Date-Location,public_figure_source_unclassified,,1938-01-28,02:00,timed_public_dataset,,43.367,3.04,+0000,Male,戊寅,needs_ipchun_check,호랑이,,requires_solar_term_engine,庚申,丁丑,computed_from_public_dataset_time,timed_birth_available_month_requires_solar_term,candidate_pool_with_time_seed_verify_before_final_match,{'rodden': 'AA'}
686,hf-famous-0686-andre-jousseaume,Andre Jousseaume,https://huggingface.co/datasets/vedastro-org/15000-Famous-People-Birth-Date-Location,public_figure_source_unclassified,,1894-07-27,08:01,timed_public_dataset,,48.014,0.271,+0009,Male,甲午,gregorian_year_ok,말,,requires_solar_term_engine,庚午,庚辰,computed_from_public_dataset_time,timed_birth_available_month_requires_solar_term,candidate_pool_with_time_seed_verify_before_final_match,{'rodden': 'AA'}
687,hf-famous-0687-andre-labatut,Andre Labatut,https://huggingface.co/datasets/vedastro-org/15000-Famous-People-Birth-Date-Location,public_figure_source_unclassified,,1891-07-18,07:51,timed_public_dataset,,44.835,-0.575,+0009,Male,辛卯,gregorian_year_ok,토끼,,requires_solar_term_engine,乙巳,庚辰,computed_from_public_dataset_time,timed_birth_available_month_requires_solar_term,candidate_pool_with_time_seed_verify_before_final_match,{'rodden': 'AA'}
688,hf-famous-0688-andre-lalande,Andre Lalande,https://huggingface.co/datasets/vedastro-org/15000-Famous-People-Birth-Date-Location,public_figure_source_unclassified,,1867-07-19,01:30,timed_public_dataset,,47.327,5.044,+0009,Male,丁卯,gregorian_year_ok,토끼,,requires_solar_term_engine,庚子,丁丑,computed_from_public_dataset_time,timed_birth_available_month_requires_solar_term,candidate_pool_with_time_seed_verify_before_final_match,{'rodden': 'AA'}
689,hf-famous-0689-andre-larquetoux,Andre Larquetoux,https://huggingface.co/datasets/vedastro-org/15000-Famous-People-Birth-Date-Location,public_figure_source_unclassified,,1908-03-17,22:00,timed_public_dataset,,48.857,2.351,+0009,Male,戊申,gregorian_year_ok,원숭이,,requires_solar_term_engine,辛未,己亥,computed_from_public_dataset_time,timed_birth_available_month_requires_solar_term,candidate_pool_with_time_seed_verify_before_final_match,{'rodden': 'AA'}
690,hf-famous-0690-andre-lhote,Andre Lhote,https://huggingface.co/datasets/vedastro-org/15000-Famous-People-Birth-Date-Location,public_figure_source_unclassified,,1885-07-05,22:00,timed_public_dataset,,44.835,-0.575,+0009,Male,乙酉,gregorian_year_ok,닭,,requires_solar_term_engine,辛酉,己亥,computed_from_public_dataset_time,timed_birth_available_month_requires_solar_term,candidate_pool_with_time_seed_verify_before_final_match,{'rodden': 'AA'}
691,hf-famous-0691-andre-lichtenberger,Andre Lichtenberger,https://huggingface.co/datasets/vedastro-org/15000-Famous-People-Birth-Date-Location,public_figure_source_unclassified,,1870-11-29,19:00,timed_public_dataset,,48.583,7.744,+0009,Male,庚午,gregorian_year_ok,말,,requires_solar_term_engine,己巳,甲戌,computed_from_public_dataset_time,timed_birth_available_month_requires_solar_term,candidate_pool_with_time_seed_verify_before_final_match,{'rodden': 'AA'}
692,hf-famous-0692-andre-lwoff,Andre Lwoff,https://huggingface.co/datasets/vedastro-org/15000-Famous-People-Birth-Date-Location,public_figure_source_unclassified,,1902-05-08,14:00,timed_public_dataset,,46.711,2.69,+0009,Male,壬寅,gregorian_year_ok,호랑이,,requires_solar_term_engine,辛卯,乙未,computed_from_public_dataset_time,timed_birth_available_month_requires_solar_term,candidate_pool_with_time_seed_verify_before_final_match,{'rodden': 'AA'}
693,hf-famous-0693-andre-martinet,Andre Martinet,https://huggingface.co/datasets/vedastro-org/15000-Famous-People-Birth-Date-Location,public_figure_source_unclassified,,1908-04-12,22:06,timed_public_dataset,,45.309,6.249,+0009,Male,戊申,gregorian_year_ok,원숭이,,requires_solar_term_engine,丁酉,辛亥,computed_from_public_dataset_time,timed_birth_available_month_requires_solar_term,candidate_pool_with_time_seed_verify_before_final_match,{'rodden': 'AA'}
694,hf-famous-0694-andre-masson,Andre Masson,https://huggingface.co/datasets/vedastro-org/15000-Famous-People-Birth-Date-Location,public_figure_source_unclassified,,1896-01-04,02:00,timed_public_dataset,,49.296,2.337,+0009,Male,丙申,needs_ipchun_check,원숭이,,requires_solar_term_engine,丙辰,己丑,computed_from_public_dataset_time,timed_birth_available_month_requires_solar_term,candidate_pool_with_time_seed_verify_before_final_match,{'rodden': 'AA'}
695,hf-famous-0695-andre-messager,Andre Messager,https://huggingface.co/datasets/vedastro-org/15000-Famous-People-Birth-Date-Location,public_figure_source_unclassified,,1853-12-30,06:00,timed_public_dataset,,46.342,2.607,+0009,Male,癸丑,gregorian_year_ok,소,,requires_solar_term_engine,辛未,辛卯,computed_from_public_dataset_time,timed_birth_available_month_requires_solar_term,candidate_pool_with_time_seed_verify_before_final_match,{'rodden': 'AA'}
696,hf-famous-0696-andre-norton,Andre Norton,https://huggingface.co/datasets/vedastro-org/15000-Famous-People-Birth-Date-Location,public_figure_source_unclassified,,1912-02-17,05:10,timed_public_dataset,,41.505,-81.691,-0500,Female,壬子,gregorian_year_ok,쥐,,requires_solar_term_engine,癸亥,乙卯,computed_from_public_dataset_time,timed_birth_available_month_requires_solar_term,candidate_pool_with_time_seed_verify_before_final_match,{'rodden': 'AA'}
697,hf-famous-0697-andre-noyelle,Andre Noyelle,https://huggingface.co/datasets/vedastro-org/15000-Famous-People-Birth-Date-Location,public_figure_source_unclassified,,1931-11-29,07:00,timed_public_dataset,,50.846,4.356,+0000,Male,辛未,gregorian_year_ok,양,,requires_solar_term_engine,戊子,丙辰,computed_from_public_dataset_time,timed_birth_available_month_requires_solar_term,candidate_pool_with_time_seed_verify_before_final_match,{'rodden': 'AA'}
698,hf-famous-0698-andre-paul-verlaque,Andre Paul Verlaque,https://huggingface.co/datasets/vedastro-org/15000-Famous-People-Birth-Date-Location,public_figure_source_unclassified,,1942-09-17,03:00,timed_public_dataset,,43.448,5.684,+0200,Male,壬午,gregorian_year_ok,말,,requires_solar_term_engine,癸酉,甲寅,computed_from_public_dataset_time,timed_birth_available_month_requires_solar_term,candidate_pool_with_time_seed_verify_before_final_match,{'rodden': 'AA'}
699,hf-famous-0699-andre-rossi,Andre Rossi,https://huggingface.co/datasets/vedastro-org/15000-Famous-People-Birth-Date-Location,public_figure_source_unclassified,,1921-05-16,14:30,timed_public_dataset,,43.779,7.506,+0100,Male,辛酉,gregorian_year_ok,닭,,requires_solar_term_engine,己卯,辛未,computed_from_public_dataset_time,timed_birth_available_month_requires_solar_term,candidate_pool_with_time_seed_verify_before_final_match,{'rodden': 'AA'}
700,hf-famous-0700-andre-roulez,Andre Roulez,https://huggingface.co/datasets/vedastro-org/15000-Famous-People-Birth-Date-Location,public_figure_source_unclassified,,1945-03-04,13:00,timed_public_dataset,,50.455,4.243,+0100,Male,乙酉,gregorian_year_ok,닭,,requires_solar_term_engine,壬申,丁未,computed_from_public_dataset_time,timed_birth_available_month_requires_solar_term,candidate_pool_with_time_seed_verify_before_final_match,{'rodden': 'AA'}
701,hf-famous-0701-andre-savignon,Andre Savignon,https://huggingface.co/datasets/vedastro-org/15000-Famous-People-Birth-Date-Location,public_figure_source_unclassified,,1878-01-01,09:30,timed_public_dataset,,43.233,0.074,+0009,Male,戊寅,needs_ipchun_check,호랑이,,requires_solar_term_engine,己卯,己巳,computed_from_public_dataset_time,timed_birth_available_month_requires_solar_term,candidate_pool_with_time_seed_verify_before_final_match,{'rodden': 'AA'}
702,hf-famous-0702-andre-villain,Andre Villain,https://huggingface.co/datasets/vedastro-org/15000-Famous-People-Birth-Date-Location,public_figure_source_unclassified,,1899-04-04,10:00,timed_public_dataset,,46.524,1.656,+0009,Male,己亥,gregorian_year_ok,돼지,,requires_solar_term_engine,壬寅,乙巳,computed_from_public_dataset_time,timed_birth_available_month_requires_solar_term,candidate_pool_with_time_seed_verify_before_final_match,{'rodden': 'AA'}
703,hf-famous-0703-andre-wormser,Andre Wormser,https://huggingface.co/datasets/vedastro-org/15000-Famous-People-Birth-Date-Location,public_figure_source_unclassified,,1851-11-01,12:00,timed_public_dataset,,48.857,2.351,+0009,Male,辛亥,gregorian_year_ok,돼지,,requires_solar_term_engine,辛酉,甲午,computed_from_public_dataset_time,timed_birth_available_month_requires_solar_term,candidate_pool_with_time_seed_verify_before_final_match,{'rodden': 'AA'}
704,hf-famous-0704-andrea-allocca,Andrea Allocca,https://huggingface.co/datasets/vedastro-org/15000-Famous-People-Birth-Date-Location,public_figure_source_unclassified,,1927-02-22,04:00,timed_public_dataset,,40.954,14.548,+0100,Male,丁卯,gregorian_year_ok,토끼,,requires_solar_term_engine,丁亥,壬寅,computed_from_public_dataset_time,timed_birth_available_month_requires_solar_term,candidate_pool_with_time_seed_verify_before_final_match,{'rodden': 'AA'}
705,hf-famous-0705-andrea-barrett,Andrea Barrett,https://huggingface.co/datasets/vedastro-org/15000-Famous-People-Birth-Date-Location,public_figure_source_unclassified,,1954-11-16,21:22,timed_public_dataset,,42.359,-71.059,-0500,Female,甲午,gregorian_year_ok,말,,requires_solar_term_engine,丙子,己亥,computed_from_public_dataset_time,timed_birth_available_month_requires_solar_term,candidate_pool_with_time_seed_verify_before_final_match,{'rodden': 'AA'}
706,hf-famous-0706-andrea-bocelli,Andrea Bocelli,https://huggingface.co/datasets/vedastro-org/15000-Famous-People-Birth-Date-Location,public_figure_source_unclassified,,1958-09-22,05:15,timed_public_dataset,,43.476,10.729,+0100,Male,戊戌,gregorian_year_ok,개,,requires_solar_term_engine,壬寅,癸卯,computed_from_public_dataset_time,timed_birth_available_month_requires_solar_term,candidate_pool_with_time_seed_verify_before_final_match,{'rodden': 'AA'}
707,hf-famous-0707-andrea-bonomi,Andrea Bonomi,https://huggingface.co/datasets/vedastro-org/15000-Famous-People-Birth-Date-Location,public_figure_source_unclassified,,1923-02-14,20:00,timed_public_dataset,,45.526,9.517,+0100,Male,癸亥,gregorian_year_ok,돼지,,requires_solar_term_engine,戊午,壬戌,computed_from_public_dataset_time,timed_birth_available_month_requires_solar_term,candidate_pool_with_time_seed_verify_before_final_match,{'rodden': 'AA'}
708,hf-famous-0708-andrea-borruso,Andrea Borruso,https://huggingface.co/datasets/vedastro-org/15000-Famous-People-Birth-Date-Location,public_figure_source_unclassified,,1936-05-09,08:45,timed_public_dataset,,45.464,9.188,+0100,Male,丙子,gregorian_year_ok,쥐,,requires_solar_term_engine,辛卯,壬辰,computed_from_public_dataset_time,timed_birth_available_month_requires_solar_term,candidate_pool_with_time_seed_verify_before_final_match,{'rodden': 'AA'}
709,hf-famous-0709-andrea-carnevale,Andrea Carnevale,https://huggingface.co/datasets/vedastro-org/15000-Famous-People-Birth-Date-Location,public_figure_source_unclassified,,1961-01-12,23:45,timed_public_dataset,,41.353,13.353,+0100,Male,辛丑,needs_ipchun_check,소,,requires_solar_term_engine,乙巳,丙子,computed_from_public_dataset_time,timed_birth_available_month_requires_solar_term,candidate_pool_with_time_seed_verify_before_final_match,{'rodden': 'AA'}
710,hf-famous-0710-andrea-checchi,Andrea Checchi,https://huggingface.co/datasets/vedastro-org/15000-Famous-People-Birth-Date-Location,public_figure_source_unclassified,,1916-10-21,17:00,timed_public_dataset,,43.769,11.257,+0100,Male,丙辰,gregorian_year_ok,용,,requires_solar_term_engine,辛卯,丁酉,computed_from_public_dataset_time,timed_birth_available_month_requires_solar_term,candidate_pool_with_time_seed_verify_before_final_match,{'rodden': 'AA'}
711,hf-famous-0711-andrea-collinelli,Andrea Collinelli,https://huggingface.co/datasets/vedastro-org/15000-Famous-People-Birth-Date-Location,public_figure_source_unclassified,,1969-07-02,18:00,timed_public_dataset,,44.416,12.197,+0200,Male,己酉,gregorian_year_ok,닭,,requires_solar_term_engine,戊寅,辛酉,computed_from_public_dataset_time,timed_birth_available_month_requires_solar_term,candidate_pool_with_time_seed_verify_before_final_match,{'rodden': 'AA'}
712,hf-famous-0712-andrea-cordero-lanza,Andrea Cordero Lanza,https://huggingface.co/datasets/vedastro-org/15000-Famous-People-Birth-Date-Location,public_figure_source_unclassified,,1925-08-27,11:00,timed_public_dataset,,45.068,7.683,+0100,Male,乙丑,gregorian_year_ok,소,,requires_solar_term_engine,癸未,戊午,computed_from_public_dataset_time,timed_birth_available_month_requires_solar_term,candidate_pool_with_time_seed_verify_before_final_match,{'rodden': 'AA'}
713,hf-famous-0713-andrea-de-adamich,Andrea De Adamich,https://huggingface.co/datasets/vedastro-org/15000-Famous-People-Birth-Date-Location,public_figure_source_unclassified,,1941-10-03,12:50,timed_public_dataset,,45.654,13.779,+0200,Male,辛巳,gregorian_year_ok,뱀,,requires_solar_term_engine,甲申,庚午,computed_from_public_dataset_time,timed_birth_available_month_requires_solar_term,candidate_pool_with_time_seed_verify_before_final_match,{'rodden': 'AA'}
714,hf-famous-0714-andrea-dukakis,Andrea Dukakis,https://huggingface.co/datasets/vedastro-org/15000-Famous-People-Birth-Date-Location,public_figure_source_unclassified,,1965-11-10,06:33,timed_public_dataset,,42.359,-71.059,-0500,Female,乙巳,gregorian_year_ok,뱀,,requires_solar_term_engine,戊辰,乙卯,computed_from_public_dataset_time,timed_birth_available_month_requires_solar_term,candidate_pool_with_time_seed_verify_before_final_match,{'rodden': 'AA'}
715,hf-famous-0715-andrea-dworkin,Andrea Dworkin,https://huggingface.co/datasets/vedastro-org/15000-Famous-People-Birth-Date-Location,public_figure_source_unclassified,,1946-09-26,17:03,timed_public_dataset,,39.945,-75.119,-0400,Female,丙戌,gregorian_year_ok,개,,requires_solar_term_engine,癸卯,辛酉,computed_from_public_dataset_time,timed_birth_available_month_requires_solar_term,candidate_pool_with_time_seed_verify_before_final_match,{'rodden': 'AA'}
716,hf-famous-0716-andrea-fortunato,Andrea Fortunato,https://huggingface.co/datasets/vedastro-org/15000-Famous-People-Birth-Date-Location,public_figure_source_unclassified,,1971-07-26,11:15,timed_public_dataset,,40.678,14.766,+0200,Male,辛亥,gregorian_year_ok,돼지,,requires_solar_term_engine,壬子,丙午,computed_from_public_dataset_time,timed_birth_available_month_requires_solar_term,candidate_pool_with_time_seed_verify_before_final_match,{'rodden': 'AA'}
717,hf-famous-0717-andrea-gardini,Andrea Gardini,https://huggingface.co/datasets/vedastro-org/15000-Famous-People-Birth-Date-Location,public_figure_source_unclassified,,1965-10-01,04:15,timed_public_dataset,,44.413,11.978,+0100,Male,乙巳,gregorian_year_ok,뱀,,requires_solar_term_engine,戊子,甲寅,computed_from_public_dataset_time,timed_birth_available_month_requires_solar_term,candidate_pool_with_time_seed_verify_before_final_match,{'rodden': 'AA'}
718,hf-famous-0718-andrea-giani,Andrea Giani,https://huggingface.co/datasets/vedastro-org/15000-Famous-People-Birth-Date-Location,public_figure_source_unclassified,,1970-04-22,22:00,timed_public_dataset,,40.84,14.253,+0100,Female,庚戌,gregorian_year_ok,개,,requires_solar_term_engine,壬申,辛亥,computed_from_public_dataset_time,timed_birth_available_month_requires_solar_term,candidate_pool_with_time_seed_verify_before_final_match,{'rodden': 'AA'}
719,hf-famous-0719-andrea-giordana,Andrea Giordana,https://huggingface.co/datasets/vedastro-org/15000-Famous-People-Birth-Date-Location,public_figure_source_unclassified,,1946-03-27,01:30,timed_public_dataset,,41.891,12.494,+0200,Female,丙戌,gregorian_year_ok,개,,requires_solar_term_engine,庚子,丁丑,computed_from_public_dataset_time,timed_birth_available_month_requires_solar_term,candidate_pool_with_time_seed_verify_before_final_match,{'rodden': 'AA'}
720,hf-famous-0720-andrea-montermini,Andrea Montermini,https://huggingface.co/datasets/vedastro-org/15000-Famous-People-Birth-Date-Location,public_figure_source_unclassified,,1964-05-30,08:10,timed_public_dataset,,44.544,10.785,+0100,Male,甲辰,gregorian_year_ok,용,,requires_solar_term_engine,己卯,戊辰,computed_from_public_dataset_time,timed_birth_available_month_requires_solar_term,candidate_pool_with_time_seed_verify_before_final_match,{'rodden': 'AA'}
721,hf-famous-0721-andrea-peron,Andrea Peron,https://huggingface.co/datasets/vedastro-org/15000-Famous-People-Birth-Date-Location,public_figure_source_unclassified,,1971-08-14,07:30,timed_public_dataset,,45.818,8.826,+0200,Male,辛亥,gregorian_year_ok,돼지,,requires_solar_term_engine,辛未,壬辰,computed_from_public_dataset_time,timed_birth_available_month_requires_solar_term,candidate_pool_with_time_seed_verify_before_final_match,{'rodden': 'AA'}
722,hf-famous-0722-andrea-pezzoni,Andrea Pezzoni,https://huggingface.co/datasets/vedastro-org/15000-Famous-People-Birth-Date-Location,public_figure_source_unclassified,,1970-07-02,06:30,timed_public_dataset,,45.464,9.188,+0200,Male,庚戌,gregorian_year_ok,개,,requires_solar_term_engine,癸未,乙卯,computed_from_public_dataset_time,timed_birth_available_month_requires_solar_term,candidate_pool_with_time_seed_verify_before_final_match,{'rodden': 'AA'}
723,hf-famous-0723-andrea-sartoretti,Andrea Sartoretti,https://huggingface.co/datasets/vedastro-org/15000-Famous-People-Birth-Date-Location,public_figure_source_unclassified,,1971-06-19,23:30,timed_public_dataset,,43.112,12.39,+0200,Male,辛亥,gregorian_year_ok,돼지,,requires_solar_term_engine,乙亥,丙子,computed_from_public_dataset_time,timed_birth_available_month_requires_solar_term,candidate_pool_with_time_seed_verify_before_final_match,{'rodden': 'AA'}
724,hf-famous-0724-andrea-spada,Andrea Spada,https://huggingface.co/datasets/vedastro-org/15000-Famous-People-Birth-Date-Location,public_figure_source_unclassified,,1979-12-03,19:30,timed_public_dataset,,41.891,12.494,+0100,Male,己未,gregorian_year_ok,양,,requires_solar_term_engine,甲辰,甲戌,computed_from_public_dataset_time,timed_birth_available_month_requires_solar_term,candidate_pool_with_time_seed_verify_before_final_match,{'rodden': 'AA'}
725,hf-famous-0725-andrea-tafi,Andrea Tafi,https://huggingface.co/datasets/vedastro-org/15000-Famous-People-Birth-Date-Location,public_figure_source_unclassified,,1966-05-07,17:20,timed_public_dataset,,43.729,10.811,+0100,Male,丙午,gregorian_year_ok,말,,requires_solar_term_engine,丙寅,丁酉,computed_from_public_dataset_time,timed_birth_available_month_requires_solar_term,candidate_pool_with_time_seed_verify_before_final_match,{'rodden': 'AA'}
726,hf-famous-0726-andrea-ypsilanti,Andrea Ypsilanti,https://huggingface.co/datasets/vedastro-org/15000-Famous-People-Birth-Date-Location,public_figure_source_unclassified,,1957-04-08,03:45,timed_public_dataset,,49.995,8.411,+0100,Female,丁酉,gregorian_year_ok,닭,,requires_solar_term_engine,庚戌,戊寅,computed_from_public_dataset_time,timed_birth_available_month_requires_solar_term,candidate_pool_with_time_seed_verify_before_final_match,{'rodden': 'AA'}
727,hf-famous-0727-andrea-zorzi,Andrea Zorzi,https://huggingface.co/datasets/vedastro-org/15000-Famous-People-Birth-Date-Location,public_figure_source_unclassified,,1965-07-29,08:30,timed_public_dataset,,45.55,12.072,+0100,Male,乙巳,gregorian_year_ok,뱀,,requires_solar_term_engine,甲申,戊辰,computed_from_public_dataset_time,timed_birth_available_month_requires_solar_term,candidate_pool_with_time_seed_verify_before_final_match,{'rodden': 'AA'}
728,hf-famous-0728-andrea-de-cesaris,Andrea de Cesaris,https://huggingface.co/datasets/vedastro-org/15000-Famous-People-Birth-Date-Location,public_figure_source_unclassified,,1959-05-31,18:30,timed_public_dataset,,41.891,12.494,+0100,Male,己亥,gregorian_year_ok,돼지,,requires_solar_term_engine,癸丑,辛酉,computed_from_public_dataset_time,timed_birth_available_month_requires_solar_term,candidate_pool_with_time_seed_verify_before_final_match,{'rodden': 'AA'}
729,hf-famous-0729-andreas-baader,Andreas Baader,https://huggingface.co/datasets/vedastro-org/15000-Famous-People-Birth-Date-Location,public_figure_source_unclassified,,1943-05-06,00:05,timed_public_dataset,,48.139,11.58,+0200,Male,癸未,gregorian_year_ok,양,,requires_solar_term_engine,甲子,甲子,computed_from_public_dataset_time,timed_birth_available_month_requires_solar_term,candidate_pool_with_time_seed_verify_before_final_match,{'rodden': 'AA'}
730,hf-famous-0730-andreas-gau,Andreas Gau,https://huggingface.co/datasets/vedastro-org/15000-Famous-People-Birth-Date-Location,public_figure_source_unclassified,,1800-11-02,15:00,timed_public_dataset,,48.893,8.705,+0053,Male,庚申,gregorian_year_ok,원숭이,,requires_solar_term_engine,乙未,甲申,computed_from_public_dataset_time,timed_birth_available_month_requires_solar_term,candidate_pool_with_time_seed_verify_before_final_match,{'rodden': 'AA'}
731,hf-famous-0731-andreas-ostler,Andreas Ostler,https://huggingface.co/datasets/vedastro-org/15000-Famous-People-Birth-Date-Location,public_figure_source_unclassified,,1921-01-21,16:45,timed_public_dataset,,47.475,11.024,+0100,Male,辛酉,needs_ipchun_check,닭,,requires_solar_term_engine,甲申,壬申,computed_from_public_dataset_time,timed_birth_available_month_requires_solar_term,candidate_pool_with_time_seed_verify_before_final_match,{'rodden': 'AA'}
732,hf-famous-0732-andreas-papandreou,Andreas Papandreou,https://huggingface.co/datasets/vedastro-org/15000-Famous-People-Birth-Date-Location,public_figure_source_unclassified,,1919-02-05,12:00,timed_public_dataset,,38.364,26.137,+0200,Male,己未,needs_ipchun_check,양,,requires_solar_term_engine,戊子,戊午,computed_from_public_dataset_time,timed_birth_available_month_requires_solar_term,candidate_pool_with_time_seed_verify_before_final_match,{'rodden': 'AA'}
733,hf-famous-0733-andree-lepecq,Andree LePecq,https://huggingface.co/datasets/vedastro-org/15000-Famous-People-Birth-Date-Location,public_figure_source_unclassified,,1910-10-03,00:51,timed_public_dataset,,48.07,-0.774,+0009,Male,庚戌,gregorian_year_ok,개,,requires_solar_term_engine,辛丑,戊子,computed_from_public_dataset_time,timed_birth_available_month_requires_solar_term,candidate_pool_with_time_seed_verify_before_final_match,{'rodden': 'AA'}
734,hf-famous-0734-andrei-ziemski,Andrei Ziemski,https://huggingface.co/datasets/vedastro-org/15000-Famous-People-Birth-Date-Location,public_figure_source_unclassified,,1950-09-02,00:05,timed_public_dataset,,52.235,21.008,+0100,Male,庚寅,gregorian_year_ok,호랑이,,requires_solar_term_engine,庚子,丙子,computed_from_public_dataset_time,timed_birth_available_month_requires_solar_term,candidate_pool_with_time_seed_verify_before_final_match,{'rodden': 'AA'}
735,hf-famous-0735-andreina-pagnani,Andreina Pagnani,https://huggingface.co/datasets/vedastro-org/15000-Famous-People-Birth-Date-Location,public_figure_source_unclassified,,1906-11-24,09:00,timed_public_dataset,,41.891,12.494,+0100,Female,丙午,gregorian_year_ok,말,,requires_solar_term_engine,壬申,乙巳,computed_from_public_dataset_time,timed_birth_available_month_requires_solar_term,candidate_pool_with_time_seed_verify_before_final_match,{'rodden': 'AA'}
736,hf-famous-0736-andres-segovia,Andres Segovia,https://huggingface.co/datasets/vedastro-org/15000-Famous-People-Birth-Date-Location,public_figure_source_unclassified,,1893-03-17,18:30,timed_public_dataset,,38.094,-3.636,-0015,Male,癸巳,gregorian_year_ok,뱀,,requires_solar_term_engine,癸丑,辛酉,computed_from_public_dataset_time,timed_birth_available_month_requires_solar_term,candidate_pool_with_time_seed_verify_before_final_match,{'rodden': 'AA'}
737,hf-famous-0737-andrew-card-jr,Andrew Card Jr.,https://huggingface.co/datasets/vedastro-org/15000-Famous-People-Birth-Date-Location,public_figure_source_unclassified,,1947-05-10,10:00,timed_public_dataset,,42.083,-71.02,-0400,Male,丁亥,gregorian_year_ok,돼지,,requires_solar_term_engine,己丑,己巳,computed_from_public_dataset_time,timed_birth_available_month_requires_solar_term,candidate_pool_with_time_seed_verify_before_final_match,{'rodden': 'AA'}
738,hf-famous-0738-andrew-cruickshank,Andrew Cruickshank,https://huggingface.co/datasets/vedastro-org/15000-Famous-People-Birth-Date-Location,public_figure_source_unclassified,,1907-12-25,13:40,timed_public_dataset,,57.147,-2.095,+0000,Male,丁未,gregorian_year_ok,양,,requires_solar_term_engine,戊申,己未,computed_from_public_dataset_time,timed_birth_available_month_requires_solar_term,candidate_pool_with_time_seed_verify_before_final_match,{'rodden': 'AA'}
739,hf-famous-0739-andrew-cunanan,Andrew Cunanan,https://huggingface.co/datasets/vedastro-org/15000-Famous-People-Birth-Date-Location,public_figure_source_unclassified,,1969-08-31,21:41,timed_public_dataset,,32.671,-117.106,-0700,Male,己酉,gregorian_year_ok,닭,,requires_solar_term_engine,戊寅,癸亥,computed_from_public_dataset_time,timed_birth_available_month_requires_solar_term,candidate_pool_with_time_seed_verify_before_final_match,{'rodden': 'AA'}
740,hf-famous-0740-andrew-dallmeyer,Andrew Dallmeyer,https://huggingface.co/datasets/vedastro-org/15000-Famous-People-Birth-Date-Location,public_figure_source_unclassified,,1945-01-10,06:00,timed_public_dataset,,55.572,-2.644,+0100,Male,乙酉,needs_ipchun_check,닭,,requires_solar_term_engine,己卯,丁卯,computed_from_public_dataset_time,timed_birth_available_month_requires_solar_term,candidate_pool_with_time_seed_verify_before_final_match,{'rodden': 'AA'}
741,hf-famous-0741-andrew-daulton-lee,Andrew Daulton Lee,https://huggingface.co/datasets/vedastro-org/15000-Famous-People-Birth-Date-Location,public_figure_source_unclassified,,1952-01-02,05:25,timed_public_dataset,,34.052,-118.243,-0800,Male,壬辰,needs_ipchun_check,용,,requires_solar_term_engine,丁未,癸卯,computed_from_public_dataset_time,timed_birth_available_month_requires_solar_term,candidate_pool_with_time_seed_verify_before_final_match,{'rodden': 'AA'}
742,hf-famous-0742-andrew-fisher,Andrew Fisher,https://huggingface.co/datasets/vedastro-org/15000-Famous-People-Birth-Date-Location,public_figure_source_unclassified,,1862-08-29,05:00,timed_public_dataset,,55.978,-3.594,+0000,Male,壬戌,gregorian_year_ok,개,,requires_solar_term_engine,乙卯,己卯,computed_from_public_dataset_time,timed_birth_available_month_requires_solar_term,candidate_pool_with_time_seed_verify_before_final_match,{'rodden': 'AA'}
743,hf-famous-0743-andrew-forsyth,Andrew Forsyth,https://huggingface.co/datasets/vedastro-org/15000-Famous-People-Birth-Date-Location,public_figure_source_unclassified,,1858-06-18,12:30,timed_public_dataset,,55.866,-4.257,+0000,Male,戊午,gregorian_year_ok,말,,requires_solar_term_engine,壬午,丙午,computed_from_public_dataset_time,timed_birth_available_month_requires_solar_term,candidate_pool_with_time_seed_verify_before_final_match,{'rodden': 'AA'}
744,hf-famous-0744-andrew-graham-gilchrist,Andrew Graham Gilchrist,https://huggingface.co/datasets/vedastro-org/15000-Famous-People-Birth-Date-Location,public_figure_source_unclassified,,1910-04-19,11:00,timed_public_dataset,,55.64,-3.887,+0000,Male,庚戌,gregorian_year_ok,개,,requires_solar_term_engine,甲寅,庚午,computed_from_public_dataset_time,timed_birth_available_month_requires_solar_term,candidate_pool_with_time_seed_verify_before_final_match,{'rodden': 'AA'}
745,hf-famous-0745-andrew-greeley,Andrew Greeley,https://huggingface.co/datasets/vedastro-org/15000-Famous-People-Birth-Date-Location,public_figure_source_unclassified,,1928-02-05,11:34,timed_public_dataset,,41.889,-87.794,-0600,Male,戊辰,needs_ipchun_check,용,,requires_solar_term_engine,乙亥,壬午,computed_from_public_dataset_time,timed_birth_available_month_requires_solar_term,candidate_pool_with_time_seed_verify_before_final_match,{'rodden': 'AA'}
746,hf-famous-0746-andrew-j-evans,Andrew J. Evans,https://huggingface.co/datasets/vedastro-org/15000-Famous-People-Birth-Date-Location,public_figure_source_unclassified,,1918-11-11,23:00,timed_public_dataset,,32.776,-79.931,-0500,Male,戊午,gregorian_year_ok,말,,requires_solar_term_engine,壬戌,庚子,computed_from_public_dataset_time,timed_birth_available_month_requires_solar_term,candidate_pool_with_time_seed_verify_before_final_match,{'rodden': 'AA'}
747,hf-famous-0747-andrew-lewis,Andrew Lewis,https://huggingface.co/datasets/vedastro-org/15000-Famous-People-Birth-Date-Location,public_figure_source_unclassified,,1875-04-18,17:30,timed_public_dataset,,57.147,-2.095,+0000,Male,乙亥,gregorian_year_ok,돼지,,requires_solar_term_engine,庚戌,乙酉,computed_from_public_dataset_time,timed_birth_available_month_requires_solar_term,candidate_pool_with_time_seed_verify_before_final_match,{'rodden': 'AA'}
748,hf-famous-0748-andrew-mactaggart,Andrew MacTaggart,https://huggingface.co/datasets/vedastro-org/15000-Famous-People-Birth-Date-Location,public_figure_source_unclassified,,1888-07-13,03:00,timed_public_dataset,,56.724,-3.505,+0000,Male,戊子,gregorian_year_ok,쥐,,requires_solar_term_engine,乙酉,戊寅,computed_from_public_dataset_time,timed_birth_available_month_requires_solar_term,candidate_pool_with_time_seed_verify_before_final_match,{'rodden': 'AA'}
749,hf-famous-0749-andrew-mattei-gleason,Andrew Mattei Gleason,https://huggingface.co/datasets/vedastro-org/15000-Famous-People-Birth-Date-Location,public_figure_source_unclassified,,1921-11-04,23:50,timed_public_dataset,,36.732,-119.786,-0800,Male,辛酉,gregorian_year_ok,닭,,requires_solar_term_engine,辛未,戊子,computed_from_public_dataset_time,timed_birth_available_month_requires_solar_term,candidate_pool_with_time_seed_verify_before_final_match,{'rodden': 'AA'}
750,hf-famous-0750-andrew-mccarthy,Andrew McCarthy,https://huggingface.co/datasets/vedastro-org/15000-Famous-People-Birth-Date-Location,public_figure_source_unclassified,,1962-11-29,02:37,timed_public_dataset,,39.953,-74.198,-0500,Male,壬寅,gregorian_year_ok,호랑이,,requires_solar_term_engine,辛未,己丑,computed_from_public_dataset_time,timed_birth_available_month_requires_solar_term,candidate_pool_with_time_seed_verify_before_final_match,{'rodden': 'AA'}
751,hf-famous-0751-andrew-meldrum,Andrew Meldrum,https://huggingface.co/datasets/vedastro-org/15000-Famous-People-Birth-Date-Location,public_figure_source_unclassified,,1909-04-22,03:00,timed_public_dataset,,56.103,-3.26,+0000,Male,己酉,gregorian_year_ok,닭,,requires_solar_term_engine,壬子,壬寅,computed_from_public_dataset_time,timed_birth_available_month_requires_solar_term,candidate_pool_with_time_seed_verify_before_final_match,{'rodden': 'AA'}
752,hf-famous-0752-andrew-mudge,Andrew Mudge,https://huggingface.co/datasets/vedastro-org/15000-Famous-People-Birth-Date-Location,public_figure_source_unclassified,,1973-10-16,04:58,timed_public_dataset,,42.359,-71.059,-0400,Male,癸丑,gregorian_year_ok,소,,requires_solar_term_engine,乙酉,戊寅,computed_from_public_dataset_time,timed_birth_available_month_requires_solar_term,candidate_pool_with_time_seed_verify_before_final_match,{'rodden': 'AA'}
753,hf-famous-0753-andrew-neil,Andrew Neil,https://huggingface.co/datasets/vedastro-org/15000-Famous-People-Birth-Date-Location,public_figure_source_unclassified,,1949-05-21,09:45,timed_public_dataset,,55.845,-4.424,+0100,Male,己丑,gregorian_year_ok,소,,requires_solar_term_engine,辛亥,癸巳,computed_from_public_dataset_time,timed_birth_available_month_requires_solar_term,candidate_pool_with_time_seed_verify_before_final_match,{'rodden': 'AA'}
754,hf-famous-0754-andrew-paton-welsh,Andrew Paton Welsh,https://huggingface.co/datasets/vedastro-org/15000-Famous-People-Birth-Date-Location,public_figure_source_unclassified,,1944-04-19,00:55,timed_public_dataset,,55.866,-4.257,+0200,Male,甲申,gregorian_year_ok,원숭이,,requires_solar_term_engine,癸丑,壬子,computed_from_public_dataset_time,timed_birth_available_month_requires_solar_term,candidate_pool_with_time_seed_verify_before_final_match,{'rodden': 'AA'}
755,hf-famous-0755-andrew-pollard-ogg,Andrew Pollard Ogg,https://huggingface.co/datasets/vedastro-org/15000-Famous-People-Birth-Date-Location,public_figure_source_unclassified,,1934-04-09,16:30,timed_public_dataset,,41.375,-83.65,-0500,Male,甲戌,gregorian_year_ok,개,,requires_solar_term_engine,庚戌,甲申,computed_from_public_dataset_time,timed_birth_available_month_requires_solar_term,candidate_pool_with_time_seed_verify_before_final_match,{'rodden': 'AA'}
756,hf-famous-0756-andrew-pringle,Andrew Pringle,https://huggingface.co/datasets/vedastro-org/15000-Famous-People-Birth-Date-Location,public_figure_source_unclassified,,1856-12-20,11:33,timed_public_dataset,,55.95,-3.188,+0000,Male,丙辰,gregorian_year_ok,용,,requires_solar_term_engine,丁丑,丙午,computed_from_public_dataset_time,timed_birth_available_month_requires_solar_term,candidate_pool_with_time_seed_verify_before_final_match,{'rodden': 'AA'}
757,hf-famous-0757-andrew-renton,Andrew Renton,https://huggingface.co/datasets/vedastro-org/15000-Famous-People-Birth-Date-Location,public_figure_source_unclassified,,1917-05-22,22:25,timed_public_dataset,,56.071,-3.462,+0100,Male,丁巳,gregorian_year_ok,뱀,,requires_solar_term_engine,甲子,乙亥,computed_from_public_dataset_time,timed_birth_available_month_requires_solar_term,candidate_pool_with_time_seed_verify_before_final_match,{'rodden': 'AA'}
758,hf-famous-0758-andrew-stark,Andrew Stark,https://huggingface.co/datasets/vedastro-org/15000-Famous-People-Birth-Date-Location,public_figure_source_unclassified,,1916-12-30,08:20,timed_public_dataset,,55.828,-3.708,+0000,Male,丙辰,gregorian_year_ok,용,,requires_solar_term_engine,辛丑,壬辰,computed_from_public_dataset_time,timed_birth_available_month_requires_solar_term,candidate_pool_with_time_seed_verify_before_final_match,{'rodden': 'AA'}
759,hf-famous-0759-andrew-stewart,Andrew Stewart,https://huggingface.co/datasets/vedastro-org/15000-Famous-People-Birth-Date-Location,public_figure_source_unclassified,,1938-05-27,06:20,timed_public_dataset,,51.5,-0.126,+0100,Male,戊寅,gregorian_year_ok,호랑이,,requires_solar_term_engine,己未,丁卯,computed_from_public_dataset_time,timed_birth_available_month_requires_solar_term,candidate_pool_with_time_seed_verify_before_final_match,{'rodden': 'AA'}
760,hf-famous-0760-andrew-watt-kay,Andrew Watt Kay,https://huggingface.co/datasets/vedastro-org/15000-Famous-People-Birth-Date-Location,public_figure_source_unclassified,,1916-08-14,00:10,timed_public_dataset,,55.464,-4.633,+0100,Male,丙辰,gregorian_year_ok,용,,requires_solar_term_engine,癸未,壬子,computed_from_public_dataset_time,timed_birth_available_month_requires_solar_term,candidate_pool_with_time_seed_verify_before_final_match,{'rodden': 'AA'}
761,hf-famous-0761-andrew-williams,Andrew Williams,https://huggingface.co/datasets/vedastro-org/15000-Famous-People-Birth-Date-Location,public_figure_source_unclassified,,1959-02-22,02:05,timed_public_dataset,,36.034,-114.984,-0800,Male,己亥,gregorian_year_ok,돼지,,requires_solar_term_engine,乙亥,丁丑,computed_from_public_dataset_time,timed_birth_available_month_requires_solar_term,candidate_pool_with_time_seed_verify_before_final_match,{'rodden': 'AA'}
762,hf-famous-0762-andrew-wyeth,Andrew Wyeth,https://huggingface.co/datasets/vedastro-org/15000-Famous-People-Birth-Date-Location,public_figure_source_unclassified,,1917-07-12,01:35,timed_public_dataset,,39.872,-75.591,-0500,Male,丁巳,gregorian_year_ok,뱀,,requires_solar_term_engine,乙卯,丁丑,computed_from_public_dataset_time,timed_birth_available_month_requires_solar_term,candidate_pool_with_time_seed_verify_before_final_match,{'rodden': 'AA'}
763,hf-famous-0763-andrex,Andrex,https://huggingface.co/datasets/vedastro-org/15000-Famous-People-Birth-Date-Location,public_figure_source_unclassified,,1907-01-23,21:00,timed_public_dataset,,43.295,5.374,+0009,Male,丁未,needs_ipchun_check,양,,requires_solar_term_engine,壬申,辛亥,computed_from_public_dataset_time,timed_birth_available_month_requires_solar_term,candidate_pool_with_time_seed_verify_before_final_match,{'rodden': 'AA'}
764,hf-famous-0764-andr-allemand,André Allemand,https://huggingface.co/datasets/vedastro-org/15000-Famous-People-Birth-Date-Location,public_figure_source_unclassified,,1916-07-25,06:00,timed_public_dataset,,45.194,5.732,+0100,Male,丙辰,gregorian_year_ok,용,,requires_solar_term_engine,癸亥,乙卯,computed_from_public_dataset_time,timed_birth_available_month_requires_solar_term,candidate_pool_with_time_seed_verify_before_final_match,{'rodden': 'AA'}
765,hf-famous-0765-andr-antoine,André Antoine,https://huggingface.co/datasets/vedastro-org/15000-Famous-People-Birth-Date-Location,public_figure_source_unclassified,,1858-01-31,23:00,timed_public_dataset,,45.829,1.262,+0009,Male,戊午,needs_ipchun_check,말,,requires_solar_term_engine,甲子,甲子,computed_from_public_dataset_time,timed_birth_available_month_requires_solar_term,candidate_pool_with_time_seed_verify_before_final_match,{'rodden': 'AA'}
766,hf-famous-0766-andr-beaudin,André Beaudin,https://huggingface.co/datasets/vedastro-org/15000-Famous-People-Birth-Date-Location,public_figure_source_unclassified,,1895-02-03,12:00,timed_public_dataset,,48.567,2.435,+0009,Male,乙未,needs_ipchun_check,양,,requires_solar_term_engine,辛巳,甲午,computed_from_public_dataset_time,timed_birth_available_month_requires_solar_term,candidate_pool_with_time_seed_verify_before_final_match,{'rodden': 'AA'}
767,hf-famous-0767-andr-bellec,André Bellec,https://huggingface.co/datasets/vedastro-org/15000-Famous-People-Birth-Date-Location,public_figure_source_unclassified,,1914-02-12,07:00,timed_public_dataset,,47.274,-2.214,+0000,Male,甲寅,gregorian_year_ok,호랑이,,requires_solar_term_engine,己巳,戊辰,computed_from_public_dataset_time,timed_birth_available_month_requires_solar_term,candidate_pool_with_time_seed_verify_before_final_match,{'rodden': 'AA'}
768,hf-famous-0768-andr-beloni,André Beloni,https://huggingface.co/datasets/vedastro-org/15000-Famous-People-Birth-Date-Location,public_figure_source_unclassified,,1905-10-07,20:30,timed_public_dataset,,47.719,-1.378,+0009,Male,乙巳,gregorian_year_ok,뱀,,requires_solar_term_engine,己卯,甲戌,computed_from_public_dataset_time,timed_birth_available_month_requires_solar_term,candidate_pool_with_time_seed_verify_before_final_match,{'rodden': 'AA'}
769,hf-famous-0769-andr-berthomieu,André Berthomieu,https://huggingface.co/datasets/vedastro-org/15000-Famous-People-Birth-Date-Location,public_figure_source_unclassified,,1903-02-17,01:00,timed_public_dataset,,49.442,1.098,+0009,Male,癸卯,gregorian_year_ok,토끼,,requires_solar_term_engine,丙子,己丑,computed_from_public_dataset_time,timed_birth_available_month_requires_solar_term,candidate_pool_with_time_seed_verify_before_final_match,{'rodden': 'AA'}
770,hf-famous-0770-andr-bettencourt,André Bettencourt,https://huggingface.co/datasets/vedastro-org/15000-Famous-People-Birth-Date-Location,public_figure_source_unclassified,,1919-04-21,03:00,timed_public_dataset,,48.816,2.459,+0100,Male,己未,gregorian_year_ok,양,,requires_solar_term_engine,癸卯,甲寅,computed_from_public_dataset_time,timed_birth_available_month_requires_solar_term,candidate_pool_with_time_seed_verify_before_final_match,{'rodden': 'AA'}
771,hf-famous-0771-andr-bizette,André Bizette,https://huggingface.co/datasets/vedastro-org/15000-Famous-People-Birth-Date-Location,public_figure_source_unclassified,,1906-02-28,05:00,timed_public_dataset,,47.361,-1.945,+0009,Male,丙午,gregorian_year_ok,말,,requires_solar_term_engine,癸卯,乙卯,computed_from_public_dataset_time,timed_birth_available_month_requires_solar_term,candidate_pool_with_time_seed_verify_before_final_match,{'rodden': 'AA'}
772,hf-famous-0772-andr-blondel,André Blondel,https://huggingface.co/datasets/vedastro-org/15000-Famous-People-Birth-Date-Location,public_figure_source_unclassified,,1863-08-28,08:00,timed_public_dataset,,48.111,5.14,+0009,Male,癸亥,gregorian_year_ok,돼지,,requires_solar_term_engine,己未,戊辰,computed_from_public_dataset_time,timed_birth_available_month_requires_solar_term,candidate_pool_with_time_seed_verify_before_final_match,{'rodden': 'AA'}
773,hf-famous-0773-andr-boissarie,André Boissarie,https://huggingface.co/datasets/vedastro-org/15000-Famous-People-Birth-Date-Location,public_figure_source_unclassified,,1903-06-26,10:00,timed_public_dataset,,45.187,0.722,+0009,Male,癸卯,gregorian_year_ok,토끼,,requires_solar_term_engine,乙酉,辛巳,computed_from_public_dataset_time,timed_birth_available_month_requires_solar_term,candidate_pool_with_time_seed_verify_before_final_match,{'rodden': 'AA'}
774,hf-famous-0774-andr-bord,André Bord,https://huggingface.co/datasets/vedastro-org/15000-Famous-People-Birth-Date-Location,public_figure_source_unclassified,,1922-11-30,21:00,timed_public_dataset,,48.583,7.744,+0000,Male,壬戌,gregorian_year_ok,개,,requires_solar_term_engine,壬寅,辛亥,computed_from_public_dataset_time,timed_birth_available_month_requires_solar_term,candidate_pool_with_time_seed_verify_before_final_match,{'rodden': 'AA'}
775,hf-famous-0775-andr-brahic,André Brahic,https://huggingface.co/datasets/vedastro-org/15000-Famous-People-Birth-Date-Location,public_figure_source_unclassified,,1942-11-30,04:40,timed_public_dataset,,48.857,2.351,+0100,Male,壬午,gregorian_year_ok,말,,requires_solar_term_engine,丁亥,壬寅,computed_from_public_dataset_time,timed_birth_available_month_requires_solar_term,candidate_pool_with_time_seed_verify_before_final_match,{'rodden': 'AA'}
776,hf-famous-0776-andr-brasilier,André Brasilier,https://huggingface.co/datasets/vedastro-org/15000-Famous-People-Birth-Date-Location,public_figure_source_unclassified,,1929-10-29,11:00,timed_public_dataset,,47.255,-0.083,+0000,Male,己巳,gregorian_year_ok,뱀,,requires_solar_term_engine,丁未,丙午,computed_from_public_dataset_time,timed_birth_available_month_requires_solar_term,candidate_pool_with_time_seed_verify_before_final_match,{'rodden': 'AA'}
777,hf-famous-0777-andr-breton,André Breton,https://huggingface.co/datasets/vedastro-org/15000-Famous-People-Birth-Date-Location,public_figure_source_unclassified,,1896-02-19,22:00,timed_public_dataset,,48.764,-0.731,+0009,Male,丙申,gregorian_year_ok,원숭이,,requires_solar_term_engine,壬寅,辛亥,computed_from_public_dataset_time,timed_birth_available_month_requires_solar_term,candidate_pool_with_time_seed_verify_before_final_match,{'rodden': 'AA'}
778,hf-famous-0778-andr-briend,André Briend,https://huggingface.co/datasets/vedastro-org/15000-Famous-People-Birth-Date-Location,public_figure_source_unclassified,,1930-05-02,01:30,timed_public_dataset,,47.655,-2.76,+0100,Male,庚午,gregorian_year_ok,말,,requires_solar_term_engine,壬子,辛丑,computed_from_public_dataset_time,timed_birth_available_month_requires_solar_term,candidate_pool_with_time_seed_verify_before_final_match,{'rodden': 'AA'}
779,hf-famous-0779-andr-brunot,André Brunot,https://huggingface.co/datasets/vedastro-org/15000-Famous-People-Birth-Date-Location,public_figure_source_unclassified,,1879-10-03,06:00,timed_public_dataset,,47.177,3.331,+0009,Male,己卯,gregorian_year_ok,토끼,,requires_solar_term_engine,己未,丁卯,computed_from_public_dataset_time,timed_birth_available_month_requires_solar_term,candidate_pool_with_time_seed_verify_before_final_match,{'rodden': 'AA'}
780,hf-famous-0780-andr-calmettes,André Calmettes,https://huggingface.co/datasets/vedastro-org/15000-Famous-People-Birth-Date-Location,public_figure_source_unclassified,,1861-08-18,13:00,timed_public_dataset,,48.857,2.351,+0009,Male,辛酉,gregorian_year_ok,닭,,requires_solar_term_engine,己亥,辛未,computed_from_public_dataset_time,timed_birth_available_month_requires_solar_term,candidate_pool_with_time_seed_verify_before_final_match,{'rodden': 'AA'}
781,hf-famous-0781-andr-castelot,André Castelot,https://huggingface.co/datasets/vedastro-org/15000-Famous-People-Birth-Date-Location,public_figure_source_unclassified,,1911-01-23,07:00,timed_public_dataset,,51.221,4.399,+0000,Male,辛亥,needs_ipchun_check,돼지,,requires_solar_term_engine,癸巳,丙辰,computed_from_public_dataset_time,timed_birth_available_month_requires_solar_term,candidate_pool_with_time_seed_verify_before_final_match,{'rodden': 'AA'}
782,hf-famous-0782-andr-caudron,André Caudron,https://huggingface.co/datasets/vedastro-org/15000-Famous-People-Birth-Date-Location,public_figure_source_unclassified,,1945-10-30,09:30,timed_public_dataset,,50.441,3.866,+0100,Male,乙酉,gregorian_year_ok,닭,,requires_solar_term_engine,壬申,乙巳,computed_from_public_dataset_time,timed_birth_available_month_requires_solar_term,candidate_pool_with_time_seed_verify_before_final_match,{'rodden': 'AA'}
783,hf-famous-0783-andr-cauvin,André Cauvin,https://huggingface.co/datasets/vedastro-org/15000-Famous-People-Birth-Date-Location,public_figure_source_unclassified,,1907-02-12,20:30,timed_public_dataset,,50.828,4.372,+0000,Male,丁未,gregorian_year_ok,양,,requires_solar_term_engine,壬辰,庚戌,computed_from_public_dataset_time,timed_birth_available_month_requires_solar_term,candidate_pool_with_time_seed_verify_before_final_match,{'rodden': 'AA'}
784,hf-famous-0784-andr-cayatte,André Cayatte,https://huggingface.co/datasets/vedastro-org/15000-Famous-People-Birth-Date-Location,public_figure_source_unclassified,,1909-02-03,17:00,timed_public_dataset,,43.213,2.356,+0009,Male,己酉,needs_ipchun_check,닭,,requires_solar_term_engine,甲午,癸酉,computed_from_public_dataset_time,timed_birth_available_month_requires_solar_term,candidate_pool_with_time_seed_verify_before_final_match,{'rodden': 'AA'}
785,hf-famous-0785-andr-chamson,André Chamson,https://huggingface.co/datasets/vedastro-org/15000-Famous-People-Birth-Date-Location,public_figure_source_unclassified,,1900-06-06,01:00,timed_public_dataset,,43.835,4.361,+0009,Male,庚子,gregorian_year_ok,쥐,,requires_solar_term_engine,庚戌,丁丑,computed_from_public_dataset_time,timed_birth_available_month_requires_solar_term,candidate_pool_with_time_seed_verify_before_final_match,{'rodden': 'AA'}
786,hf-famous-0786-andr-cheuva,André Cheuva,https://huggingface.co/datasets/vedastro-org/15000-Famous-People-Birth-Date-Location,public_figure_source_unclassified,,1908-05-30,04:00,timed_public_dataset,,50.631,3.063,+0009,Male,戊申,gregorian_year_ok,원숭이,,requires_solar_term_engine,乙酉,戊寅,computed_from_public_dataset_time,timed_birth_available_month_requires_solar_term,candidate_pool_with_time_seed_verify_before_final_match,{'rodden': 'AA'}
787,hf-famous-0787-andr-citro-n,André Citroën,https://huggingface.co/datasets/vedastro-org/15000-Famous-People-Birth-Date-Location,public_figure_source_unclassified,,1878-02-05,00:30,timed_public_dataset,,48.857,2.351,+0009,Male,戊寅,needs_ipchun_check,호랑이,,requires_solar_term_engine,甲寅,甲子,computed_from_public_dataset_time,timed_birth_available_month_requires_solar_term,candidate_pool_with_time_seed_verify_before_final_match,{'rodden': 'AA'}
788,hf-famous-0788-andr-claveau,André Claveau,https://huggingface.co/datasets/vedastro-org/15000-Famous-People-Birth-Date-Location,public_figure_source_unclassified,,1911-12-29,04:15,timed_public_dataset,,48.857,2.351,+0000,Male,辛亥,gregorian_year_ok,돼지,,requires_solar_term_engine,癸酉,甲寅,computed_from_public_dataset_time,timed_birth_available_month_requires_solar_term,candidate_pool_with_time_seed_verify_before_final_match,{'rodden': 'AA'}
789,hf-famous-0789-andr-cluytens,André Cluytens,https://huggingface.co/datasets/vedastro-org/15000-Famous-People-Birth-Date-Location,public_figure_source_unclassified,,1905-03-26,21:30,timed_public_dataset,,51.221,4.399,+0000,Male,乙巳,gregorian_year_ok,뱀,,requires_solar_term_engine,甲子,乙亥,computed_from_public_dataset_time,timed_birth_available_month_requires_solar_term,candidate_pool_with_time_seed_verify_before_final_match,{'rodden': 'AA'}
790,hf-famous-0790-andr-colin,André Colin,https://huggingface.co/datasets/vedastro-org/15000-Famous-People-Birth-Date-Location,public_figure_source_unclassified,,1910-01-19,08:00,timed_public_dataset,,48.39,-4.487,+0009,Male,庚戌,needs_ipchun_check,개,,requires_solar_term_engine,甲申,戊辰,computed_from_public_dataset_time,timed_birth_available_month_requires_solar_term,candidate_pool_with_time_seed_verify_before_final_match,{'rodden': 'AA'}
791,hf-famous-0791-andr-couet,André Couet,https://huggingface.co/datasets/vedastro-org/15000-Famous-People-Birth-Date-Location,public_figure_source_unclassified,,1931-01-18,09:30,timed_public_dataset,,49.493,0.106,+0000,Male,辛未,needs_ipchun_check,양,,requires_solar_term_engine,癸酉,丁巳,computed_from_public_dataset_time,timed_birth_available_month_requires_solar_term,candidate_pool_with_time_seed_verify_before_final_match,{'rodden': 'AA'}
792,hf-famous-0792-andr-courr-ges,André Courrèges,https://huggingface.co/datasets/vedastro-org/15000-Famous-People-Birth-Date-Location,public_figure_source_unclassified,,1923-03-09,10:45,timed_public_dataset,,43.298,-0.375,+0000,Male,癸亥,gregorian_year_ok,돼지,,requires_solar_term_engine,辛巳,癸巳,computed_from_public_dataset_time,timed_birth_available_month_requires_solar_term,candidate_pool_with_time_seed_verify_before_final_match,{'rodden': 'AA'}
793,hf-famous-0793-andr-darrigade,André Darrigade,https://huggingface.co/datasets/vedastro-org/15000-Famous-People-Birth-Date-Location,public_figure_source_unclassified,,1929-04-24,10:00,timed_public_dataset,,43.709,-1.055,+0100,Male,己巳,gregorian_year_ok,뱀,,requires_solar_term_engine,己亥,己巳,computed_from_public_dataset_time,timed_birth_available_month_requires_solar_term,candidate_pool_with_time_seed_verify_before_final_match,{'rodden': 'AA'}
794,hf-famous-0794-andr-delvaux,André Delvaux,https://huggingface.co/datasets/vedastro-org/15000-Famous-People-Birth-Date-Location,public_figure_source_unclassified,,1926-03-21,22:00,timed_public_dataset,,50.838,4.663,+0000,Male,丙寅,gregorian_year_ok,호랑이,,requires_solar_term_engine,己酉,乙亥,computed_from_public_dataset_time,timed_birth_available_month_requires_solar_term,candidate_pool_with_time_seed_verify_before_final_match,{'rodden': 'AA'}
795,hf-famous-0795-andr-dequae,André Dequae,https://huggingface.co/datasets/vedastro-org/15000-Famous-People-Birth-Date-Location,public_figure_source_unclassified,,1915-11-03,09:30,timed_public_dataset,,50.828,3.265,+0100,Male,乙卯,gregorian_year_ok,토끼,,requires_solar_term_engine,戊戌,丁巳,computed_from_public_dataset_time,timed_birth_available_month_requires_solar_term,candidate_pool_with_time_seed_verify_before_final_match,{'rodden': 'AA'}
796,hf-famous-0796-andr-dh-tel,André Dhôtel,https://huggingface.co/datasets/vedastro-org/15000-Famous-People-Birth-Date-Location,public_figure_source_unclassified,,1900-09-01,07:00,timed_public_dataset,,49.478,4.578,+0009,Male,庚子,gregorian_year_ok,쥐,,requires_solar_term_engine,丁丑,甲辰,computed_from_public_dataset_time,timed_birth_available_month_requires_solar_term,candidate_pool_with_time_seed_verify_before_final_match,{'rodden': 'AA'}
797,hf-famous-0797-andr-diligent,André Diligent,https://huggingface.co/datasets/vedastro-org/15000-Famous-People-Birth-Date-Location,public_figure_source_unclassified,,1919-05-10,19:00,timed_public_dataset,,50.691,3.173,+0100,Male,己未,gregorian_year_ok,양,,requires_solar_term_engine,壬戌,庚戌,computed_from_public_dataset_time,timed_birth_available_month_requires_solar_term,candidate_pool_with_time_seed_verify_before_final_match,{'rodden': 'AA'}
798,hf-famous-0798-andr-drille,André Drille,https://huggingface.co/datasets/vedastro-org/15000-Famous-People-Birth-Date-Location,public_figure_source_unclassified,,1930-09-15,16:30,timed_public_dataset,,43.493,-1.475,+0100,Male,庚午,gregorian_year_ok,말,,requires_solar_term_engine,戊辰,庚申,computed_from_public_dataset_time,timed_birth_available_month_requires_solar_term,candidate_pool_with_time_seed_verify_before_final_match,{'rodden': 'AA'}
799,hf-famous-0799-andr-dunoyer-de-segonsac,André Dunoyer de Segonsac,https://huggingface.co/datasets/vedastro-org/15000-Famous-People-Birth-Date-Location,public_figure_source_unclassified,,1884-07-06,00:05,timed_public_dataset,,48.857,2.351,+0009,Male,甲申,gregorian_year_ok,원숭이,,requires_solar_term_engine,丁巳,庚子,computed_from_public_dataset_time,timed_birth_available_month_requires_solar_term,candidate_pool_with_time_seed_verify_before_final_match,{'rodden': 'AA'}
800,hf-famous-0800-andr-dussollier,André Dussollier,https://huggingface.co/datasets/vedastro-org/15000-Famous-People-Birth-Date-Location,public_figure_source_unclassified,,1946-02-17,12:00,timed_public_dataset,,45.9,6.128,+0100,Male,丙戌,gregorian_year_ok,개,,requires_solar_term_engine,壬戌,丙午,computed_from_public_dataset_time,timed_birth_available_month_requires_solar_term,candidate_pool_with_time_seed_verify_before_final_match,{'rodden': 'AA'}
801,hf-famous-0801-andr-even,André Even,https://huggingface.co/datasets/vedastro-org/15000-Famous-People-Birth-Date-Location,public_figure_source_unclassified,,1918-05-16,05:00,timed_public_dataset,,47.856,-3.748,+0100,Male,戊午,gregorian_year_ok,말,,requires_solar_term_engine,癸亥,乙卯,computed_from_public_dataset_time,timed_birth_available_month_requires_solar_term,candidate_pool_with_time_seed_verify_before_final_match,{'rodden': 'AA'}
802,hf-famous-0802-andr-falcon,André Falcon,https://huggingface.co/datasets/vedastro-org/15000-Famous-People-Birth-Date-Location,public_figure_source_unclassified,,1924-11-28,02:10,timed_public_dataset,,45.767,4.834,+0000,Male,甲子,gregorian_year_ok,쥐,,requires_solar_term_engine,辛亥,己丑,computed_from_public_dataset_time,timed_birth_available_month_requires_solar_term,candidate_pool_with_time_seed_verify_before_final_match,{'rodden': 'AA'}
803,hf-famous-0803-andr-fougeron,André Fougeron,https://huggingface.co/datasets/vedastro-org/15000-Famous-People-Birth-Date-Location,public_figure_source_unclassified,,1913-10-01,18:00,timed_public_dataset,,48.857,2.351,+0000,Male,癸丑,gregorian_year_ok,소,,requires_solar_term_engine,乙卯,乙酉,computed_from_public_dataset_time,timed_birth_available_month_requires_solar_term,candidate_pool_with_time_seed_verify_before_final_match,{'rodden': 'AA'}
804,hf-famous-0804-andr-fourquet,André Fourquet,https://huggingface.co/datasets/vedastro-org/15000-Famous-People-Birth-Date-Location,public_figure_source_unclassified,,1929-07-03,01:00,timed_public_dataset,,44.835,-0.575,+0100,Male,己巳,gregorian_year_ok,뱀,,requires_solar_term_engine,己酉,乙丑,computed_from_public_dataset_time,timed_birth_available_month_requires_solar_term,candidate_pool_with_time_seed_verify_before_final_match,{'rodden': 'AA'}
805,hf-famous-0805-andr-fr-naud,André Frénaud,https://huggingface.co/datasets/vedastro-org/15000-Famous-People-Birth-Date-Location,public_figure_source_unclassified,,1907-07-26,13:00,timed_public_dataset,,46.675,4.366,+0009,Male,丁未,gregorian_year_ok,양,,requires_solar_term_engine,丙子,乙未,computed_from_public_dataset_time,timed_birth_available_month_requires_solar_term,candidate_pool_with_time_seed_verify_before_final_match,{'rodden': 'AA'}
806,hf-famous-0806-andr-gabriello,André Gabriello,https://huggingface.co/datasets/vedastro-org/15000-Famous-People-Birth-Date-Location,public_figure_source_unclassified,,1896-10-15,21:30,timed_public_dataset,,48.857,2.351,+0009,Male,丙申,gregorian_year_ok,원숭이,,requires_solar_term_engine,辛丑,己亥,computed_from_public_dataset_time,timed_birth_available_month_requires_solar_term,candidate_pool_with_time_seed_verify_before_final_match,{'rodden': 'AA'}
807,hf-famous-0807-andr-gaillard,André Gaillard,https://huggingface.co/datasets/vedastro-org/15000-Famous-People-Birth-Date-Location,public_figure_source_unclassified,,1927-12-19,10:15,timed_public_dataset,,48.857,2.351,+0000,Male,丁卯,gregorian_year_ok,토끼,,requires_solar_term_engine,丁亥,乙巳,computed_from_public_dataset_time,timed_birth_available_month_requires_solar_term,candidate_pool_with_time_seed_verify_before_final_match,{'rodden': 'AA'}
808,hf-famous-0808-andr-gard-re,André Gardère,https://huggingface.co/datasets/vedastro-org/15000-Famous-People-Birth-Date-Location,public_figure_source_unclassified,,1913-05-08,15:00,timed_public_dataset,,48.069,6.871,+0000,Male,癸丑,gregorian_year_ok,소,,requires_solar_term_engine,己丑,壬申,computed_from_public_dataset_time,timed_birth_available_month_requires_solar_term,candidate_pool_with_time_seed_verify_before_final_match,{'rodden': 'AA'}
809,hf-famous-0809-andr-gide,André Gide,https://huggingface.co/datasets/vedastro-org/15000-Famous-People-Birth-Date-Location,public_figure_source_unclassified,,1869-11-22,03:00,timed_public_dataset,,48.857,2.351,+0009,Male,己巳,gregorian_year_ok,뱀,,requires_solar_term_engine,丁巳,壬寅,computed_from_public_dataset_time,timed_birth_available_month_requires_solar_term,candidate_pool_with_time_seed_verify_before_final_match,{'rodden': 'AA'}
810,hf-famous-0810-andr-gill,André Gill,https://huggingface.co/datasets/vedastro-org/15000-Famous-People-Birth-Date-Location,public_figure_source_unclassified,,1840-10-17,07:00,timed_public_dataset,,48.857,2.351,+0009,Male,庚子,gregorian_year_ok,쥐,,requires_solar_term_engine,己酉,戊辰,computed_from_public_dataset_time,timed_birth_available_month_requires_solar_term,candidate_pool_with_time_seed_verify_before_final_match,{'rodden': 'AA'}
811,hf-famous-0811-andr-glucksmann,André Glucksmann,https://huggingface.co/datasets/vedastro-org/15000-Famous-People-Birth-Date-Location,public_figure_source_unclassified,,1937-06-19,16:30,timed_public_dataset,,48.834,2.243,+0100,Male,丁丑,gregorian_year_ok,소,,requires_solar_term_engine,丁丑,戊申,computed_from_public_dataset_time,timed_birth_available_month_requires_solar_term,candidate_pool_with_time_seed_verify_before_final_match,{'rodden': 'AA'}
812,hf-famous-0812-andr-hunebelle,André Hunebelle,https://huggingface.co/datasets/vedastro-org/15000-Famous-People-Birth-Date-Location,public_figure_source_unclassified,,1896-09-01,08:00,timed_public_dataset,,48.812,2.238,+0009,Male,丙申,gregorian_year_ok,원숭이,,requires_solar_term_engine,丁巳,甲辰,computed_from_public_dataset_time,timed_birth_available_month_requires_solar_term,candidate_pool_with_time_seed_verify_before_final_match,{'rodden': 'AA'}
813,hf-famous-0813-andr-jacquemin,André Jacquemin,https://huggingface.co/datasets/vedastro-org/15000-Famous-People-Birth-Date-Location,public_figure_source_unclassified,,1904-09-03,03:00,timed_public_dataset,,48.175,6.45,+0009,Male,甲辰,gregorian_year_ok,용,,requires_solar_term_engine,庚子,戊寅,computed_from_public_dataset_time,timed_birth_available_month_requires_solar_term,candidate_pool_with_time_seed_verify_before_final_match,{'rodden': 'AA'}
814,hf-famous-0814-andr-jean-thomas,André Jean Thomas,https://huggingface.co/datasets/vedastro-org/15000-Famous-People-Birth-Date-Location,public_figure_source_unclassified,,1905-04-04,07:00,timed_public_dataset,,47.241,6.026,+0009,Male,乙巳,gregorian_year_ok,뱀,,requires_solar_term_engine,癸酉,丙辰,computed_from_public_dataset_time,timed_birth_available_month_requires_solar_term,candidate_pool_with_time_seed_verify_before_final_match,{'rodden': 'AA'}
815,hf-famous-0815-andr-laignel,André Laignel,https://huggingface.co/datasets/vedastro-org/15000-Famous-People-Birth-Date-Location,public_figure_source_unclassified,,1942-12-04,05:50,timed_public_dataset,,48.857,2.351,+0100,Male,壬午,gregorian_year_ok,말,,requires_solar_term_engine,辛卯,辛卯,computed_from_public_dataset_time,timed_birth_available_month_requires_solar_term,candidate_pool_with_time_seed_verify_before_final_match,{'rodden': 'AA'}
816,hf-famous-0816-andr-lamy,André Lamy,https://huggingface.co/datasets/vedastro-org/15000-Famous-People-Birth-Date-Location,public_figure_source_unclassified,,1962-10-31,20:45,timed_public_dataset,,50.828,4.372,+0100,Male,壬寅,gregorian_year_ok,호랑이,,requires_solar_term_engine,壬寅,庚戌,computed_from_public_dataset_time,timed_birth_available_month_requires_solar_term,candidate_pool_with_time_seed_verify_before_final_match,{'rodden': 'AA'}
817,hf-famous-0817-andr-leducq,André Leducq,https://huggingface.co/datasets/vedastro-org/15000-Famous-People-Birth-Date-Location,public_figure_source_unclassified,,1904-02-27,03:15,timed_public_dataset,,47.81,1.081,+0009,Male,甲辰,gregorian_year_ok,용,,requires_solar_term_engine,辛卯,庚寅,computed_from_public_dataset_time,timed_birth_available_month_requires_solar_term,candidate_pool_with_time_seed_verify_before_final_match,{'rodden': 'AA'}
818,hf-famous-0818-andr-lefin,André Lefin,https://huggingface.co/datasets/vedastro-org/15000-Famous-People-Birth-Date-Location,public_figure_source_unclassified,,1927-03-28,08:00,timed_public_dataset,,49.924,4.081,+0000,Male,丁卯,gregorian_year_ok,토끼,,requires_solar_term_engine,辛酉,壬辰,computed_from_public_dataset_time,timed_birth_available_month_requires_solar_term,candidate_pool_with_time_seed_verify_before_final_match,{'rodden': 'AA'}
819,hf-famous-0819-andr-legrand,André Legrand,https://huggingface.co/datasets/vedastro-org/15000-Famous-People-Birth-Date-Location,public_figure_source_unclassified,,1939-07-23,00:20,timed_public_dataset,,50.639,3.012,+0100,Male,己卯,gregorian_year_ok,토끼,,requires_solar_term_engine,辛酉,戊子,computed_from_public_dataset_time,timed_birth_available_month_requires_solar_term,candidate_pool_with_time_seed_verify_before_final_match,{'rodden': 'AA'}
820,hf-famous-0820-andr-lerond,André Lerond,https://huggingface.co/datasets/vedastro-org/15000-Famous-People-Birth-Date-Location,public_figure_source_unclassified,,1930-12-06,15:00,timed_public_dataset,,49.493,0.106,+0000,Male,庚午,gregorian_year_ok,말,,requires_solar_term_engine,庚寅,甲申,computed_from_public_dataset_time,timed_birth_available_month_requires_solar_term,candidate_pool_with_time_seed_verify_before_final_match,{'rodden': 'AA'}
821,hf-famous-0821-andr-malraux,André Malraux,https://huggingface.co/datasets/vedastro-org/15000-Famous-People-Birth-Date-Location,public_figure_source_unclassified,,1901-11-03,16:00,timed_public_dataset,,48.857,2.351,+0009,Male,辛丑,gregorian_year_ok,소,,requires_solar_term_engine,乙酉,甲申,computed_from_public_dataset_time,timed_birth_available_month_requires_solar_term,candidate_pool_with_time_seed_verify_before_final_match,{'rodden': 'AA'}
822,hf-famous-0822-andr-marie,André Marie,https://huggingface.co/datasets/vedastro-org/15000-Famous-People-Birth-Date-Location,public_figure_source_unclassified,,1897-12-03,08:00,timed_public_dataset,,49.42,0.233,+0009,Male,丁酉,gregorian_year_ok,닭,,requires_solar_term_engine,乙未,庚辰,computed_from_public_dataset_time,timed_birth_available_month_requires_solar_term,candidate_pool_with_time_seed_verify_before_final_match,{'rodden': 'AA'}
823,hf-famous-0823-andr-marius-marchand,André Marius Marchand,https://huggingface.co/datasets/vedastro-org/15000-Famous-People-Birth-Date-Location,public_figure_source_unclassified,,1907-02-10,06:45,timed_public_dataset,,43.525,5.454,+0009,Male,丁未,gregorian_year_ok,양,,requires_solar_term_engine,庚寅,己卯,computed_from_public_dataset_time,timed_birth_available_month_requires_solar_term,candidate_pool_with_time_seed_verify_before_final_match,{'rodden': 'AA'}
824,hf-famous-0824-andr-maurois,André Maurois,https://huggingface.co/datasets/vedastro-org/15000-Famous-People-Birth-Date-Location,public_figure_source_unclassified,,1885-07-26,20:00,timed_public_dataset,,49.287,1.009,+0009,Male,乙酉,gregorian_year_ok,닭,,requires_solar_term_engine,壬午,庚戌,computed_from_public_dataset_time,timed_birth_available_month_requires_solar_term,candidate_pool_with_time_seed_verify_before_final_match,{'rodden': 'AA'}
825,hf-famous-0825-andr-obey,André Obey,https://huggingface.co/datasets/vedastro-org/15000-Famous-People-Birth-Date-Location,public_figure_source_unclassified,,1892-05-08,15:00,timed_public_dataset,,50.368,3.083,+0009,Male,壬辰,gregorian_year_ok,용,,requires_solar_term_engine,庚子,甲申,computed_from_public_dataset_time,timed_birth_available_month_requires_solar_term,candidate_pool_with_time_seed_verify_before_final_match,{'rodden': 'AA'}
826,hf-famous-0826-andr-obrecht,André Obrecht,https://huggingface.co/datasets/vedastro-org/15000-Famous-People-Birth-Date-Location,public_figure_source_unclassified,,1899-08-09,05:30,timed_public_dataset,,48.857,2.351,+0009,Male,己亥,gregorian_year_ok,돼지,,requires_solar_term_engine,己酉,丁卯,computed_from_public_dataset_time,timed_birth_available_month_requires_solar_term,candidate_pool_with_time_seed_verify_before_final_match,{'rodden': 'AA'}
827,hf-famous-0827-andr-petitfils,André Petitfils,https://huggingface.co/datasets/vedastro-org/15000-Famous-People-Birth-Date-Location,public_figure_source_unclassified,,1920-02-10,21:40,timed_public_dataset,,47.901,1.904,+0000,Male,庚申,gregorian_year_ok,원숭이,,requires_solar_term_engine,戊戌,癸亥,computed_from_public_dataset_time,timed_birth_available_month_requires_solar_term,candidate_pool_with_time_seed_verify_before_final_match,{'rodden': 'AA'}
828,hf-famous-0828-andr-pitie,André Pitie,https://huggingface.co/datasets/vedastro-org/15000-Famous-People-Birth-Date-Location,public_figure_source_unclassified,,1977-06-05,19:45,timed_public_dataset,,43.605,2.241,+0200,Male,丁巳,gregorian_year_ok,뱀,,requires_solar_term_engine,癸巳,壬戌,computed_from_public_dataset_time,timed_birth_available_month_requires_solar_term,candidate_pool_with_time_seed_verify_before_final_match,{'rodden': 'AA'}
829,hf-famous-0829-andr-pousse,André Pousse,https://huggingface.co/datasets/vedastro-org/15000-Famous-People-Birth-Date-Location,public_figure_source_unclassified,,1919-10-20,07:30,timed_public_dataset,,48.857,2.351,+0000,Male,己未,gregorian_year_ok,양,,requires_solar_term_engine,乙巳,庚辰,computed_from_public_dataset_time,timed_birth_available_month_requires_solar_term,candidate_pool_with_time_seed_verify_before_final_match,{'rodden': 'AA'}
830,hf-famous-0830-andr-reybaz,André Reybaz,https://huggingface.co/datasets/vedastro-org/15000-Famous-People-Birth-Date-Location,public_figure_source_unclassified,,1922-10-29,11:00,timed_public_dataset,,48.857,2.351,+0000,Male,壬戌,gregorian_year_ok,개,,requires_solar_term_engine,庚午,壬午,computed_from_public_dataset_time,timed_birth_available_month_requires_solar_term,candidate_pool_with_time_seed_verify_before_final_match,{'rodden': 'AA'}
831,hf-famous-0831-andr-rossinot,André Rossinot,https://huggingface.co/datasets/vedastro-org/15000-Famous-People-Birth-Date-Location,public_figure_source_unclassified,,1939-05-29,08:00,timed_public_dataset,,49.247,5.939,+0100,Male,己卯,gregorian_year_ok,토끼,,requires_solar_term_engine,丙寅,壬辰,computed_from_public_dataset_time,timed_birth_available_month_requires_solar_term,candidate_pool_with_time_seed_verify_before_final_match,{'rodden': 'AA'}
832,hf-famous-0832-andr-roussin,André Roussin,https://huggingface.co/datasets/vedastro-org/15000-Famous-People-Birth-Date-Location,public_figure_source_unclassified,,1911-01-22,09:00,timed_public_dataset,,43.295,5.374,+0009,Male,辛亥,needs_ipchun_check,돼지,,requires_solar_term_engine,壬辰,乙巳,computed_from_public_dataset_time,timed_birth_available_month_requires_solar_term,candidate_pool_with_time_seed_verify_before_final_match,{'rodden': 'AA'}
833,hf-famous-0833-andr-routis,André Routis,https://huggingface.co/datasets/vedastro-org/15000-Famous-People-Birth-Date-Location,public_figure_source_unclassified,,1900-07-16,12:00,timed_public_dataset,,44.835,-0.575,+0009,Male,庚子,gregorian_year_ok,쥐,,requires_solar_term_engine,庚寅,壬午,computed_from_public_dataset_time,timed_birth_available_month_requires_solar_term,candidate_pool_with_time_seed_verify_before_final_match,{'rodden': 'AA'}
834,hf-famous-0834-andr-schwarz,André Schwarz,https://huggingface.co/datasets/vedastro-org/15000-Famous-People-Birth-Date-Location,public_figure_source_unclassified,,1928-05-23,11:30,timed_public_dataset,,49.114,6.172,+0100,Male,戊辰,gregorian_year_ok,용,,requires_solar_term_engine,癸亥,戊午,computed_from_public_dataset_time,timed_birth_available_month_requires_solar_term,candidate_pool_with_time_seed_verify_before_final_match,{'rodden': 'AA'}
835,hf-famous-0835-andr-siegfried,André Siegfried,https://huggingface.co/datasets/vedastro-org/15000-Famous-People-Birth-Date-Location,public_figure_source_unclassified,,1875-04-21,09:15,timed_public_dataset,,49.493,0.106,+0009,Male,乙亥,gregorian_year_ok,돼지,,requires_solar_term_engine,癸丑,丁巳,computed_from_public_dataset_time,timed_birth_available_month_requires_solar_term,candidate_pool_with_time_seed_verify_before_final_match,{'rodden': 'AA'}
836,hf-famous-0836-andr-stil,André Stil,https://huggingface.co/datasets/vedastro-org/15000-Famous-People-Birth-Date-Location,public_figure_source_unclassified,,1921-04-01,14:00,timed_public_dataset,,50.475,3.523,+0100,Male,辛酉,gregorian_year_ok,닭,,requires_solar_term_engine,甲午,辛未,computed_from_public_dataset_time,timed_birth_available_month_requires_solar_term,candidate_pool_with_time_seed_verify_before_final_match,{'rodden': 'AA'}
837,hf-famous-0837-andr-strappe,André Strappe,https://huggingface.co/datasets/vedastro-org/15000-Famous-People-Birth-Date-Location,public_figure_source_unclassified,,1928-02-23,03:00,timed_public_dataset,,50.443,2.718,+0000,Male,戊辰,gregorian_year_ok,용,,requires_solar_term_engine,癸巳,甲寅,computed_from_public_dataset_time,timed_birth_available_month_requires_solar_term,candidate_pool_with_time_seed_verify_before_final_match,{'rodden': 'AA'}
838,hf-famous-0838-andr-theuriet,André Theuriet,https://huggingface.co/datasets/vedastro-org/15000-Famous-People-Birth-Date-Location,public_figure_source_unclassified,,1833-10-08,06:30,timed_public_dataset,,48.867,2.093,+0009,Male,癸巳,gregorian_year_ok,뱀,,requires_solar_term_engine,癸亥,乙卯,computed_from_public_dataset_time,timed_birth_available_month_requires_solar_term,candidate_pool_with_time_seed_verify_before_final_match,{'rodden': 'AA'}
839,hf-famous-0839-andr-turcat,André Turcat,https://huggingface.co/datasets/vedastro-org/15000-Famous-People-Birth-Date-Location,public_figure_source_unclassified,,1921-10-23,23:00,timed_public_dataset,,43.295,5.374,+0100,Male,辛酉,gregorian_year_ok,닭,,requires_solar_term_engine,己未,甲子,computed_from_public_dataset_time,timed_birth_available_month_requires_solar_term,candidate_pool_with_time_seed_verify_before_final_match,{'rodden': 'AA'}
840,hf-famous-0840-andr-t-chin,André Téchiné,https://huggingface.co/datasets/vedastro-org/15000-Famous-People-Birth-Date-Location,public_figure_source_unclassified,,1943-03-13,10:00,timed_public_dataset,,44.109,0.892,+0100,Male,癸未,gregorian_year_ok,양,,requires_solar_term_engine,庚午,辛巳,computed_from_public_dataset_time,timed_birth_available_month_requires_solar_term,candidate_pool_with_time_seed_verify_before_final_match,{'rodden': 'AA'}
841,hf-famous-0841-andr-verchuren,André Verchuren,https://huggingface.co/datasets/vedastro-org/15000-Famous-People-Birth-Date-Location,public_figure_source_unclassified,,1920-12-28,07:00,timed_public_dataset,,49.345,2.41,+0000,Male,庚申,gregorian_year_ok,원숭이,,requires_solar_term_engine,庚申,庚辰,computed_from_public_dataset_time,timed_birth_available_month_requires_solar_term,candidate_pool_with_time_seed_verify_before_final_match,{'rodden': 'AA'}
842,hf-famous-0842-andr-vercoutter,André Vercoutter,https://huggingface.co/datasets/vedastro-org/15000-Famous-People-Birth-Date-Location,public_figure_source_unclassified,,1923-06-29,02:00,timed_public_dataset,,50.884,2.469,+0100,Male,癸亥,gregorian_year_ok,돼지,,requires_solar_term_engine,癸酉,癸丑,computed_from_public_dataset_time,timed_birth_available_month_requires_solar_term,candidate_pool_with_time_seed_verify_before_final_match,{'rodden': 'AA'}
843,hf-famous-0843-andr-versini,André Versini,https://huggingface.co/datasets/vedastro-org/15000-Famous-People-Birth-Date-Location,public_figure_source_unclassified,,1923-11-23,16:00,timed_public_dataset,,48.84,2.418,+0000,Male,癸亥,gregorian_year_ok,돼지,,requires_solar_term_engine,庚子,甲申,computed_from_public_dataset_time,timed_birth_available_month_requires_solar_term,candidate_pool_with_time_seed_verify_before_final_match,{'rodden': 'AA'}
844,hf-famous-0844-andr-weber,André Weber,https://huggingface.co/datasets/vedastro-org/15000-Famous-People-Birth-Date-Location,public_figure_source_unclassified,,1928-05-01,08:00,timed_public_dataset,,48.081,7.36,+0100,Male,戊辰,gregorian_year_ok,용,,requires_solar_term_engine,辛丑,壬辰,computed_from_public_dataset_time,timed_birth_available_month_requires_solar_term,candidate_pool_with_time_seed_verify_before_final_match,{'rodden': 'AA'}
845,hf-famous-0845-andr-wogenscky,André Wogenscky,https://huggingface.co/datasets/vedastro-org/15000-Famous-People-Birth-Date-Location,public_figure_source_unclassified,,1916-06-03,03:45,timed_public_dataset,,48.016,6.59,+0000,Male,丙辰,gregorian_year_ok,용,,requires_solar_term_engine,辛未,庚寅,computed_from_public_dataset_time,timed_birth_available_month_requires_solar_term,candidate_pool_with_time_seed_verify_before_final_match,{'rodden': 'AA'}
846,hf-famous-0846-andr-zeller,André Zeller,https://huggingface.co/datasets/vedastro-org/15000-Famous-People-Birth-Date-Location,public_figure_source_unclassified,,1898-01-01,05:00,timed_public_dataset,,47.241,6.026,+0009,Male,戊戌,needs_ipchun_check,개,,requires_solar_term_engine,甲子,丁卯,computed_from_public_dataset_time,timed_birth_available_month_requires_solar_term,candidate_pool_with_time_seed_verify_before_final_match,{'rodden': 'AA'}
847,hf-famous-0847-andr-e-cl-ment,Andrée Clément,https://huggingface.co/datasets/vedastro-org/15000-Famous-People-Birth-Date-Location,public_figure_source_unclassified,,1918-08-07,08:00,timed_public_dataset,,43.295,5.374,+0100,Female,戊午,gregorian_year_ok,말,,requires_solar_term_engine,丙戌,壬辰,computed_from_public_dataset_time,timed_birth_available_month_requires_solar_term,candidate_pool_with_time_seed_verify_before_final_match,{'rodden': 'AA'}
848,hf-famous-0848-andr-e-debar,Andrée Debar,https://huggingface.co/datasets/vedastro-org/15000-Famous-People-Birth-Date-Location,public_figure_source_unclassified,,1920-05-05,00:30,timed_public_dataset,,48.947,2.147,+0100,Female,庚申,gregorian_year_ok,원숭이,,requires_solar_term_engine,癸亥,壬子,computed_from_public_dataset_time,timed_birth_available_month_requires_solar_term,candidate_pool_with_time_seed_verify_before_final_match,{'rodden': 'AA'}
849,hf-famous-0849-andr-e-degeimbre,Andrée Degeimbre,https://huggingface.co/datasets/vedastro-org/15000-Famous-People-Birth-Date-Location,public_figure_source_unclassified,,1918-04-19,14:00,timed_public_dataset,,50.109,4.958,+0200,Female,戊午,gregorian_year_ok,말,,requires_solar_term_engine,丙申,乙未,computed_from_public_dataset_time,timed_birth_available_month_requires_solar_term,candidate_pool_with_time_seed_verify_before_final_match,{'rodden': 'AA'}
850,hf-famous-0850-andr-e-putman,Andrée Putman,https://huggingface.co/datasets/vedastro-org/15000-Famous-People-Birth-Date-Location,public_figure_source_unclassified,,1925-12-23,11:45,timed_public_dataset,,48.857,2.351,+0000,Female,乙丑,gregorian_year_ok,소,,requires_solar_term_engine,辛巳,甲午,computed_from_public_dataset_time,timed_birth_available_month_requires_solar_term,candidate_pool_with_time_seed_verify_before_final_match,{'rodden': 'AA'}
851,hf-famous-0851-andr-e-tainsy,Andrée Tainsy,https://huggingface.co/datasets/vedastro-org/15000-Famous-People-Birth-Date-Location,public_figure_source_unclassified,,1911-04-26,21:00,timed_public_dataset,,50.837,4.387,+0000,Female,辛亥,gregorian_year_ok,돼지,,requires_solar_term_engine,丙寅,己亥,computed_from_public_dataset_time,timed_birth_available_month_requires_solar_term,candidate_pool_with_time_seed_verify_before_final_match,{'rodden': 'AA'}
852,hf-famous-0852-andr-ia-ribeiro,Andréia Ribeiro,https://huggingface.co/datasets/vedastro-org/15000-Famous-People-Birth-Date-Location,public_figure_source_unclassified,,1975-02-28,13:35,timed_public_dataset,,-23.549,-46.638,-0300,Male,乙卯,gregorian_year_ok,토끼,,requires_solar_term_engine,乙巳,癸未,computed_from_public_dataset_time,timed_birth_available_month_requires_solar_term,candidate_pool_with_time_seed_verify_before_final_match,{'rodden': 'AA'}
853,hf-famous-0853-andy-fogelson,Andy Fogelson,https://huggingface.co/datasets/vedastro-org/15000-Famous-People-Birth-Date-Location,public_figure_source_unclassified,,1942-08-05,22:50,timed_public_dataset,,40.713,-74.007,-0400,Male,壬午,gregorian_year_ok,말,,requires_solar_term_engine,庚寅,丁亥,computed_from_public_dataset_time,timed_birth_available_month_requires_solar_term,candidate_pool_with_time_seed_verify_before_final_match,{'rodden': 'AA'}
854,hf-famous-0854-andy-gibb,Andy Gibb,https://huggingface.co/datasets/vedastro-org/15000-Famous-People-Birth-Date-Location,public_figure_source_unclassified,,1958-03-05,06:30,timed_public_dataset,,53.481,-2.234,+0000,Male,戊戌,gregorian_year_ok,개,,requires_solar_term_engine,辛巳,辛卯,computed_from_public_dataset_time,timed_birth_available_month_requires_solar_term,candidate_pool_with_time_seed_verify_before_final_match,{'rodden': 'AA'}
855,hf-famous-0855-andy-gibson,Andy Gibson,https://huggingface.co/datasets/vedastro-org/15000-Famous-People-Birth-Date-Location,public_figure_source_unclassified,,1913-11-06,14:30,timed_public_dataset,,39.94,-82.004,-0500,Male,癸丑,gregorian_year_ok,소,,requires_solar_term_engine,辛卯,乙未,computed_from_public_dataset_time,timed_birth_available_month_requires_solar_term,candidate_pool_with_time_seed_verify_before_final_match,{'rodden': 'AA'}
856,hf-famous-0856-andy-griffith,Andy Griffith,https://huggingface.co/datasets/vedastro-org/15000-Famous-People-Birth-Date-Location,public_figure_source_unclassified,,1926-06-01,15:00,timed_public_dataset,,36.5,-80.605,-0400,Male,丙寅,gregorian_year_ok,호랑이,,requires_solar_term_engine,辛酉,丙申,computed_from_public_dataset_time,timed_birth_available_month_requires_solar_term,candidate_pool_with_time_seed_verify_before_final_match,{'rodden': 'AA'}
857,hf-famous-0857-andy-jones,Andy Jones,https://huggingface.co/datasets/vedastro-org/15000-Famous-People-Birth-Date-Location,public_figure_source_unclassified,,1948-01-15,19:18,timed_public_dataset,,47.563,-52.711,-0330,Male,戊子,needs_ipchun_check,쥐,,requires_solar_term_engine,己亥,甲戌,computed_from_public_dataset_time,timed_birth_available_month_requires_solar_term,candidate_pool_with_time_seed_verify_before_final_match,{'rodden': 'AA'}
858,hf-famous-0858-andy-murray,Andy Murray,https://huggingface.co/datasets/vedastro-org/15000-Famous-People-Birth-Date-Location,public_figure_source_unclassified,,1987-05-15,14:10,timed_public_dataset,,55.866,-4.257,+0100,Male,丁卯,gregorian_year_ok,토끼,,requires_solar_term_engine,甲子,辛未,computed_from_public_dataset_time,timed_birth_available_month_requires_solar_term,candidate_pool_with_time_seed_verify_before_final_match,{'rodden': 'AA'}
859,hf-famous-0859-andy-weber,Andy Weber,https://huggingface.co/datasets/vedastro-org/15000-Famous-People-Birth-Date-Location,public_figure_source_unclassified,,1951-07-10,10:30,timed_public_dataset,,52.372,9.736,+0100,Male,辛卯,gregorian_year_ok,토끼,,requires_solar_term_engine,辛亥,癸巳,computed_from_public_dataset_time,timed_birth_available_month_requires_solar_term,candidate_pool_with_time_seed_verify_before_final_match,{'rodden': 'AA'}
860,hf-famous-0860-andy-williams,Andy Williams,https://huggingface.co/datasets/vedastro-org/15000-Famous-People-Birth-Date-Location,public_figure_source_unclassified,,1927-12-03,06:00,timed_public_dataset,,43.543,-96.95,-0600,Male,丁卯,gregorian_year_ok,토끼,,requires_solar_term_engine,辛未,辛卯,computed_from_public_dataset_time,timed_birth_available_month_requires_solar_term,candidate_pool_with_time_seed_verify_before_final_match,{'rodden': 'AA'}
861,hf-famous-0861-anette-bj-rlestam,Anette Bjärlestam,https://huggingface.co/datasets/vedastro-org/15000-Famous-People-Birth-Date-Location,public_figure_source_unclassified,,1967-10-17,18:07,timed_public_dataset,,55.603,13.001,+0100,Female,丁未,gregorian_year_ok,양,,requires_solar_term_engine,甲寅,癸酉,computed_from_public_dataset_time,timed_birth_available_month_requires_solar_term,candidate_pool_with_time_seed_verify_before_final_match,{'rodden': 'AA'}
862,hf-famous-0862-anette-masui,Anette Masui,https://huggingface.co/datasets/vedastro-org/15000-Famous-People-Birth-Date-Location,public_figure_source_unclassified,,1966-02-25,01:58,timed_public_dataset,,59.994,17.557,+0100,Female,丙午,gregorian_year_ok,말,,requires_solar_term_engine,乙卯,丁丑,computed_from_public_dataset_time,timed_birth_available_month_requires_solar_term,candidate_pool_with_time_seed_verify_before_final_match,{'rodden': 'AA'}
863,hf-famous-0863-angel,Angel,https://huggingface.co/datasets/vedastro-org/15000-Famous-People-Birth-Date-Location,public_figure_source_unclassified,,2007-04-03,00:11,timed_public_dataset,,34.011,-118.492,-0700,Female,丁亥,gregorian_year_ok,돼지,,requires_solar_term_engine,丁卯,庚子,computed_from_public_dataset_time,timed_birth_available_month_requires_solar_term,candidate_pool_with_time_seed_verify_before_final_match,{'rodden': 'AA'}
864,hf-famous-0864-angela-adamoli,Angela Adamoli,https://huggingface.co/datasets/vedastro-org/15000-Famous-People-Birth-Date-Location,public_figure_source_unclassified,,1972-06-15,01:00,timed_public_dataset,,43.552,10.308,+0200,Female,壬子,gregorian_year_ok,쥐,,requires_solar_term_engine,丁丑,辛丑,computed_from_public_dataset_time,timed_birth_available_month_requires_solar_term,candidate_pool_with_time_seed_verify_before_final_match,{'rodden': 'AA'}
865,hf-famous-0865-angela-brambati,Angela Brambati,https://huggingface.co/datasets/vedastro-org/15000-Famous-People-Birth-Date-Location,public_figure_source_unclassified,,1947-10-20,13:00,timed_public_dataset,,44.407,8.934,+0100,Female,丁亥,gregorian_year_ok,돼지,,requires_solar_term_engine,壬申,丁未,computed_from_public_dataset_time,timed_birth_available_month_requires_solar_term,candidate_pool_with_time_seed_verify_before_final_match,{'rodden': 'AA'}
866,hf-famous-0866-angela-davis,Angela Davis,https://huggingface.co/datasets/vedastro-org/15000-Famous-People-Birth-Date-Location,public_figure_source_unclassified,,1944-01-26,12:30,timed_public_dataset,,33.523,-86.808,-0500,Female,甲申,needs_ipchun_check,원숭이,,requires_solar_term_engine,己丑,庚午,computed_from_public_dataset_time,timed_birth_available_month_requires_solar_term,candidate_pool_with_time_seed_verify_before_final_match,{'rodden': 'AA'}
867,hf-famous-0867-angela-eagle,Angela Eagle,https://huggingface.co/datasets/vedastro-org/15000-Famous-People-Birth-Date-Location,public_figure_source_unclassified,,1961-02-17,17:05,timed_public_dataset,,54.083,-0.192,+0000,Female,辛丑,gregorian_year_ok,소,,requires_solar_term_engine,辛巳,丁酉,computed_from_public_dataset_time,timed_birth_available_month_requires_solar_term,candidate_pool_with_time_seed_verify_before_final_match,{'rodden': 'AA'}
868,hf-famous-0868-angela-finocchiaro,Angela Finocchiaro,https://huggingface.co/datasets/vedastro-org/15000-Famous-People-Birth-Date-Location,public_figure_source_unclassified,,1955-11-20,14:40,timed_public_dataset,,45.464,9.188,+0100,Female,乙未,gregorian_year_ok,양,,requires_solar_term_engine,乙酉,癸未,computed_from_public_dataset_time,timed_birth_available_month_requires_solar_term,candidate_pool_with_time_seed_verify_before_final_match,{'rodden': 'AA'}
869,hf-famous-0869-angela-kelly,Angela Kelly,https://huggingface.co/datasets/vedastro-org/15000-Famous-People-Birth-Date-Location,public_figure_source_unclassified,,1966-12-02,18:05,timed_public_dataset,,55.866,-4.257,+0000,Female,丙午,gregorian_year_ok,말,,requires_solar_term_engine,乙未,乙酉,computed_from_public_dataset_time,timed_birth_available_month_requires_solar_term,candidate_pool_with_time_seed_verify_before_final_match,{'rodden': 'AA'}
870,hf-famous-0870-angela-maria-may,Angela Maria May,https://huggingface.co/datasets/vedastro-org/15000-Famous-People-Birth-Date-Location,public_figure_source_unclassified,,1977-09-09,10:32,timed_public_dataset,,34.052,-118.243,-0700,Female,丁巳,gregorian_year_ok,뱀,,requires_solar_term_engine,己巳,己巳,computed_from_public_dataset_time,timed_birth_available_month_requires_solar_term,candidate_pool_with_time_seed_verify_before_final_match,{'rodden': 'AA'}
871,hf-famous-0871-angela-merlin,Angela Merlin,https://huggingface.co/datasets/vedastro-org/15000-Famous-People-Birth-Date-Location,public_figure_source_unclassified,,1887-10-15,06:20,timed_public_dataset,,36.726,14.846,+0050,Female,丁亥,gregorian_year_ok,돼지,,requires_solar_term_engine,癸丑,乙卯,computed_from_public_dataset_time,timed_birth_available_month_requires_solar_term,candidate_pool_with_time_seed_verify_before_final_match,{'rodden': 'AA'}
872,hf-famous-0872-angela-salcido,Angela Salcido,https://huggingface.co/datasets/vedastro-org/15000-Famous-People-Birth-Date-Location,public_figure_source_unclassified,,1965-06-15,08:16,timed_public_dataset,,40.177,-122.234,-0700,Female,乙巳,gregorian_year_ok,뱀,,requires_solar_term_engine,庚子,庚辰,computed_from_public_dataset_time,timed_birth_available_month_requires_solar_term,candidate_pool_with_time_seed_verify_before_final_match,{'rodden': 'AA'}
873,hf-famous-0873-angelina-jolie,Angelina Jolie,https://huggingface.co/datasets/vedastro-org/15000-Famous-People-Birth-Date-Location,public_figure_source_unclassified,,1975-06-04,09:09,timed_public_dataset,,34.052,-118.243,-0700,Female,乙卯,gregorian_year_ok,토끼,,requires_solar_term_engine,辛巳,癸巳,computed_from_public_dataset_time,timed_birth_available_month_requires_solar_term,candidate_pool_with_time_seed_verify_before_final_match,{'rodden': 'AA'}
874,hf-famous-0874-angelo-a-buono,Angelo A. Buono,https://huggingface.co/datasets/vedastro-org/15000-Famous-People-Birth-Date-Location,public_figure_source_unclassified,,1934-10-05,04:09,timed_public_dataset,,43.156,-77.613,-0500,Male,甲戌,gregorian_year_ok,개,,requires_solar_term_engine,己酉,丙寅,computed_from_public_dataset_time,timed_birth_available_month_requires_solar_term,candidate_pool_with_time_seed_verify_before_final_match,{'rodden': 'AA'}
875,hf-famous-0875-angelo-branduardi,Angelo Branduardi,https://huggingface.co/datasets/vedastro-org/15000-Famous-People-Birth-Date-Location,public_figure_source_unclassified,,1950-02-12,10:45,timed_public_dataset,,45.506,8.817,+0100,Male,庚寅,gregorian_year_ok,호랑이,,requires_solar_term_engine,戊寅,丁巳,computed_from_public_dataset_time,timed_birth_available_month_requires_solar_term,candidate_pool_with_time_seed_verify_before_final_match,{'rodden': 'AA'}
876,hf-famous-0876-angelo-conterno,Angelo Conterno,https://huggingface.co/datasets/vedastro-org/15000-Famous-People-Birth-Date-Location,public_figure_source_unclassified,,1925-03-13,08:10,timed_public_dataset,,45.068,7.683,+0100,Male,乙丑,gregorian_year_ok,소,,requires_solar_term_engine,丙申,壬辰,computed_from_public_dataset_time,timed_birth_available_month_requires_solar_term,candidate_pool_with_time_seed_verify_before_final_match,{'rodden': 'AA'}
877,hf-famous-0877-angelo-damiano,Angelo Damiano,https://huggingface.co/datasets/vedastro-org/15000-Famous-People-Birth-Date-Location,public_figure_source_unclassified,,1938-09-30,13:00,timed_public_dataset,,40.84,14.253,+0100,Male,戊寅,gregorian_year_ok,호랑이,,requires_solar_term_engine,乙丑,癸未,computed_from_public_dataset_time,timed_birth_available_month_requires_solar_term,candidate_pool_with_time_seed_verify_before_final_match,{'rodden': 'AA'}
878,hf-famous-0878-angelo-errichetti,Angelo Errichetti,https://huggingface.co/datasets/vedastro-org/15000-Famous-People-Birth-Date-Location,public_figure_source_unclassified,,1928-09-29,14:30,timed_public_dataset,,39.945,-75.119,-0400,Male,戊辰,gregorian_year_ok,용,,requires_solar_term_engine,壬申,丁未,computed_from_public_dataset_time,timed_birth_available_month_requires_solar_term,candidate_pool_with_time_seed_verify_before_final_match,{'rodden': 'AA'}
879,hf-famous-0879-angelo-franzosi,Angelo Franzosi,https://huggingface.co/datasets/vedastro-org/15000-Famous-People-Birth-Date-Location,public_figure_source_unclassified,,1921-11-07,11:45,timed_public_dataset,,45.464,9.188,+0100,Male,辛酉,gregorian_year_ok,닭,,requires_solar_term_engine,甲戌,庚午,computed_from_public_dataset_time,timed_birth_available_month_requires_solar_term,candidate_pool_with_time_seed_verify_before_final_match,{'rodden': 'AA'}
880,hf-famous-0880-angelo-mai,Angelo Mai,https://huggingface.co/datasets/vedastro-org/15000-Famous-People-Birth-Date-Location,public_figure_source_unclassified,,1782-03-07,05:00,timed_public_dataset,,46.009,10.159,+0050,Male,壬寅,gregorian_year_ok,호랑이,,requires_solar_term_engine,辛酉,辛卯,computed_from_public_dataset_time,timed_birth_available_month_requires_solar_term,candidate_pool_with_time_seed_verify_before_final_match,{'rodden': 'AA'}
881,hf-famous-0881-angelo-mazzone,Angelo Mazzone,https://huggingface.co/datasets/vedastro-org/15000-Famous-People-Birth-Date-Location,public_figure_source_unclassified,,1961-04-03,15:45,timed_public_dataset,,45.464,9.188,+0100,Male,辛丑,gregorian_year_ok,소,,requires_solar_term_engine,丙寅,丙申,computed_from_public_dataset_time,timed_birth_available_month_requires_solar_term,candidate_pool_with_time_seed_verify_before_final_match,{'rodden': 'AA'}
882,hf-famous-0882-angelo-scalzone,Angelo Scalzone,https://huggingface.co/datasets/vedastro-org/15000-Famous-People-Birth-Date-Location,public_figure_source_unclassified,,1931-01-02,03:00,timed_public_dataset,,41.013,14.126,+0100,Male,辛未,needs_ipchun_check,양,,requires_solar_term_engine,丁巳,壬寅,computed_from_public_dataset_time,timed_birth_available_month_requires_solar_term,candidate_pool_with_time_seed_verify_before_final_match,{'rodden': 'AA'}
883,hf-famous-0883-angelo-scola,Angelo Scola,https://huggingface.co/datasets/vedastro-org/15000-Famous-People-Birth-Date-Location,public_figure_source_unclassified,,1941-11-07,01:30,timed_public_dataset,,45.849,9.378,+0200,Male,辛巳,gregorian_year_ok,뱀,,requires_solar_term_engine,己未,乙丑,computed_from_public_dataset_time,timed_birth_available_month_requires_solar_term,candidate_pool_with_time_seed_verify_before_final_match,{'rodden': 'AA'}
884,hf-famous-0884-angelo-turconi,Angelo Turconi,https://huggingface.co/datasets/vedastro-org/15000-Famous-People-Birth-Date-Location,public_figure_source_unclassified,,1923-07-05,15:00,timed_public_dataset,,45.653,8.886,+0100,Male,癸亥,gregorian_year_ok,돼지,,requires_solar_term_engine,己卯,壬申,computed_from_public_dataset_time,timed_birth_available_month_requires_solar_term,candidate_pool_with_time_seed_verify_before_final_match,{'rodden': 'AA'}
885,hf-famous-0885-angie-dickinson,Angie Dickinson,https://huggingface.co/datasets/vedastro-org/15000-Famous-People-Birth-Date-Location,public_figure_source_unclassified,,1931-09-30,18:15,timed_public_dataset,,46.302,-98.952,-0600,Female,辛未,gregorian_year_ok,양,,requires_solar_term_engine,戊子,辛酉,computed_from_public_dataset_time,timed_birth_available_month_requires_solar_term,candidate_pool_with_time_seed_verify_before_final_match,{'rodden': 'AA'}
886,hf-famous-0886-angus-grant,Angus Grant,https://huggingface.co/datasets/vedastro-org/15000-Famous-People-Birth-Date-Location,public_figure_source_unclassified,,1931-09-13,20:30,timed_public_dataset,,55.95,-3.188,+0100,Male,辛未,gregorian_year_ok,양,,requires_solar_term_engine,辛未,戊戌,computed_from_public_dataset_time,timed_birth_available_month_requires_solar_term,candidate_pool_with_time_seed_verify_before_final_match,{'rodden': 'AA'}
887,hf-famous-0887-angus-mackay-mackintosh,Angus Mackay Mackintosh,https://huggingface.co/datasets/vedastro-org/15000-Famous-People-Birth-Date-Location,public_figure_source_unclassified,,1915-07-23,22:00,timed_public_dataset,,57.477,-4.231,+0000,Male,乙卯,gregorian_year_ok,토끼,,requires_solar_term_engine,乙卯,丁亥,computed_from_public_dataset_time,timed_birth_available_month_requires_solar_term,candidate_pool_with_time_seed_verify_before_final_match,{'rodden': 'AA'}
888,hf-famous-0888-angus-young,Angus Young,https://huggingface.co/datasets/vedastro-org/15000-Famous-People-Birth-Date-Location,public_figure_source_unclassified,,1955-03-31,20:10,timed_public_dataset,,55.866,-4.257,+0000,Male,乙未,gregorian_year_ok,양,,requires_solar_term_engine,辛卯,戊戌,computed_from_public_dataset_time,timed_birth_available_month_requires_solar_term,candidate_pool_with_time_seed_verify_before_final_match,{'rodden': 'AA'}
889,hf-famous-0889-ang-le-albrecht,Angèle Albrecht,https://huggingface.co/datasets/vedastro-org/15000-Famous-People-Birth-Date-Location,public_figure_source_unclassified,,1942-12-12,01:45,timed_public_dataset,,47.997,7.854,+0100,Female,壬午,gregorian_year_ok,말,,requires_solar_term_engine,己亥,乙丑,computed_from_public_dataset_time,timed_birth_available_month_requires_solar_term,candidate_pool_with_time_seed_verify_before_final_match,{'rodden': 'AA'}
890,hf-famous-0890-anibal-silva,Anibal Silva,https://huggingface.co/datasets/vedastro-org/15000-Famous-People-Birth-Date-Location,public_figure_source_unclassified,,1939-07-15,08:30,timed_public_dataset,,37.133,-8.159,+0100,Male,己卯,gregorian_year_ok,토끼,,requires_solar_term_engine,癸丑,丙辰,computed_from_public_dataset_time,timed_birth_available_month_requires_solar_term,candidate_pool_with_time_seed_verify_before_final_match,{'rodden': 'AA'}
891,hf-famous-0891-anic-e-alvina,Anicée Alvina,https://huggingface.co/datasets/vedastro-org/15000-Famous-People-Birth-Date-Location,public_figure_source_unclassified,,1953-01-28,19:00,timed_public_dataset,,48.834,2.243,+0100,Female,癸巳,needs_ipchun_check,뱀,,requires_solar_term_engine,己卯,甲戌,computed_from_public_dataset_time,timed_birth_available_month_requires_solar_term,candidate_pool_with_time_seed_verify_before_final_match,{'rodden': 'AA'}
892,hf-famous-0892-anita-bryant,Anita Bryant,https://huggingface.co/datasets/vedastro-org/15000-Famous-People-Birth-Date-Location,public_figure_source_unclassified,,1940-03-25,15:10,timed_public_dataset,,36.562,-96.163,-0600,Female,庚辰,gregorian_year_ok,용,,requires_solar_term_engine,丁卯,戊申,computed_from_public_dataset_time,timed_birth_available_month_requires_solar_term,candidate_pool_with_time_seed_verify_before_final_match,{'rodden': 'AA'}
893,hf-famous-0893-anita-noyes,Anita Noyes,https://huggingface.co/datasets/vedastro-org/15000-Famous-People-Birth-Date-Location,public_figure_source_unclassified,,1959-05-08,11:08,timed_public_dataset,,-32.166,25.617,+0200,Female,己亥,gregorian_year_ok,돼지,,requires_solar_term_engine,庚寅,壬午,computed_from_public_dataset_time,timed_birth_available_month_requires_solar_term,candidate_pool_with_time_seed_verify_before_final_match,{'rodden': 'AA'}
894,hf-famous-0894-anita-o-day,Anita O'Day,https://huggingface.co/datasets/vedastro-org/15000-Famous-People-Birth-Date-Location,public_figure_source_unclassified,,1919-10-18,08:13,timed_public_dataset,,41.883,-87.632,-0500,Female,己未,gregorian_year_ok,양,,requires_solar_term_engine,癸卯,丙辰,computed_from_public_dataset_time,timed_birth_available_month_requires_solar_term,candidate_pool_with_time_seed_verify_before_final_match,{'rodden': 'AA'}
895,hf-famous-0895-anjanette-comer,Anjanette Comer,https://huggingface.co/datasets/vedastro-org/15000-Famous-People-Birth-Date-Location,public_figure_source_unclassified,,1939-08-07,00:45,timed_public_dataset,,31.774,-84.447,-0400,Female,己卯,gregorian_year_ok,토끼,,requires_solar_term_engine,丙子,戊子,computed_from_public_dataset_time,timed_birth_available_month_requires_solar_term,candidate_pool_with_time_seed_verify_before_final_match,{'rodden': 'AA'}
896,hf-famous-0896-anjelica-huston,Anjelica Huston,https://huggingface.co/datasets/vedastro-org/15000-Famous-People-Birth-Date-Location,public_figure_source_unclassified,,1951-07-08,18:29,timed_public_dataset,,34.011,-118.492,-0700,Female,辛卯,gregorian_year_ok,토끼,,requires_solar_term_engine,己酉,癸酉,computed_from_public_dataset_time,timed_birth_available_month_requires_solar_term,candidate_pool_with_time_seed_verify_before_final_match,{'rodden': 'AA'}
897,hf-famous-0897-ann-b-davis,Ann B. Davis,https://huggingface.co/datasets/vedastro-org/15000-Famous-People-Birth-Date-Location,public_figure_source_unclassified,,1926-05-03,06:20,timed_public_dataset,,42.814,-73.944,-0400,Female,丙寅,gregorian_year_ok,호랑이,,requires_solar_term_engine,壬辰,癸卯,computed_from_public_dataset_time,timed_birth_available_month_requires_solar_term,candidate_pool_with_time_seed_verify_before_final_match,{'rodden': 'AA'}
898,hf-famous-0898-ann-curtis,Ann Curtis,https://huggingface.co/datasets/vedastro-org/15000-Famous-People-Birth-Date-Location,public_figure_source_unclassified,,1926-03-06,23:59,timed_public_dataset,,37.78,-122.42,-0800,Female,丙寅,gregorian_year_ok,호랑이,,requires_solar_term_engine,甲午,甲子,computed_from_public_dataset_time,timed_birth_available_month_requires_solar_term,candidate_pool_with_time_seed_verify_before_final_match,{'rodden': 'AA'}
899,hf-famous-0899-ann-dunham,Ann Dunham,https://huggingface.co/datasets/vedastro-org/15000-Famous-People-Birth-Date-Location,public_figure_source_unclassified,,1942-11-29,08:34,timed_public_dataset,,37.917,-97.427,-0500,Female,壬午,gregorian_year_ok,말,,requires_solar_term_engine,丙戌,壬辰,computed_from_public_dataset_time,timed_birth_available_month_requires_solar_term,candidate_pool_with_time_seed_verify_before_final_match,{'rodden': 'AA'}
900,hf-famous-0900-ann-e-parker,Ann E. Parker,https://huggingface.co/datasets/vedastro-org/15000-Famous-People-Birth-Date-Location,public_figure_source_unclassified,,1927-11-18,10:28,timed_public_dataset,,42.052,-87.688,-0600,Female,丁卯,gregorian_year_ok,토끼,,requires_solar_term_engine,丙辰,癸巳,computed_from_public_dataset_time,timed_birth_available_month_requires_solar_term,candidate_pool_with_time_seed_verify_before_final_match,{'rodden': 'AA'}
901,hf-famous-0901-ann-gryboski,Ann Gryboski,https://huggingface.co/datasets/vedastro-org/15000-Famous-People-Birth-Date-Location,public_figure_source_unclassified,,1956-03-01,10:40,timed_public_dataset,,42.365,-71.105,-0500,Female,丙申,gregorian_year_ok,원숭이,,requires_solar_term_engine,丁卯,乙巳,computed_from_public_dataset_time,timed_birth_available_month_requires_solar_term,candidate_pool_with_time_seed_verify_before_final_match,{'rodden': 'AA'}
902,hf-famous-0902-ann-jillian,Ann Jillian,https://huggingface.co/datasets/vedastro-org/15000-Famous-People-Birth-Date-Location,public_figure_source_unclassified,,1950-01-29,14:19,timed_public_dataset,,42.365,-71.105,-0500,Female,庚寅,needs_ipchun_check,호랑이,,requires_solar_term_engine,甲子,辛未,computed_from_public_dataset_time,timed_birth_available_month_requires_solar_term,candidate_pool_with_time_seed_verify_before_final_match,{'rodden': 'AA'}
903,hf-famous-0903-ann-sheridan,Ann Sheridan,https://huggingface.co/datasets/vedastro-org/15000-Famous-People-Birth-Date-Location,public_figure_source_unclassified,,1915-02-21,07:00,timed_public_dataset,,33.216,-97.132,-0600,Female,乙卯,gregorian_year_ok,토끼,,requires_solar_term_engine,癸未,丙辰,computed_from_public_dataset_time,timed_birth_available_month_requires_solar_term,candidate_pool_with_time_seed_verify_before_final_match,{'rodden': 'AA'}
904,hf-famous-0904-ann-sothern,Ann Sothern,https://huggingface.co/datasets/vedastro-org/15000-Famous-People-Birth-Date-Location,public_figure_source_unclassified,,1909-01-22,11:45,timed_public_dataset,,46.923,-98.003,-0600,Female,己酉,needs_ipchun_check,닭,,requires_solar_term_engine,壬午,丙午,computed_from_public_dataset_time,timed_birth_available_month_requires_solar_term,candidate_pool_with_time_seed_verify_before_final_match,{'rodden': 'AA'}
905,hf-famous-0905-ann-souter-gloag,Ann Souter Gloag,https://huggingface.co/datasets/vedastro-org/15000-Famous-People-Birth-Date-Location,public_figure_source_unclassified,,1942-12-10,15:45,timed_public_dataset,,56.395,-3.435,+0100,Female,壬午,gregorian_year_ok,말,,requires_solar_term_engine,丁酉,戊申,computed_from_public_dataset_time,timed_birth_available_month_requires_solar_term,candidate_pool_with_time_seed_verify_before_final_match,{'rodden': 'AA'}
906,hf-famous-0906-ann-stanford,Ann Stanford,https://huggingface.co/datasets/vedastro-org/15000-Famous-People-Birth-Date-Location,public_figure_source_unclassified,,1916-11-25,18:15,timed_public_dataset,,33.932,-117.946,-0800,Female,丙辰,gregorian_year_ok,용,,requires_solar_term_engine,丙寅,丁酉,computed_from_public_dataset_time,timed_birth_available_month_requires_solar_term,candidate_pool_with_time_seed_verify_before_final_match,{'rodden': 'AA'}
907,hf-famous-0907-ann-wedgeworth,Ann Wedgeworth,https://huggingface.co/datasets/vedastro-org/15000-Famous-People-Birth-Date-Location,public_figure_source_unclassified,,1934-01-21,04:30,timed_public_dataset,,32.454,-99.733,-0600,Female,甲戌,needs_ipchun_check,개,,requires_solar_term_engine,壬辰,壬寅,computed_from_public_dataset_time,timed_birth_available_month_requires_solar_term,candidate_pool_with_time_seed_verify_before_final_match,{'rodden': 'AA'}
908,hf-famous-0908-ann-wilson,Ann Wilson,https://huggingface.co/datasets/vedastro-org/15000-Famous-People-Birth-Date-Location,public_figure_source_unclassified,,1950-06-19,17:20,timed_public_dataset,,32.716,-117.164,-0700,Female,庚寅,gregorian_year_ok,호랑이,,requires_solar_term_engine,乙酉,乙酉,computed_from_public_dataset_time,timed_birth_available_month_requires_solar_term,candidate_pool_with_time_seed_verify_before_final_match,{'rodden': 'AA'}
909,hf-famous-0909-anna,Anna,https://huggingface.co/datasets/vedastro-org/15000-Famous-People-Birth-Date-Location,public_figure_source_unclassified,,1940-04-19,04:30,timed_public_dataset,,41.319,16.284,+0100,Female,庚辰,gregorian_year_ok,용,,requires_solar_term_engine,壬辰,壬寅,computed_from_public_dataset_time,timed_birth_available_month_requires_solar_term,candidate_pool_with_time_seed_verify_before_final_match,{'rodden': 'AA'}
910,hf-famous-0910-anna,Anna,https://huggingface.co/datasets/vedastro-org/15000-Famous-People-Birth-Date-Location,public_figure_source_unclassified,,1953-08-15,13:30,timed_public_dataset,,50.199,-66.631,-0400,Female,癸巳,gregorian_year_ok,뱀,,requires_solar_term_engine,戊戌,己未,computed_from_public_dataset_time,timed_birth_available_month_requires_solar_term,candidate_pool_with_time_seed_verify_before_final_match,{'rodden': 'AA'}
911,hf-famous-0911-anna,Anna,https://huggingface.co/datasets/vedastro-org/15000-Famous-People-Birth-Date-Location,public_figure_source_unclassified,,1959-04-12,20:22,timed_public_dataset,,59.994,17.557,+0100,Female,己亥,gregorian_year_ok,돼지,,requires_solar_term_engine,甲子,甲戌,computed_from_public_dataset_time,timed_birth_available_month_requires_solar_term,candidate_pool_with_time_seed_verify_before_final_match,{'rodden': 'AA'}
912,hf-famous-0912-anna-alcott,Anna Alcott,https://huggingface.co/datasets/vedastro-org/15000-Famous-People-Birth-Date-Location,public_figure_source_unclassified,,1831-03-16,23:00,timed_public_dataset,,39.951,-75.166,-0456,Female,辛卯,gregorian_year_ok,토끼,,requires_solar_term_engine,丙戌,戊子,computed_from_public_dataset_time,timed_birth_available_month_requires_solar_term,candidate_pool_with_time_seed_verify_before_final_match,{'rodden': 'AA'}
913,hf-famous-0913-anna-banti,Anna Banti,https://huggingface.co/datasets/vedastro-org/15000-Famous-People-Birth-Date-Location,public_figure_source_unclassified,,1895-06-27,08:30,timed_public_dataset,,43.769,11.257,+0100,Female,乙未,gregorian_year_ok,양,,requires_solar_term_engine,乙巳,庚辰,computed_from_public_dataset_time,timed_birth_available_month_requires_solar_term,candidate_pool_with_time_seed_verify_before_final_match,{'rodden': 'AA'}
914,hf-famous-0914-anna-bonomi,Anna Bonomi,https://huggingface.co/datasets/vedastro-org/15000-Famous-People-Birth-Date-Location,public_figure_source_unclassified,,1910-11-23,06:35,timed_public_dataset,,45.464,9.188,+0100,Female,庚戌,gregorian_year_ok,개,,requires_solar_term_engine,壬辰,癸卯,computed_from_public_dataset_time,timed_birth_available_month_requires_solar_term,candidate_pool_with_time_seed_verify_before_final_match,{'rodden': 'AA'}
915,hf-famous-0915-anna-carlucci,Anna Carlucci,https://huggingface.co/datasets/vedastro-org/15000-Famous-People-Birth-Date-Location,public_figure_source_unclassified,,1961-05-26,07:40,timed_public_dataset,,46.065,13.231,+0100,Female,辛丑,gregorian_year_ok,소,,requires_solar_term_engine,己未,戊辰,computed_from_public_dataset_time,timed_birth_available_month_requires_solar_term,candidate_pool_with_time_seed_verify_before_final_match,{'rodden': 'AA'}
916,hf-famous-0916-anna-kaltschmidt,Anna Kaltschmidt,https://huggingface.co/datasets/vedastro-org/15000-Famous-People-Birth-Date-Location,public_figure_source_unclassified,,1910-07-18,11:00,timed_public_dataset,,49.402,8.68,+0100,Female,庚戌,gregorian_year_ok,개,,requires_solar_term_engine,甲申,庚午,computed_from_public_dataset_time,timed_birth_available_month_requires_solar_term,candidate_pool_with_time_seed_verify_before_final_match,{'rodden': 'AA'}
917,hf-famous-0917-anna-kanakis,Anna Kanakis,https://huggingface.co/datasets/vedastro-org/15000-Famous-People-Birth-Date-Location,public_figure_source_unclassified,,1962-02-01,08:00,timed_public_dataset,,38.192,15.556,+0100,Female,壬寅,needs_ipchun_check,호랑이,,requires_solar_term_engine,庚午,庚辰,computed_from_public_dataset_time,timed_birth_available_month_requires_solar_term,candidate_pool_with_time_seed_verify_before_final_match,{'rodden': 'AA'}
918,hf-famous-0918-anna-langfus,Anna Langfus,https://huggingface.co/datasets/vedastro-org/15000-Famous-People-Birth-Date-Location,public_figure_source_unclassified,,1920-01-02,07:00,timed_public_dataset,,51.247,22.574,+0200,Female,庚申,needs_ipchun_check,원숭이,,requires_solar_term_engine,己未,戊辰,computed_from_public_dataset_time,timed_birth_available_month_requires_solar_term,candidate_pool_with_time_seed_verify_before_final_match,{'rodden': 'AA'}
919,hf-famous-0919-anna-lindh,Anna Lindh,https://huggingface.co/datasets/vedastro-org/15000-Famous-People-Birth-Date-Location,public_figure_source_unclassified,,1957-06-19,22:25,timed_public_dataset,,60.149,15.188,+0100,Female,丁酉,gregorian_year_ok,닭,,requires_solar_term_engine,壬戌,辛亥,computed_from_public_dataset_time,timed_birth_available_month_requires_solar_term,candidate_pool_with_time_seed_verify_before_final_match,{'rodden': 'AA'}
920,hf-famous-0920-anna-magdalena-bach,Anna Magdalena Bach,https://huggingface.co/datasets/vedastro-org/15000-Famous-People-Birth-Date-Location,public_figure_source_unclassified,,1701-09-22,05:30,timed_public_dataset,,51.046,12.142,+0053,Female,辛巳,gregorian_year_ok,뱀,,requires_solar_term_engine,乙亥,己卯,computed_from_public_dataset_time,timed_birth_available_month_requires_solar_term,candidate_pool_with_time_seed_verify_before_final_match,{'rodden': 'AA'}
921,hf-famous-0921-anna-magnani,Anna Magnani,https://huggingface.co/datasets/vedastro-org/15000-Famous-People-Birth-Date-Location,public_figure_source_unclassified,,1908-03-07,13:30,timed_public_dataset,,41.891,12.494,+0100,Female,戊申,gregorian_year_ok,원숭이,,requires_solar_term_engine,辛酉,乙未,computed_from_public_dataset_time,timed_birth_available_month_requires_solar_term,candidate_pool_with_time_seed_verify_before_final_match,{'rodden': 'AA'}
922,hf-famous-0922-anna-maria-ferrero,Anna Maria Ferrero,https://huggingface.co/datasets/vedastro-org/15000-Famous-People-Birth-Date-Location,public_figure_source_unclassified,,1935-02-18,10:10,timed_public_dataset,,41.891,12.494,+0100,Female,乙亥,gregorian_year_ok,돼지,,requires_solar_term_engine,乙丑,辛巳,computed_from_public_dataset_time,timed_birth_available_month_requires_solar_term,candidate_pool_with_time_seed_verify_before_final_match,{'rodden': 'AA'}
923,hf-famous-0923-anna-maria-mussolini,Anna Maria Mussolini,https://huggingface.co/datasets/vedastro-org/15000-Famous-People-Birth-Date-Location,public_figure_source_unclassified,,1929-09-03,13:00,timed_public_dataset,,44.221,12.043,+0100,Female,己巳,gregorian_year_ok,뱀,,requires_solar_term_engine,辛亥,乙未,computed_from_public_dataset_time,timed_birth_available_month_requires_solar_term,candidate_pool_with_time_seed_verify_before_final_match,{'rodden': 'AA'}
924,hf-famous-0924-anna-morrow,Anna Morrow,https://huggingface.co/datasets/vedastro-org/15000-Famous-People-Birth-Date-Location,public_figure_source_unclassified,,1935-10-13,01:15,timed_public_dataset,,39.09,-84.473,-0500,Female,乙亥,gregorian_year_ok,돼지,,requires_solar_term_engine,壬戌,辛丑,computed_from_public_dataset_time,timed_birth_available_month_requires_solar_term,candidate_pool_with_time_seed_verify_before_final_match,{'rodden': 'AA'}
925,hf-famous-0925-anna-murdoch,Anna Murdoch,https://huggingface.co/datasets/vedastro-org/15000-Famous-People-Birth-Date-Location,public_figure_source_unclassified,,1944-06-30,08:40,timed_public_dataset,,56.154,-3.946,+0200,Female,甲申,gregorian_year_ok,원숭이,,requires_solar_term_engine,乙丑,庚辰,computed_from_public_dataset_time,timed_birth_available_month_requires_solar_term,candidate_pool_with_time_seed_verify_before_final_match,{'rodden': 'AA'}
926,hf-famous-0926-anna-salvatore,Anna Salvatore,https://huggingface.co/datasets/vedastro-org/15000-Famous-People-Birth-Date-Location,public_figure_source_unclassified,,1923-04-29,01:00,timed_public_dataset,,41.891,12.494,+0100,Female,癸亥,gregorian_year_ok,돼지,,requires_solar_term_engine,壬申,辛丑,computed_from_public_dataset_time,timed_birth_available_month_requires_solar_term,candidate_pool_with_time_seed_verify_before_final_match,{'rodden': 'AA'}
927,hf-famous-0927-anna-schieber,Anna Schieber,https://huggingface.co/datasets/vedastro-org/15000-Famous-People-Birth-Date-Location,public_figure_source_unclassified,,1867-12-12,05:00,timed_public_dataset,,48.741,9.308,+0053,Female,丁卯,gregorian_year_ok,토끼,,requires_solar_term_engine,丙寅,辛卯,computed_from_public_dataset_time,timed_birth_available_month_requires_solar_term,candidate_pool_with_time_seed_verify_before_final_match,{'rodden': 'AA'}
928,hf-famous-0928-anna-siemsen,Anna Siemsen,https://huggingface.co/datasets/vedastro-org/15000-Famous-People-Birth-Date-Location,public_figure_source_unclassified,,1882-01-18,17:30,timed_public_dataset,,51.458,7.014,+0053,Female,壬午,needs_ipchun_check,말,,requires_solar_term_engine,丁巳,己酉,computed_from_public_dataset_time,timed_birth_available_month_requires_solar_term,candidate_pool_with_time_seed_verify_before_final_match,{'rodden': 'AA'}
929,hf-famous-0929-anna-zugno,Anna Zugno,https://huggingface.co/datasets/vedastro-org/15000-Famous-People-Birth-Date-Location,public_figure_source_unclassified,,1984-04-30,05:40,timed_public_dataset,,45.688,10.186,+0200,Female,甲子,gregorian_year_ok,쥐,,requires_solar_term_engine,甲午,丁卯,computed_from_public_dataset_time,timed_birth_available_month_requires_solar_term,candidate_pool_with_time_seed_verify_before_final_match,{'rodden': 'AA'}
930,hf-famous-0930-annabella,Annabella,https://huggingface.co/datasets/vedastro-org/15000-Famous-People-Birth-Date-Location,public_figure_source_unclassified,,1907-07-14,06:30,timed_public_dataset,,48.857,2.351,+0009,Female,丁未,gregorian_year_ok,양,,requires_solar_term_engine,甲子,丁卯,computed_from_public_dataset_time,timed_birth_available_month_requires_solar_term,candidate_pool_with_time_seed_verify_before_final_match,{'rodden': 'AA'}
931,hf-famous-0931-annabella-incontrera,Annabella Incontrera,https://huggingface.co/datasets/vedastro-org/15000-Famous-People-Birth-Date-Location,public_figure_source_unclassified,,1943-06-11,03:20,timed_public_dataset,,45.464,9.188,+0200,Female,癸未,gregorian_year_ok,양,,requires_solar_term_engine,庚子,戊寅,computed_from_public_dataset_time,timed_birth_available_month_requires_solar_term,candidate_pool_with_time_seed_verify_before_final_match,{'rodden': 'AA'}
932,hf-famous-0932-anna-de-noailles,Anna de Noailles,https://huggingface.co/datasets/vedastro-org/15000-Famous-People-Birth-Date-Location,public_figure_source_unclassified,,1876-11-15,08:00,timed_public_dataset,,48.857,2.351,+0009,Female,丙子,gregorian_year_ok,쥐,,requires_solar_term_engine,丁亥,甲辰,computed_from_public_dataset_time,timed_birth_available_month_requires_solar_term,candidate_pool_with_time_seed_verify_before_final_match,{'rodden': 'AA'}
933,hf-famous-0933-annagemma-angelini,Annagemma Angelini,https://huggingface.co/datasets/vedastro-org/15000-Famous-People-Birth-Date-Location,public_figure_source_unclassified,,1933-12-30,17:50,timed_public_dataset,,45.752,11.557,+0100,Female,癸酉,gregorian_year_ok,닭,,requires_solar_term_engine,庚午,乙酉,computed_from_public_dataset_time,timed_birth_available_month_requires_solar_term,candidate_pool_with_time_seed_verify_before_final_match,{'rodden': 'AA'}
934,hf-famous-0934-annalisa-minetti,Annalisa Minetti,https://huggingface.co/datasets/vedastro-org/15000-Famous-People-Birth-Date-Location,public_figure_source_unclassified,,1976-12-27,17:50,timed_public_dataset,,45.53,9.038,+0100,Female,丙辰,gregorian_year_ok,용,,requires_solar_term_engine,癸丑,辛酉,computed_from_public_dataset_time,timed_birth_available_month_requires_solar_term,candidate_pool_with_time_seed_verify_before_final_match,{'rodden': 'AA'}
935,hf-famous-0935-annamaria-gambineri,Annamaria Gambineri,https://huggingface.co/datasets/vedastro-org/15000-Famous-People-Birth-Date-Location,public_figure_source_unclassified,,1936-03-22,07:20,timed_public_dataset,,41.891,12.494,+0100,Female,丙子,gregorian_year_ok,쥐,,requires_solar_term_engine,癸卯,丙辰,computed_from_public_dataset_time,timed_birth_available_month_requires_solar_term,candidate_pool_with_time_seed_verify_before_final_match,{'rodden': 'AA'}
936,hf-famous-0936-anne,Anne,https://huggingface.co/datasets/vedastro-org/15000-Famous-People-Birth-Date-Location,public_figure_source_unclassified,,1961-12-05,12:15,timed_public_dataset,,42.702,2.894,+0100,Female,辛丑,gregorian_year_ok,소,,requires_solar_term_engine,壬申,丙午,computed_from_public_dataset_time,timed_birth_available_month_requires_solar_term,candidate_pool_with_time_seed_verify_before_final_match,{'rodden': 'AA'}
937,hf-famous-0937-anne,Anne,https://huggingface.co/datasets/vedastro-org/15000-Famous-People-Birth-Date-Location,public_figure_source_unclassified,,1965-02-14,14:25,timed_public_dataset,,48.857,2.351,+0100,Female,乙巳,gregorian_year_ok,뱀,,requires_solar_term_engine,己亥,辛未,computed_from_public_dataset_time,timed_birth_available_month_requires_solar_term,candidate_pool_with_time_seed_verify_before_final_match,{'rodden': 'AA'}
938,hf-famous-0938-anne,Anne,https://huggingface.co/datasets/vedastro-org/15000-Famous-People-Birth-Date-Location,public_figure_source_unclassified,,1986-02-12,06:50,timed_public_dataset,,-17.537,-149.566,-1000,Female,丙寅,gregorian_year_ok,호랑이,,requires_solar_term_engine,丁亥,癸卯,computed_from_public_dataset_time,timed_birth_available_month_requires_solar_term,candidate_pool_with_time_seed_verify_before_final_match,{'rodden': 'AA'}
939,hf-famous-0939-anne-alassane,Anne Alassane,https://huggingface.co/datasets/vedastro-org/15000-Famous-People-Birth-Date-Location,public_figure_source_unclassified,,1976-05-06,21:00,timed_public_dataset,,43.604,1.445,+0200,Female,丙辰,gregorian_year_ok,용,,requires_solar_term_engine,戊午,癸亥,computed_from_public_dataset_time,timed_birth_available_month_requires_solar_term,candidate_pool_with_time_seed_verify_before_final_match,{'rodden': 'AA'}
940,hf-famous-0940-anne-archer,Anne Archer,https://huggingface.co/datasets/vedastro-org/15000-Famous-People-Birth-Date-Location,public_figure_source_unclassified,,1947-08-24,01:35,timed_public_dataset,,34.052,-118.243,-0800,Female,丁亥,gregorian_year_ok,돼지,,requires_solar_term_engine,乙亥,丁丑,computed_from_public_dataset_time,timed_birth_available_month_requires_solar_term,candidate_pool_with_time_seed_verify_before_final_match,{'rodden': 'AA'}
941,hf-famous-0941-anne-barbault,Anne Barbault,https://huggingface.co/datasets/vedastro-org/15000-Famous-People-Birth-Date-Location,public_figure_source_unclassified,,1952-01-16,01:15,timed_public_dataset,,48.857,2.351,+0100,Female,壬辰,needs_ipchun_check,용,,requires_solar_term_engine,辛酉,己丑,computed_from_public_dataset_time,timed_birth_available_month_requires_solar_term,candidate_pool_with_time_seed_verify_before_final_match,{'rodden': 'AA'}
942,hf-famous-0942-anne-baxter,Anne Baxter,https://huggingface.co/datasets/vedastro-org/15000-Famous-People-Birth-Date-Location,public_figure_source_unclassified,,1923-05-07,18:00,timed_public_dataset,,41.719,-86.901,-0500,Female,癸亥,gregorian_year_ok,돼지,,requires_solar_term_engine,庚辰,乙酉,computed_from_public_dataset_time,timed_birth_available_month_requires_solar_term,candidate_pool_with_time_seed_verify_before_final_match,{'rodden': 'AA'}
943,hf-famous-0943-anne-briand,Anne Briand,https://huggingface.co/datasets/vedastro-org/15000-Famous-People-Birth-Date-Location,public_figure_source_unclassified,,1968-06-02,09:35,timed_public_dataset,,47.75,7.34,+0100,Female,戊申,gregorian_year_ok,원숭이,,requires_solar_term_engine,癸卯,丁巳,computed_from_public_dataset_time,timed_birth_available_month_requires_solar_term,candidate_pool_with_time_seed_verify_before_final_match,{'rodden': 'AA'}
944,hf-famous-0944-anne-brochet,Anne Brochet,https://huggingface.co/datasets/vedastro-org/15000-Famous-People-Birth-Date-Location,public_figure_source_unclassified,,1966-11-22,22:35,timed_public_dataset,,49.894,2.294,+0100,Female,丙午,gregorian_year_ok,말,,requires_solar_term_engine,乙酉,丁亥,computed_from_public_dataset_time,timed_birth_available_month_requires_solar_term,candidate_pool_with_time_seed_verify_before_final_match,{'rodden': 'AA'}
945,hf-famous-0945-anne-christine-de-buyl,Anne Christine de Buyl,https://huggingface.co/datasets/vedastro-org/15000-Famous-People-Birth-Date-Location,public_figure_source_unclassified,,1947-12-02,00:20,timed_public_dataset,,50.828,4.372,+0100,Female,丁亥,gregorian_year_ok,돼지,,requires_solar_term_engine,乙卯,丙子,computed_from_public_dataset_time,timed_birth_available_month_requires_solar_term,candidate_pool_with_time_seed_verify_before_final_match,{'rodden': 'AA'}
946,hf-famous-0946-anne-dechauffour,Anne Dechauffour,https://huggingface.co/datasets/vedastro-org/15000-Famous-People-Birth-Date-Location,public_figure_source_unclassified,,1985-10-31,07:35,timed_public_dataset,,43.703,7.266,+0100,Female,乙丑,gregorian_year_ok,소,,requires_solar_term_engine,癸卯,丙辰,computed_from_public_dataset_time,timed_birth_available_month_requires_solar_term,candidate_pool_with_time_seed_verify_before_final_match,{'rodden': 'AA'}
947,hf-famous-0947-anne-doat,Anne Doat,https://huggingface.co/datasets/vedastro-org/15000-Famous-People-Birth-Date-Location,public_figure_source_unclassified,,1936-09-16,07:00,timed_public_dataset,,48.884,2.273,+0100,Female,丙子,gregorian_year_ok,쥐,,requires_solar_term_engine,辛丑,壬辰,computed_from_public_dataset_time,timed_birth_available_month_requires_solar_term,candidate_pool_with_time_seed_verify_before_final_match,{'rodden': 'AA'}
948,hf-famous-0948-anne-dudek,Anne Dudek,https://huggingface.co/datasets/vedastro-org/15000-Famous-People-Birth-Date-Location,public_figure_source_unclassified,,1975-03-22,16:33,timed_public_dataset,,42.359,-71.059,-0400,Female,乙卯,gregorian_year_ok,토끼,,requires_solar_term_engine,丁卯,戊申,computed_from_public_dataset_time,timed_birth_available_month_requires_solar_term,candidate_pool_with_time_seed_verify_before_final_match,{'rodden': 'AA'}
949,hf-famous-0949-anne-finucane,Anne Finucane,https://huggingface.co/datasets/vedastro-org/15000-Famous-People-Birth-Date-Location,public_figure_source_unclassified,,1952-07-18,08:55,timed_public_dataset,,42.359,-71.059,-0400,Female,壬辰,gregorian_year_ok,용,,requires_solar_term_engine,乙丑,庚辰,computed_from_public_dataset_time,timed_birth_available_month_requires_solar_term,candidate_pool_with_time_seed_verify_before_final_match,{'rodden': 'AA'}
950,hf-famous-0950-anne-focan,Anne Focan,https://huggingface.co/datasets/vedastro-org/15000-Famous-People-Birth-Date-Location,public_figure_source_unclassified,,1961-11-18,16:20,timed_public_dataset,,50.465,4.865,+0100,Female,辛丑,gregorian_year_ok,소,,requires_solar_term_engine,乙卯,甲申,computed_from_public_dataset_time,timed_birth_available_month_requires_solar_term,candidate_pool_with_time_seed_verify_before_final_match,{'rodden': 'AA'}
951,hf-famous-0951-anne-francis,Anne Francis,https://huggingface.co/datasets/vedastro-org/15000-Famous-People-Birth-Date-Location,public_figure_source_unclassified,,1930-09-16,09:15,timed_public_dataset,,41.161,-73.861,-0400,Female,庚午,gregorian_year_ok,말,,requires_solar_term_engine,己巳,己巳,computed_from_public_dataset_time,timed_birth_available_month_requires_solar_term,candidate_pool_with_time_seed_verify_before_final_match,{'rodden': 'AA'}
952,hf-famous-0952-anne-frank,Anne Frank,https://huggingface.co/datasets/vedastro-org/15000-Famous-People-Birth-Date-Location,public_figure_source_unclassified,,1929-06-12,07:30,timed_public_dataset,,50.111,8.679,+0100,Female,己巳,gregorian_year_ok,뱀,,requires_solar_term_engine,戊子,丙辰,computed_from_public_dataset_time,timed_birth_available_month_requires_solar_term,candidate_pool_with_time_seed_verify_before_final_match,{'rodden': 'AA'}
953,hf-famous-0953-anne-gavroin,Anne Gavroin,https://huggingface.co/datasets/vedastro-org/15000-Famous-People-Birth-Date-Location,public_figure_source_unclassified,,1965-11-04,08:55,timed_public_dataset,,44.017,1.359,+0100,Female,乙巳,gregorian_year_ok,뱀,,requires_solar_term_engine,壬戌,甲辰,computed_from_public_dataset_time,timed_birth_available_month_requires_solar_term,candidate_pool_with_time_seed_verify_before_final_match,{'rodden': 'AA'}
954,hf-famous-0954-anne-heche,Anne Heche,https://huggingface.co/datasets/vedastro-org/15000-Famous-People-Birth-Date-Location,public_figure_source_unclassified,,1969-05-25,16:51,timed_public_dataset,,41.52,-81.556,-0400,Female,己酉,gregorian_year_ok,닭,,requires_solar_term_engine,庚子,甲申,computed_from_public_dataset_time,timed_birth_available_month_requires_solar_term,candidate_pool_with_time_seed_verify_before_final_match,{'rodden': 'AA'}
955,hf-famous-0955-anne-h-nninen,Anne Hänninen,https://huggingface.co/datasets/vedastro-org/15000-Famous-People-Birth-Date-Location,public_figure_source_unclassified,,1958-02-07,23:30,timed_public_dataset,,62.243,25.748,+0200,Female,戊戌,gregorian_year_ok,개,,requires_solar_term_engine,乙卯,丙子,computed_from_public_dataset_time,timed_birth_available_month_requires_solar_term,candidate_pool_with_time_seed_verify_before_final_match,{'rodden': 'AA'}
956,hf-famous-0956-anne-jeffreys,Anne Jeffreys,https://huggingface.co/datasets/vedastro-org/15000-Famous-People-Birth-Date-Location,public_figure_source_unclassified,,1923-01-26,14:15,timed_public_dataset,,35.387,-77.999,-0500,Female,癸亥,needs_ipchun_check,돼지,,requires_solar_term_engine,己亥,辛未,computed_from_public_dataset_time,timed_birth_available_month_requires_solar_term,candidate_pool_with_time_seed_verify_before_final_match,{'rodden': 'AA'}
957,hf-famous-0957-anne-lauvergeon,Anne Lauvergeon,https://huggingface.co/datasets/vedastro-org/15000-Famous-People-Birth-Date-Location,public_figure_source_unclassified,,1959-08-02,06:00,timed_public_dataset,,47.327,5.044,+0100,Female,己亥,gregorian_year_ok,돼지,,requires_solar_term_engine,丙辰,辛卯,computed_from_public_dataset_time,timed_birth_available_month_requires_solar_term,candidate_pool_with_time_seed_verify_before_final_match,{'rodden': 'AA'}
958,hf-famous-0958-anne-marie-carriere,Anne Marie Carriere,https://huggingface.co/datasets/vedastro-org/15000-Famous-People-Birth-Date-Location,public_figure_source_unclassified,,1925-01-16,16:30,timed_public_dataset,,48.857,2.351,+0000,Female,乙丑,needs_ipchun_check,소,,requires_solar_term_engine,庚子,甲申,computed_from_public_dataset_time,timed_birth_available_month_requires_solar_term,candidate_pool_with_time_seed_verify_before_final_match,{'rodden': 'AA'}
959,hf-famous-0959-anne-marie-romand,Anne Marie Romand,https://huggingface.co/datasets/vedastro-org/15000-Famous-People-Birth-Date-Location,public_figure_source_unclassified,,1923-12-20,09:00,timed_public_dataset,,46.7,5.729,+0000,Female,癸亥,gregorian_year_ok,돼지,,requires_solar_term_engine,丁卯,乙巳,computed_from_public_dataset_time,timed_birth_available_month_requires_solar_term,candidate_pool_with_time_seed_verify_before_final_match,{'rodden': 'AA'}
960,hf-famous-0960-anne-mccaffrey,Anne McCaffrey,https://huggingface.co/datasets/vedastro-org/15000-Famous-People-Birth-Date-Location,public_figure_source_unclassified,,1926-04-01,13:30,timed_public_dataset,,42.365,-71.105,-0500,Female,丙寅,gregorian_year_ok,호랑이,,requires_solar_term_engine,庚申,癸未,computed_from_public_dataset_time,timed_birth_available_month_requires_solar_term,candidate_pool_with_time_seed_verify_before_final_match,{'rodden': 'AA'}
961,hf-famous-0961-anne-mcdermott,Anne McDermott,https://huggingface.co/datasets/vedastro-org/15000-Famous-People-Birth-Date-Location,public_figure_source_unclassified,,1955-01-07,00:58,timed_public_dataset,,39.104,-84.514,-0500,Female,乙未,needs_ipchun_check,양,,requires_solar_term_engine,戊辰,壬子,computed_from_public_dataset_time,timed_birth_available_month_requires_solar_term,candidate_pool_with_time_seed_verify_before_final_match,{'rodden': 'AA'}
962,hf-famous-0962-anne-osmont,Anne Osmont,https://huggingface.co/datasets/vedastro-org/15000-Famous-People-Birth-Date-Location,public_figure_source_unclassified,,1872-08-02,16:00,timed_public_dataset,,43.604,1.445,+0009,Female,壬申,gregorian_year_ok,원숭이,,requires_solar_term_engine,辛巳,丙申,computed_from_public_dataset_time,timed_birth_available_month_requires_solar_term,candidate_pool_with_time_seed_verify_before_final_match,{'rodden': 'AA'}
963,hf-famous-0963-anne-parillaud,Anne Parillaud,https://huggingface.co/datasets/vedastro-org/15000-Famous-People-Birth-Date-Location,public_figure_source_unclassified,,1960-05-06,20:15,timed_public_dataset,,48.857,2.351,+0100,Female,庚子,gregorian_year_ok,쥐,,requires_solar_term_engine,甲午,甲戌,computed_from_public_dataset_time,timed_birth_available_month_requires_solar_term,candidate_pool_with_time_seed_verify_before_final_match,{'rodden': 'AA'}
964,hf-famous-0964-anne-queff-lec,Anne Queffélec,https://huggingface.co/datasets/vedastro-org/15000-Famous-People-Birth-Date-Location,public_figure_source_unclassified,,1948-01-17,08:00,timed_public_dataset,,48.857,2.351,+0100,Female,戊子,needs_ipchun_check,쥐,,requires_solar_term_engine,辛丑,壬辰,computed_from_public_dataset_time,timed_birth_available_month_requires_solar_term,candidate_pool_with_time_seed_verify_before_final_match,{'rodden': 'AA'}
965,hf-famous-0965-anne-roumanoff,Anne Roumanoff,https://huggingface.co/datasets/vedastro-org/15000-Famous-People-Birth-Date-Location,public_figure_source_unclassified,,1965-09-25,05:50,timed_public_dataset,,48.857,2.351,+0100,Female,乙巳,gregorian_year_ok,뱀,,requires_solar_term_engine,壬午,癸卯,computed_from_public_dataset_time,timed_birth_available_month_requires_solar_term,candidate_pool_with_time_seed_verify_before_final_match,{'rodden': 'AA'}
966,hf-famous-0966-anne-sinclair,Anne Sinclair,https://huggingface.co/datasets/vedastro-org/15000-Famous-People-Birth-Date-Location,public_figure_source_unclassified,,1948-07-15,16:30,timed_public_dataset,,40.713,-74.007,-0400,Female,戊子,gregorian_year_ok,쥐,,requires_solar_term_engine,辛丑,丙申,computed_from_public_dataset_time,timed_birth_available_month_requires_solar_term,candidate_pool_with_time_seed_verify_before_final_match,{'rodden': 'AA'}
967,hf-famous-0967-anne-tyler,Anne Tyler,https://huggingface.co/datasets/vedastro-org/15000-Famous-People-Birth-Date-Location,public_figure_source_unclassified,,1941-10-25,23:31,timed_public_dataset,,44.977,-93.264,-0600,Female,辛巳,gregorian_year_ok,뱀,,requires_solar_term_engine,丙午,戊子,computed_from_public_dataset_time,timed_birth_available_month_requires_solar_term,candidate_pool_with_time_seed_verify_before_final_match,{'rodden': 'AA'}
968,hf-famous-0968-anne-van-hout,Anne Van Hout,https://huggingface.co/datasets/vedastro-org/15000-Famous-People-Birth-Date-Location,public_figure_source_unclassified,,1944-04-16,06:00,timed_public_dataset,,50.828,4.372,+0200,Female,甲申,gregorian_year_ok,원숭이,,requires_solar_term_engine,庚戌,己卯,computed_from_public_dataset_time,timed_birth_available_month_requires_solar_term,candidate_pool_with_time_seed_verify_before_final_match,{'rodden': 'AA'}
969,hf-famous-0969-anne-waldman,Anne Waldman,https://huggingface.co/datasets/vedastro-org/15000-Famous-People-Birth-Date-Location,public_figure_source_unclassified,,2000-01-01,00:00,timed_public_dataset,,4.59,101.0,+0800,Female,庚辰,needs_ipchun_check,용,,requires_solar_term_engine,戊午,壬子,computed_from_public_dataset_time,timed_birth_available_month_requires_solar_term,candidate_pool_with_time_seed_verify_before_final_match,{'rodden': 'AA'}
970,hf-famous-0970-anne-zamberlan,Anne Zamberlan,https://huggingface.co/datasets/vedastro-org/15000-Famous-People-Birth-Date-Location,public_figure_source_unclassified,,1950-07-11,09:00,timed_public_dataset,,43.213,2.356,+0100,Female,庚寅,gregorian_year_ok,호랑이,,requires_solar_term_engine,丁未,乙巳,computed_from_public_dataset_time,timed_birth_available_month_requires_solar_term,candidate_pool_with_time_seed_verify_before_final_match,{'rodden': 'AA'}
971,hf-famous-0971-anne-zee-burrell,Anne Zee Burrell,https://huggingface.co/datasets/vedastro-org/15000-Famous-People-Birth-Date-Location,public_figure_source_unclassified,,1991-02-15,21:22,timed_public_dataset,,42.426,-71.074,-0500,Female,辛未,gregorian_year_ok,양,,requires_solar_term_engine,丙辰,己亥,computed_from_public_dataset_time,timed_birth_available_month_requires_solar_term,candidate_pool_with_time_seed_verify_before_final_match,{'rodden': 'AA'}
972,hf-famous-0972-anne-de-baetzelier,Anne de Baetzelier,https://huggingface.co/datasets/vedastro-org/15000-Famous-People-Birth-Date-Location,public_figure_source_unclassified,,1964-08-15,13:45,timed_public_dataset,,51.054,3.722,+0100,Female,甲辰,gregorian_year_ok,용,,requires_solar_term_engine,丙申,乙未,computed_from_public_dataset_time,timed_birth_available_month_requires_solar_term,candidate_pool_with_time_seed_verify_before_final_match,{'rodden': 'AA'}
973,hf-famous-0973-annelies-bredael,Annelies Bredael,https://huggingface.co/datasets/vedastro-org/15000-Famous-People-Birth-Date-Location,public_figure_source_unclassified,,1965-06-15,19:00,timed_public_dataset,,51.061,4.36,+0100,Female,乙巳,gregorian_year_ok,뱀,,requires_solar_term_engine,庚子,丙戌,computed_from_public_dataset_time,timed_birth_available_month_requires_solar_term,candidate_pool_with_time_seed_verify_before_final_match,{'rodden': 'AA'}
974,hf-famous-0974-anneliese-maier,Anneliese Maier,https://huggingface.co/datasets/vedastro-org/15000-Famous-People-Birth-Date-Location,public_figure_source_unclassified,,1905-11-17,15:00,timed_public_dataset,,48.523,9.052,+0100,Female,乙巳,gregorian_year_ok,뱀,,requires_solar_term_engine,庚申,甲申,computed_from_public_dataset_time,timed_birth_available_month_requires_solar_term,candidate_pool_with_time_seed_verify_before_final_match,{'rodden': 'AA'}
975,hf-famous-0975-annemarie-schwarzenbach,Annemarie Schwarzenbach,https://huggingface.co/datasets/vedastro-org/15000-Famous-People-Birth-Date-Location,public_figure_source_unclassified,,1908-05-23,17:40,timed_public_dataset,,47.388,8.527,+0100,Female,戊申,gregorian_year_ok,원숭이,,requires_solar_term_engine,戊寅,辛酉,computed_from_public_dataset_time,timed_birth_available_month_requires_solar_term,candidate_pool_with_time_seed_verify_before_final_match,{'rodden': 'AA'}
976,hf-famous-0976-annette-anouchka-gayou,Annette 'Anouchka' Gayou,https://huggingface.co/datasets/vedastro-org/15000-Famous-People-Birth-Date-Location,public_figure_source_unclassified,,1950-06-03,08:40,timed_public_dataset,,48.209,16.373,+0100,Female,庚寅,gregorian_year_ok,호랑이,,requires_solar_term_engine,己巳,戊辰,computed_from_public_dataset_time,timed_birth_available_month_requires_solar_term,candidate_pool_with_time_seed_verify_before_final_match,{'rodden': 'AA'}
977,hf-famous-0977-annette-crosbie,Annette Crosbie,https://huggingface.co/datasets/vedastro-org/15000-Famous-People-Birth-Date-Location,public_figure_source_unclassified,,1934-02-12,05:10,timed_public_dataset,,55.841,-3.048,+0000,Female,甲戌,gregorian_year_ok,개,,requires_solar_term_engine,甲寅,丁卯,computed_from_public_dataset_time,timed_birth_available_month_requires_solar_term,candidate_pool_with_time_seed_verify_before_final_match,{'rodden': 'AA'}
978,hf-famous-0978-annette-funicello,Annette Funicello,https://huggingface.co/datasets/vedastro-org/15000-Famous-People-Birth-Date-Location,public_figure_source_unclassified,,1942-10-22,22:10,timed_public_dataset,,43.102,-75.23,-0400,Female,壬午,gregorian_year_ok,말,,requires_solar_term_engine,戊申,癸亥,computed_from_public_dataset_time,timed_birth_available_month_requires_solar_term,candidate_pool_with_time_seed_verify_before_final_match,{'rodden': 'AA'}
979,hf-famous-0979-annette-kolb,Annette Kolb,https://huggingface.co/datasets/vedastro-org/15000-Famous-People-Birth-Date-Location,public_figure_source_unclassified,,1870-02-03,07:00,timed_public_dataset,,48.139,11.58,+0053,Female,庚午,needs_ipchun_check,말,,requires_solar_term_engine,庚午,庚辰,computed_from_public_dataset_time,timed_birth_available_month_requires_solar_term,candidate_pool_with_time_seed_verify_before_final_match,{'rodden': 'AA'}
980,hf-famous-0980-annette-sergent,Annette Sergent,https://huggingface.co/datasets/vedastro-org/15000-Famous-People-Birth-Date-Location,public_figure_source_unclassified,,1962-11-17,19:30,timed_public_dataset,,45.567,5.921,+0100,Female,壬寅,gregorian_year_ok,호랑이,,requires_solar_term_engine,己未,甲戌,computed_from_public_dataset_time,timed_birth_available_month_requires_solar_term,candidate_pool_with_time_seed_verify_before_final_match,{'rodden': 'AA'}
981,hf-famous-0981-annick-beauchamps,Annick Beauchamps,https://huggingface.co/datasets/vedastro-org/15000-Famous-People-Birth-Date-Location,public_figure_source_unclassified,,1940-06-17,16:50,timed_public_dataset,,44.796,-0.428,+0200,Female,庚辰,gregorian_year_ok,용,,requires_solar_term_engine,辛卯,丙申,computed_from_public_dataset_time,timed_birth_available_month_requires_solar_term,candidate_pool_with_time_seed_verify_before_final_match,{'rodden': 'AA'}
982,hf-famous-0982-annie-cordy,Annie Cordy,https://huggingface.co/datasets/vedastro-org/15000-Famous-People-Birth-Date-Location,public_figure_source_unclassified,,1928-06-16,22:00,timed_public_dataset,,50.846,4.356,+0100,Female,戊辰,gregorian_year_ok,용,,requires_solar_term_engine,丁亥,辛亥,computed_from_public_dataset_time,timed_birth_available_month_requires_solar_term,candidate_pool_with_time_seed_verify_before_final_match,{'rodden': 'AA'}
983,hf-famous-0983-annie-ducaux,Annie Ducaux,https://huggingface.co/datasets/vedastro-org/15000-Famous-People-Birth-Date-Location,public_figure_source_unclassified,,1908-09-10,23:00,timed_public_dataset,,47.241,6.026,+0009,Female,戊申,gregorian_year_ok,원숭이,,requires_solar_term_engine,戊辰,壬子,computed_from_public_dataset_time,timed_birth_available_month_requires_solar_term,candidate_pool_with_time_seed_verify_before_final_match,{'rodden': 'AA'}
984,hf-famous-0984-annie-fratellini,Annie Fratellini,https://huggingface.co/datasets/vedastro-org/15000-Famous-People-Birth-Date-Location,public_figure_source_unclassified,,1932-11-14,01:00,timed_public_dataset,,36.772,3.052,+0000,Female,壬申,gregorian_year_ok,원숭이,,requires_solar_term_engine,己卯,乙丑,computed_from_public_dataset_time,timed_birth_available_month_requires_solar_term,candidate_pool_with_time_seed_verify_before_final_match,{'rodden': 'AA'}
985,hf-famous-0985-annie-girardot,Annie Girardot,https://huggingface.co/datasets/vedastro-org/15000-Famous-People-Birth-Date-Location,public_figure_source_unclassified,,1931-10-25,02:20,timed_public_dataset,,48.857,2.351,+0000,Female,辛未,gregorian_year_ok,양,,requires_solar_term_engine,癸丑,癸丑,computed_from_public_dataset_time,timed_birth_available_month_requires_solar_term,candidate_pool_with_time_seed_verify_before_final_match,{'rodden': 'AA'}
986,hf-famous-0986-annie-herm-s,Annie Hermès,https://huggingface.co/datasets/vedastro-org/15000-Famous-People-Birth-Date-Location,public_figure_source_unclassified,,1906-09-16,01:30,timed_public_dataset,,52.224,5.171,+0000,Female,丙午,gregorian_year_ok,말,,requires_solar_term_engine,癸亥,癸丑,computed_from_public_dataset_time,timed_birth_available_month_requires_solar_term,candidate_pool_with_time_seed_verify_before_final_match,{'rodden': 'AA'}
987,hf-famous-0987-annie-lennox,Annie Lennox,https://huggingface.co/datasets/vedastro-org/15000-Famous-People-Birth-Date-Location,public_figure_source_unclassified,,1954-12-25,23:10,timed_public_dataset,,57.147,-2.095,+0000,Female,甲午,gregorian_year_ok,말,,requires_solar_term_engine,乙卯,丙子,computed_from_public_dataset_time,timed_birth_available_month_requires_solar_term,candidate_pool_with_time_seed_verify_before_final_match,{'rodden': 'AA'}
988,hf-famous-0988-annie-schmidt,Annie Schmidt,https://huggingface.co/datasets/vedastro-org/15000-Famous-People-Birth-Date-Location,public_figure_source_unclassified,,1911-05-20,09:30,timed_public_dataset,,51.486,3.959,+0000,Female,辛亥,gregorian_year_ok,돼지,,requires_solar_term_engine,庚寅,辛巳,computed_from_public_dataset_time,timed_birth_available_month_requires_solar_term,candidate_pool_with_time_seed_verify_before_final_match,{'rodden': 'AA'}
989,hf-famous-0989-annie-soudin,Annie Soudin,https://huggingface.co/datasets/vedastro-org/15000-Famous-People-Birth-Date-Location,public_figure_source_unclassified,,1957-02-11,19:40,timed_public_dataset,,49.257,4.033,+0100,Female,丁酉,gregorian_year_ok,닭,,requires_solar_term_engine,甲寅,甲戌,computed_from_public_dataset_time,timed_birth_available_month_requires_solar_term,candidate_pool_with_time_seed_verify_before_final_match,{'rodden': 'AA'}
990,hf-famous-0990-annie-sprinkle,Annie Sprinkle,https://huggingface.co/datasets/vedastro-org/15000-Famous-People-Birth-Date-Location,public_figure_source_unclassified,,1954-07-23,11:34,timed_public_dataset,,39.951,-75.166,-0400,Female,甲午,gregorian_year_ok,말,,requires_solar_term_engine,庚辰,壬午,computed_from_public_dataset_time,timed_birth_available_month_requires_solar_term,candidate_pool_with_time_seed_verify_before_final_match,{'rodden': 'AA'}
991,hf-famous-0991-annise-parker,Annise Parker,https://huggingface.co/datasets/vedastro-org/15000-Famous-People-Birth-Date-Location,public_figure_source_unclassified,,1956-05-17,12:04,timed_public_dataset,,29.761,-95.37,-0500,Female,丙申,gregorian_year_ok,원숭이,,requires_solar_term_engine,甲申,庚午,computed_from_public_dataset_time,timed_birth_available_month_requires_solar_term,candidate_pool_with_time_seed_verify_before_final_match,{'rodden': 'AA'}
992,hf-famous-0992-anny-duperey,Anny Duperey,https://huggingface.co/datasets/vedastro-org/15000-Famous-People-Birth-Date-Location,public_figure_source_unclassified,,1947-06-28,08:55,timed_public_dataset,,49.442,1.098,+0100,Female,丁亥,gregorian_year_ok,돼지,,requires_solar_term_engine,戊寅,丙辰,computed_from_public_dataset_time,timed_birth_available_month_requires_solar_term,candidate_pool_with_time_seed_verify_before_final_match,{'rodden': 'AA'}
993,hf-famous-0993-anodea-judith,Anodea Judith,https://huggingface.co/datasets/vedastro-org/15000-Famous-People-Birth-Date-Location,public_figure_source_unclassified,,1952-12-01,20:18,timed_public_dataset,,41.368,-82.108,-0500,Female,壬辰,gregorian_year_ok,용,,requires_solar_term_engine,辛巳,戊戌,computed_from_public_dataset_time,timed_birth_available_month_requires_solar_term,candidate_pool_with_time_seed_verify_before_final_match,{'rodden': 'AA'}
994,hf-famous-0994-anouk-aim-e,Anouk Aimée,https://huggingface.co/datasets/vedastro-org/15000-Famous-People-Birth-Date-Location,public_figure_source_unclassified,,1932-04-27,12:00,timed_public_dataset,,48.857,2.351,+0100,Female,壬申,gregorian_year_ok,원숭이,,requires_solar_term_engine,戊午,戊午,computed_from_public_dataset_time,timed_birth_available_month_requires_solar_term,candidate_pool_with_time_seed_verify_before_final_match,{'rodden': 'AA'}
995,hf-famous-0995-anouk-grinberg,Anouk Grinberg,https://huggingface.co/datasets/vedastro-org/15000-Famous-People-Birth-Date-Location,public_figure_source_unclassified,,1963-03-20,23:35,timed_public_dataset,,50.811,4.354,+0100,Female,癸卯,gregorian_year_ok,토끼,,requires_solar_term_engine,壬戌,庚子,computed_from_public_dataset_time,timed_birth_available_month_requires_solar_term,candidate_pool_with_time_seed_verify_before_final_match,{'rodden': 'AA'}
996,hf-famous-0996-anselm-feuerbach,Anselm Feuerbach,https://huggingface.co/datasets/vedastro-org/15000-Famous-People-Birth-Date-Location,public_figure_source_unclassified,,1829-09-12,14:00,timed_public_dataset,,49.317,8.431,+0053,Male,己丑,gregorian_year_ok,소,,requires_solar_term_engine,丙子,乙未,computed_from_public_dataset_time,timed_birth_available_month_requires_solar_term,candidate_pool_with_time_seed_verify_before_final_match,{'rodden': 'AA'}
997,hf-famous-0997-anthony-charles-benik,Anthony Charles Benik,https://huggingface.co/datasets/vedastro-org/15000-Famous-People-Birth-Date-Location,public_figure_source_unclassified,,1930-12-30,10:00,timed_public_dataset,,41.883,-87.632,-0600,Male,庚午,gregorian_year_ok,말,,requires_solar_term_engine,甲寅,己巳,computed_from_public_dataset_time,timed_birth_available_month_requires_solar_term,candidate_pool_with_time_seed_verify_before_final_match,{'rodden': 'AA'}
998,hf-famous-0998-anthony-clemente,Anthony Clemente,https://huggingface.co/datasets/vedastro-org/15000-Famous-People-Birth-Date-Location,public_figure_source_unclassified,,1949-09-14,21:10,timed_public_dataset,,42.359,-71.059,-0400,Male,己丑,gregorian_year_ok,소,,requires_solar_term_engine,丁未,辛亥,computed_from_public_dataset_time,timed_birth_available_month_requires_solar_term,candidate_pool_with_time_seed_verify_before_final_match,{'rodden': 'AA'}
999,hf-famous-0999-anthony-david-lema,Anthony David Lema,https://huggingface.co/datasets/vedastro-org/15000-Famous-People-Birth-Date-Location,public_figure_source_unclassified,,1934-02-25,20:14,timed_public_dataset,,37.805,-122.272,-0800,Male,甲戌,gregorian_year_ok,개,,requires_solar_term_engine,丁卯,庚戌,computed_from_public_dataset_time,timed_birth_available_month_requires_solar_term,candidate_pool_with_time_seed_verify_before_final_match,{'rodden': 'AA'}
1000,hf-famous-1000-anthony-delon,Anthony Delon,https://huggingface.co/datasets/vedastro-org/15000-Famous-People-Birth-Date-Location,public_figure_source_unclassified,,1964-09-30,13:41,timed_public_dataset,,34.052,-118.243,-0700,Male,甲辰,gregorian_year_ok,용,,requires_solar_term_engine,壬午,丁未,computed_from_public_dataset_time,timed_birth_available_month_requires_solar_term,candidate_pool_with_time_seed_verify_before_final_match,{'rodden': 'AA'}
